  click null -> calc:控除額と節税額を計算する
  click inc-jigyo -> calc:控除額と節税額を計算する
  click inc-jigyo -> calc:控除額と節税額を計算する
  click inc-jigyo -> calc:控除額と節税額を計算する
  click null -> calc:控除額と節税額を計算する
aoiro-kojo#inc-jigyo: 動く（既定）
  click inc-fudosan -> calc:控除額と節税額を計算する
  click inc-fudosan -> calc:控除額と節税額を計算する
  click inc-fudosan -> calc:控除額と節税額を計算する
  click null -> calc:控除額と節税額を計算する
aoiro-kojo#inc-fudosan: 動く（既定）
  click inc-sanrin -> calc:控除額と節税額を計算する
  click inc-sanrin -> calc:控除額と節税額を計算する
  click inc-sanrin -> calc:控除額と節税額を計算する
  click null -> calc:控除額と節税額を計算する
aoiro-kojo#inc-sanrin: 動く（既定）
  click req-jigyoteki -> calc:控除額と節税額を計算する
  click req-jigyoteki -> calc:控除額と節税額を計算する
  click req-jigyoteki -> calc:控除額と節税額を計算する
  click req-jigyoteki -> calc:控除額と節税額を計算する
  click req-jigyoteki -> calc:控除額と節税額を計算する
  click req-jigyoteki -> calc:控除額と節税額を計算する
  click null -> calc:控除額と節税額を計算する
aoiro-kojo#req-jigyoteki: 動く（inc-jigyo=5000000）
  click req-fukushiki -> calc:控除額と節税額を計算する
  click req-fukushiki -> calc:控除額と節税額を計算する
  click req-fukushiki -> calc:控除額と節税額を計算する
  click req-fukushiki -> calc:控除額と節税額を計算する
  click req-fukushiki -> calc:控除額と節税額を計算する
  click req-fukushiki -> calc:控除額と節税額を計算する
  click null -> calc:控除額と節税額を計算する
aoiro-kojo#req-fukushiki: 動く（inc-jigyo=5000000）
  click req-kigennai -> calc:控除額と節税額を計算する
  click req-kigennai -> calc:控除額と節税額を計算する
  click req-kigennai -> calc:控除額と節税額を計算する
  click req-kigennai -> calc:控除額と節税額を計算する
  click req-kigennai -> calc:控除額と節税額を計算する
  click req-kigennai -> calc:控除額と節税額を計算する
  click null -> calc:控除額と節税額を計算する
aoiro-kojo#req-kigennai: 動く（inc-jigyo=5000000）
  click req-etaxOrYuryo -> calc:控除額と節税額を計算する
  click req-etaxOrYuryo -> calc:控除額と節税額を計算する
aoiro-kojo#req-etaxOrYuryo: 動く（when {"inc-jigyo":"5000000","req-jigyoteki":"true","req-fukushiki":"true","req-kigennai":"true"}）
  click req-genkinShugi -> calc:控除額と節税額を計算する
  click req-genkinShugi -> calc:控除額と節税額を計算する
  click req-genkinShugi -> calc:控除額と節税額を計算する
  click req-genkinShugi -> calc:控除額と節税額を計算する
  click req-genkinShugi -> calc:控除額と節税額を計算する
  click req-genkinShugi -> calc:控除額と節税額を計算する
  click null -> calc:控除額と節税額を計算する
aoiro-kojo#req-genkinShugi: 動く（inc-jigyo=5000000）
  click kazei -> calc:控除額と節税額を計算する
  click kazei -> calc:控除額と節税額を計算する
  click kazei -> calc:控除額と節税額を計算する
  click kazei -> calc:控除額と節税額を計算する
  click kazei -> calc:控除額と節税額を計算する
  click kazei -> calc:控除額と節税額を計算する
  click kazei -> calc:控除額と節税額を計算する
  click kazei -> calc:控除額と節税額を計算する
  click kazei -> calc:控除額と節税額を計算する
  click kazei -> calc:控除額と節税額を計算する
  click kazei -> calc:控除額と節税額を計算する
  click kazei -> calc:控除額と節税額を計算する
  click kazei -> calc:控除額と節税額を計算する
  click kazei -> calc:控除額と節税額を計算する
  click kazei -> calc:控除額と節税額を計算する
  click kazei -> calc:控除額と節税額を計算する
  click kazei -> calc:控除額と節税額を計算する
  click kazei -> calc:控除額と節税額を計算する
  click kazei -> calc:控除額と節税額を計算する
  click kazei -> calc:控除額と節税額を計算する
  click kazei -> calc:控除額と節税額を計算する
  click null -> calc:控除額と節税額を計算する
aoiro-kojo#kazei: 動く（inc-jigyo=5000000）
  click null -> calc:計算する
  click pref -> calc:計算する
  click pref -> calc:計算する
  click null -> calc:計算する
bonus-tedori#pref: 動く（既定）
  click age -> calc:計算する
  click age -> calc:計算する
  click null -> calc:計算する
bonus-tedori#age: 動く（既定）
  click bonus -> calc:計算する
  click bonus -> calc:計算する
  click null -> calc:計算する
bonus-tedori#bonus: 動く（既定）
  click zengetsu -> calc:計算する
  click zengetsu -> calc:計算する
  click null -> calc:計算する
bonus-tedori#zengetsu: 動く（既定）
  click dependents -> calc:計算する
  click dependents -> calc:計算する
  click null -> calc:計算する
bonus-tedori#dependents: 動く（既定）
  click gyoshu -> calc:計算する
  click gyoshu -> calc:計算する
  click null -> calc:計算する
bonus-tedori#gyoshu: 動く（既定）
  click over6 -> calc:計算する
  click over6 -> calc:計算する
  click over6 -> calc:計算する
  click over6 -> calc:計算する
  click over6 -> calc:計算する
  click over6 -> calc:計算する
  click over6 -> calc:計算する
  click over6 -> calc:計算する
  click over6 -> calc:計算する
  click over6 -> calc:計算する
  click over6 -> calc:計算する
  click over6 -> calc:計算する
  click over6 -> calc:計算する
  click over6 -> calc:計算する
  click over6 -> calc:計算する
  click over6 -> calc:計算する
  click over6 -> calc:計算する
  click over6 -> calc:計算する
  click over6 -> calc:計算する
  click over6 -> calc:計算する
  click over6 -> calc:計算する
  click over6 -> calc:計算する
  click over6 -> calc:計算する
  click over6 -> calc:計算する
  click over6 -> calc:計算する
  click over6 -> calc:計算する
  click over6 -> calc:計算する
  click over6 -> calc:計算する
  click over6 -> calc:計算する
  click over6 -> calc:計算する
  click over6 -> calc:計算する
  click over6 -> calc:計算する
  click null -> calc:計算する
bonus-tedori#over6: 動く（radio:zmode=nopaid）
  click yearpaid -> calc:計算する
  click yearpaid -> calc:計算する
  click yearpaid -> calc:計算する
  click yearpaid -> calc:計算する
  click null -> calc:計算する
bonus-tedori#yearpaid: 動く（既定）
  click radio:zmode -> calc:計算する
  click radio:zmode -> calc:計算する
  click null -> calc:計算する
bonus-tedori#radio:zmode: 動く（既定）
  click null -> calc:上限額を計算する
  click torihiki -> calc:上限額を計算する
  click torihiki -> calc:上限額を計算する
  click null -> calc:上限額を計算する
chukai-tesuryo#torihiki: 動く（既定）
  click sogaku -> calc:上限額を計算する
  click sogaku -> calc:上限額を計算する
  click null -> calc:上限額を計算する
chukai-tesuryo#sogaku: 動く（既定）
  click tatemono -> calc:上限額を計算する
  click tatemono -> calc:上限額を計算する
  click null -> calc:上限額を計算する
chukai-tesuryo#tatemono: 動く（既定）
  click tachiba -> calc:上限額を計算する
  click tachiba -> calc:上限額を計算する
  click null -> calc:上限額を計算する
chukai-tesuryo#tachiba: 動く（既定）
  click hidzuke -> calc:上限額を計算する
  click hidzuke -> calc:上限額を計算する
  click hidzuke -> calc:上限額を計算する
  click hidzuke -> calc:上限額を計算する
  click null -> calc:上限額を計算する
chukai-tesuryo#hidzuke: 動く（既定）
  click in-akiya -> calc:上限額を計算する
  click in-akiya -> calc:上限額を計算する
  click in-akiya -> calc:上限額を計算する
  click in-akiya -> calc:上限額を計算する
  click in-akiya -> calc:上限額を計算する
  click in-akiya -> calc:上限額を計算する
  click in-akiya -> calc:上限額を計算する
  click in-akiya -> calc:上限額を計算する
  click in-akiya -> calc:上限額を計算する
  click in-akiya -> calc:上限額を計算する
  click in-akiya -> calc:上限額を計算する
  click in-akiya -> calc:上限額を計算する
  click in-akiya -> calc:上限額を計算する
  click in-akiya -> calc:上限額を計算する
  click null -> calc:上限額を計算する
chukai-tesuryo#in-akiya: 動く（sogaku=3000000）
  click aiteHoshu -> calc:上限額を計算する
  click aiteHoshu -> calc:上限額を計算する
  click aiteHoshu -> calc:上限額を計算する
  click aiteHoshu -> calc:上限額を計算する
  click aiteHoshu -> calc:上限額を計算する
  click aiteHoshu -> calc:上限額を計算する
  click null -> calc:上限額を計算する
chukai-tesuryo#aiteHoshu: 動く（tachiba=dairi）
  click null -> calc:計算する
  click from -> calc:計算する
  click from -> calc:計算する
  click null -> calc:計算する
eigyobi#from: 動く（既定）
  click to -> calc:計算する
  click to -> calc:計算する
  click null -> calc:計算する
eigyobi#to: 動く（既定）
  click o-sat -> calc:計算する
  click o-sat -> calc:計算する
  click null -> calc:計算する
eigyobi#o-sat: 動く（既定）
  click o-sun -> calc:計算する
  click o-sun -> calc:計算する
  click null -> calc:計算する
eigyobi#o-sun: 動く（既定）
  click o-hol -> calc:計算する
  click o-hol -> calc:計算する
  click null -> calc:計算する
eigyobi#o-hol: 動く（既定）
  click o-ye -> calc:計算する
  click o-ye -> calc:計算する
  click o-ye -> calc:計算する
  click o-ye -> calc:計算する
  click o-ye -> calc:計算する
  click o-ye -> calc:計算する
  click o-ye -> calc:計算する
  click o-ye -> calc:計算する
  click o-ye -> calc:計算する
  click o-ye -> calc:計算する
  click o-ye -> calc:計算する
  click o-ye -> calc:計算する
  click null -> calc:計算する
eigyobi#o-ye: 動く（from=2025-08-28）
  click radio:edge -> calc:計算する
  click radio:edge -> calc:計算する
  click null -> calc:計算する
eigyobi#radio:edge: 動く（既定）
  click null -> calc:計算する
  click base -> calc:計算する
  click base -> calc:計算する
  click null -> calc:計算する
eigyobi#base: 動く（既定）
  click n -> calc:計算する
  click n -> calc:計算する
  click null -> calc:計算する
eigyobi#n: 動く（既定）
  click null -> calc:計算する
  click target -> calc:計算する
  click target -> calc:計算する
  click null -> calc:計算する
eigyobi#target: 動く（既定）
  click radio:adjmode -> calc:計算する
  click radio:adjmode -> calc:計算する
  click radio:adjmode -> calc:計算する
  click radio:adjmode -> calc:計算する
  click radio:adjmode -> calc:計算する
  click radio:adjmode -> calc:計算する
  click null -> calc:計算する
eigyobi#radio:adjmode: 動く（target=2027-11-06）
  click null -> calc:税額を計算する
  click shutokuBi -> calc:税額を計算する
  click shutokuBi -> calc:税額を計算する
  click null -> calc:税額を計算する
fudosan-jouto#shutokuBi: 動く（既定）
  click joutoBi -> calc:税額を計算する
  click joutoBi -> calc:税額を計算する
  click null -> calc:税額を計算する
fudosan-jouto#joutoBi: 動く（既定）
  click joutoKagaku -> calc:税額を計算する
  click joutoKagaku -> calc:税額を計算する
  click null -> calc:税額を計算する
fudosan-jouto#joutoKagaku: 動く（既定）
  click joutoHiyo -> calc:税額を計算する
  click joutoHiyo -> calc:税額を計算する
  click null -> calc:税額を計算する
fudosan-jouto#joutoHiyo: 動く（既定）
  click shutokuMode -> calc:税額を計算する
  click shutokuMode -> calc:税額を計算する
  click null -> calc:税額を計算する
fudosan-jouto#shutokuMode: 動く（既定）
  click tochiShutokuhi -> calc:税額を計算する
  click tochiShutokuhi -> calc:税額を計算する
  click null -> calc:税額を計算する
fudosan-jouto#tochiShutokuhi: 動く（既定）
  click tatemonoShutokuKagaku -> calc:税額を計算する
  click tatemonoShutokuKagaku -> calc:税額を計算する
  click null -> calc:税額を計算する
fudosan-jouto#tatemonoShutokuKagaku: 動く（既定）
  click kozoKey -> calc:税額を計算する
  click kozoKey -> calc:税額を計算する
  click null -> calc:税額を計算する
fudosan-jouto#kozoKey: 動く（既定）
  click jigyoYo -> calc:税額を計算する
  click jigyoYo -> calc:税額を計算する
  click null -> calc:税額を計算する
fudosan-jouto#jigyoYo: 動く（既定）
  click tokureiKey -> calc:税額を計算する
  click tokureiKey -> calc:税額を計算する
  click null -> calc:税額を計算する
fudosan-jouto#tokureiKey: 動く（既定）
  click null -> calc:不動産取得税を計算する
  click acquireDate -> calc:不動産取得税を計算する
  click acquireDate -> calc:不動産取得税を計算する
  click null -> calc:不動産取得税を計算する
fudosan-shutoku#acquireDate: 動く（既定）
  click landValue -> calc:不動産取得税を計算する
  click landValue -> calc:不動産取得税を計算する
  click null -> calc:不動産取得税を計算する
fudosan-shutoku#landValue: 動く（既定）
  click landArea -> calc:不動産取得税を計算する
  click landArea -> calc:不動産取得税を計算する
  click null -> calc:不動産取得税を計算する
fudosan-shutoku#landArea: 動く（既定）
  click isTakuchi -> calc:不動産取得税を計算する
  click isTakuchi -> calc:不動産取得税を計算する
  click null -> calc:不動産取得税を計算する
fudosan-shutoku#isTakuchi: 動く（既定）
  click landForHouse -> calc:不動産取得税を計算する
  click landForHouse -> calc:不動産取得税を計算する
  click null -> calc:不動産取得税を計算する
fudosan-shutoku#landForHouse: 動く（既定）
  click houseKind -> calc:不動産取得税を計算する
  click houseKind -> calc:不動産取得税を計算する
  click null -> calc:不動産取得税を計算する
fudosan-shutoku#houseKind: 動く（既定）
  click houseAcquisition -> calc:不動産取得税を計算する
  click houseAcquisition -> calc:不動産取得税を計算する
  click houseAcquisition -> calc:不動産取得税を計算する
  click houseAcquisition -> calc:不動産取得税を計算する
  click houseAcquisition -> calc:不動産取得税を計算する
  click houseAcquisition -> calc:不動産取得税を計算する
  click houseAcquisition -> calc:不動産取得税を計算する
  click houseAcquisition -> calc:不動産取得税を計算する
  click houseAcquisition -> calc:不動産取得税を計算する
  click houseAcquisition -> calc:不動産取得税を計算する
  click houseAcquisition -> calc:不動産取得税を計算する
  click houseAcquisition -> calc:不動産取得税を計算する
  click houseAcquisition -> calc:不動産取得税を計算する
  click houseAcquisition -> calc:不動産取得税を計算する
  click houseAcquisition -> calc:不動産取得税を計算する
  click houseAcquisition -> calc:不動産取得税を計算する
  click houseAcquisition -> calc:不動産取得税を計算する
  click houseAcquisition -> calc:不動産取得税を計算する
  click houseAcquisition -> calc:不動産取得税を計算する
  click houseAcquisition -> calc:不動産取得税を計算する
  click houseAcquisition -> calc:不動産取得税を計算する
  click houseAcquisition -> calc:不動産取得税を計算する
  click houseAcquisition -> calc:不動産取得税を計算する
  click houseAcquisition -> calc:不動産取得税を計算する
  click houseAcquisition -> calc:不動産取得税を計算する
  click houseAcquisition -> calc:不動産取得税を計算する
  click houseAcquisition -> calc:不動産取得税を計算する
  click houseAcquisition -> calc:不動産取得税を計算する
  click houseAcquisition -> calc:不動産取得税を計算する
  click houseAcquisition -> calc:不動産取得税を計算する
  click houseAcquisition -> calc:不動産取得税を計算する
  click houseAcquisition -> calc:不動産取得税を計算する
  click houseAcquisition -> calc:不動産取得税を計算する
  click houseAcquisition -> calc:不動産取得税を計算する
  click null -> calc:不動産取得税を計算する
fudosan-shutoku#houseAcquisition: 動く（houseValue=7500000）
  click houseValue -> calc:不動産取得税を計算する
  click houseValue -> calc:不動産取得税を計算する
  click null -> calc:不動産取得税を計算する
fudosan-shutoku#houseValue: 動く（既定）
  click houseFloor -> calc:不動産取得税を計算する
  click houseFloor -> calc:不動産取得税を計算する
  click null -> calc:不動産取得税を計算する
fudosan-shutoku#houseFloor: 動く（既定）
  click builtDate -> calc:不動産取得税を計算する
  click builtDate -> calc:不動産取得税を計算する
  click builtDate -> calc:不動産取得税を計算する
  click builtDate -> calc:不動産取得税を計算する
  click builtDate -> calc:不動産取得税を計算する
  click builtDate -> calc:不動産取得税を計算する
  click builtDate -> calc:不動産取得税を計算する
  click builtDate -> calc:不動産取得税を計算する
  click builtDate -> calc:不動産取得税を計算する
  click builtDate -> calc:不動産取得税を計算する
  click builtDate -> calc:不動産取得税を計算する
  click builtDate -> calc:不動産取得税を計算する
  click builtDate -> calc:不動産取得税を計算する
  click builtDate -> calc:不動産取得税を計算する
  click builtDate -> calc:不動産取得税を計算する
  click builtDate -> calc:不動産取得税を計算する
  click builtDate -> calc:不動産取得税を計算する
  click builtDate -> calc:不動産取得税を計算する
  click builtDate -> calc:不動産取得税を計算する
  click builtDate -> calc:不動産取得税を計算する
  click builtDate -> calc:不動産取得税を計算する
  click builtDate -> calc:不動産取得税を計算する
  click builtDate -> calc:不動産取得税を計算する
  click builtDate -> calc:不動産取得税を計算する
  click builtDate -> calc:不動産取得税を計算する
  click builtDate -> calc:不動産取得税を計算する
  click builtDate -> calc:不動産取得税を計算する
  click builtDate -> calc:不動産取得税を計算する
  click builtDate -> calc:不動産取得税を計算する
  click builtDate -> calc:不動産取得税を計算する
  click builtDate -> calc:不動産取得税を計算する
  click builtDate -> calc:不動産取得税を計算する
  click builtDate -> calc:不動産取得税を計算する
  click builtDate -> calc:不動産取得税を計算する
  click builtDate -> calc:不動産取得税を計算する
  click builtDate -> calc:不動産取得税を計算する
  click builtDate -> calc:不動産取得税を計算する
  click builtDate -> calc:不動産取得税を計算する
  click builtDate -> calc:不動産取得税を計算する
  click builtDate -> calc:不動産取得税を計算する
  click builtDate -> calc:不動産取得税を計算する
  click builtDate -> calc:不動産取得税を計算する
  click builtDate -> calc:不動産取得税を計算する
  click builtDate -> calc:不動産取得税を計算する
  click builtDate -> calc:不動産取得税を計算する
  click null -> calc:不動産取得税を計算する
fudosan-shutoku#builtDate: 動く（houseKind=chuko）
  click selfUse -> calc:不動産取得税を計算する
  click selfUse -> calc:不動産取得税を計算する
  click selfUse -> calc:不動産取得税を計算する
  click selfUse -> calc:不動産取得税を計算する
  click selfUse -> calc:不動産取得税を計算する
  click selfUse -> calc:不動産取得税を計算する
  click selfUse -> calc:不動産取得税を計算する
  click selfUse -> calc:不動産取得税を計算する
  click selfUse -> calc:不動産取得税を計算する
  click selfUse -> calc:不動産取得税を計算する
  click null -> calc:不動産取得税を計算する
fudosan-shutoku#selfUse: 動く（houseKind=chuko）
  click null -> calc:限度額を計算する
  click shunyu -> calc:限度額を計算する
  click shunyu -> calc:限度額を計算する
  click null -> calc:限度額を計算する
furusato#shunyu: 動く（既定）
  click age -> calc:限度額を計算する
  click age -> calc:限度額を計算する
  click age -> calc:限度額を計算する
  click age -> calc:限度額を計算する
  click age -> calc:限度額を計算する
  click age -> calc:限度額を計算する
  click age -> calc:限度額を計算する
  click age -> calc:限度額を計算する
  click age -> calc:限度額を計算する
  click age -> calc:限度額を計算する
  click age -> calc:限度額を計算する
  click age -> calc:限度額を計算する
  click age -> calc:限度額を計算する
  click age -> calc:限度額を計算する
  click age -> calc:限度額を計算する
  click age -> calc:限度額を計算する
  click age -> calc:限度額を計算する
  click age -> calc:限度額を計算する
  click age -> calc:限度額を計算する
  click age -> calc:限度額を計算する
  click age -> calc:限度額を計算する
  click age -> calc:限度額を計算する
  click age -> calc:限度額を計算する
  click age -> calc:限度額を計算する
  click age -> calc:限度額を計算する
  click age -> calc:限度額を計算する
  click age -> calc:限度額を計算する
  click age -> calc:限度額を計算する
  click age -> calc:限度額を計算する
  click age -> calc:限度額を計算する
  click age -> calc:限度額を計算する
  click age -> calc:限度額を計算する
  click age -> calc:限度額を計算する
  click age -> calc:限度額を計算する
  click age -> calc:限度額を計算する
  click age -> calc:限度額を計算する
  click age -> calc:限度額を計算する
  click age -> calc:限度額を計算する
  click age -> calc:限度額を計算する
  click age -> calc:限度額を計算する
  click age -> calc:限度額を計算する
  click age -> calc:限度額を計算する
  click age -> calc:限度額を計算する
  click age -> calc:限度額を計算する
  click age -> calc:限度額を計算する
  click null -> calc:限度額を計算する
furusato#age: 動く（shakai=）
  click ken -> calc:限度額を計算する
  click ken -> calc:限度額を計算する
  click ken -> calc:限度額を計算する
  click ken -> calc:限度額を計算する
  click ken -> calc:限度額を計算する
  click ken -> calc:限度額を計算する
  click ken -> calc:限度額を計算する
  click ken -> calc:限度額を計算する
  click ken -> calc:限度額を計算する
  click ken -> calc:限度額を計算する
  click ken -> calc:限度額を計算する
  click ken -> calc:限度額を計算する
  click ken -> calc:限度額を計算する
  click ken -> calc:限度額を計算する
  click ken -> calc:限度額を計算する
  click ken -> calc:限度額を計算する
  click ken -> calc:限度額を計算する
  click ken -> calc:限度額を計算する
  click ken -> calc:限度額を計算する
  click ken -> calc:限度額を計算する
  click ken -> calc:限度額を計算する
  click ken -> calc:限度額を計算する
  click ken -> calc:限度額を計算する
  click ken -> calc:限度額を計算する
  click ken -> calc:限度額を計算する
  click ken -> calc:限度額を計算する
  click ken -> calc:限度額を計算する
  click ken -> calc:限度額を計算する
  click ken -> calc:限度額を計算する
  click ken -> calc:限度額を計算する
  click ken -> calc:限度額を計算する
  click ken -> calc:限度額を計算する
  click ken -> calc:限度額を計算する
  click ken -> calc:限度額を計算する
  click ken -> calc:限度額を計算する
  click ken -> calc:限度額を計算する
  click ken -> calc:限度額を計算する
  click ken -> calc:限度額を計算する
  click null -> calc:限度額を計算する
furusato#ken: 動く（shakai=）
  click shakai -> calc:限度額を計算する
  click shakai -> calc:限度額を計算する
  click null -> calc:限度額を計算する
furusato#shakai: 動く（既定）
  click haigusha -> calc:限度額を計算する
  click haigusha -> calc:限度額を計算する
  click null -> calc:限度額を計算する
furusato#haigusha: 動く（既定）
  click fuyoIppan -> calc:限度額を計算する
  click fuyoIppan -> calc:限度額を計算する
  click null -> calc:限度額を計算する
furusato#fuyoIppan: 動く（既定）
  click fuyoTokutei -> calc:限度額を計算する
  click fuyoTokutei -> calc:限度額を計算する
  click null -> calc:限度額を計算する
furusato#fuyoTokutei: 動く（既定）
  click fuyoRojin -> calc:限度額を計算する
  click fuyoRojin -> calc:限度額を計算する
  click null -> calc:限度額を計算する
furusato#fuyoRojin: 動く（既定）
  click fuyoNensho -> calc:限度額を計算する
  click fuyoNensho -> calc:限度額を計算する
  click null -> calc:限度額を計算する
furusato#fuyoNensho: 動く（既定）
  click sonotaKojo -> calc:限度額を計算する
  click sonotaKojo -> calc:限度額を計算する
  click null -> calc:限度額を計算する
furusato#sonotaKojo: 動く（既定）
  click sonotaShotoku -> calc:限度額を計算する
  click sonotaShotoku -> calc:限度額を計算する
  click null -> calc:限度額を計算する
furusato#sonotaShotoku: 動く（既定）
  click fuyoDokyoRooya -> calc:限度額を計算する
  click fuyoDokyoRooya -> calc:限度額を計算する
  click null -> calc:限度額を計算する
furusato#fuyoDokyoRooya: 動く（既定）
  click jutakuKoujo -> calc:限度額を計算する
  click jutakuKoujo -> calc:限度額を計算する
  click null -> calc:限度額を計算する
furusato#jutakuKoujo: 動く（既定）
  click hitorioya -> calc:限度額を計算する
  click hitorioya -> calc:限度額を計算する
  click null -> calc:限度額を計算する
furusato#hitorioya: 動く（既定）
  click hitorioyaSei -> calc:限度額を計算する
  click hitorioyaSei -> calc:限度額を計算する
furusato#hitorioyaSei: 動く（when {"hitorioya":"true","shunyu":"3000000"}）
  click kafu -> calc:限度額を計算する
  click kafu -> calc:限度額を計算する
  click null -> calc:限度額を計算する
furusato#kafu: 動く（既定）
  click shogai -> calc:限度額を計算する
  click shogai -> calc:限度額を計算する
  click null -> calc:限度額を計算する
furusato#shogai: 動く（既定）
  click honninShogai -> calc:限度額を計算する
  click honninShogai -> calc:限度額を計算する
  click null -> calc:限度額を計算する
furusato#honninShogai: 動く（既定）
  click gakusei -> calc:限度額を計算する
  click gakusei -> calc:限度額を計算する
  click null -> calc:限度額を計算する
furusato#gakusei: 動く（既定）
  click shotokuChoseiEligible -> calc:限度額を計算する
  click shotokuChoseiEligible -> calc:限度額を計算する
furusato#shotokuChoseiEligible: 動く（when {"shunyu":"9000000","fuyoNensho":"0","fuyoTokutei":"0"}）
  click kifu -> calc:限度額を計算する
  click kifu -> calc:限度額を計算する
  click null -> calc:限度額を計算する
furusato#kifu: 動く（既定）
  click null -> calc:節税額を計算する
  click n-ippan -> calc:節税額を計算する
  click n-ippan -> calc:節税額を計算する
  click null -> calc:節税額を計算する
fuyo-kojo#n-ippan: 動く（既定）
  click n-tokutei -> calc:節税額を計算する
  click n-tokutei -> calc:節税額を計算する
  click null -> calc:節税額を計算する
fuyo-kojo#n-tokutei: 動く（既定）
  click n-rojin -> calc:節税額を計算する
  click n-rojin -> calc:節税額を計算する
  click null -> calc:節税額を計算する
fuyo-kojo#n-rojin: 動く（既定）
  click n-dokyo_rojin -> calc:節税額を計算する
  click n-dokyo_rojin -> calc:節税額を計算する
  click null -> calc:節税額を計算する
fuyo-kojo#n-dokyo_rojin: 動く（既定）
  click kazei -> calc:節税額を計算する
  click kazei -> calc:節税額を計算する
  click kazei -> calc:節税額を計算する
  click kazei -> calc:節税額を計算する
  click kazei -> calc:節税額を計算する
  click kazei -> calc:節税額を計算する
  click kazei -> calc:節税額を計算する
  click kazei -> calc:節税額を計算する
  click kazei -> calc:節税額を計算する
  click kazei -> calc:節税額を計算する
  click kazei -> calc:節税額を計算する
  click kazei -> calc:節税額を計算する
  click kazei -> calc:節税額を計算する
  click null -> calc:節税額を計算する
fuyo-kojo#kazei: 動く（n-ippan=1）
  click null -> calc:減価償却費を計算する
  click assettype -> calc:減価償却費を計算する
  click assettype -> calc:減価償却費を計算する
  click null -> calc:減価償却費を計算する
genka#assettype: 動く（既定）
  click method -> calc:減価償却費を計算する
  click method -> calc:減価償却費を計算する
  click null -> calc:減価償却費を計算する
genka#method: 動く（既定）
  click cost -> calc:減価償却費を計算する
  click cost -> calc:減価償却費を計算する
  click null -> calc:減価償却費を計算する
genka#cost: 動く（既定）
  click life -> calc:減価償却費を計算する
  click life -> calc:減価償却費を計算する
  click null -> calc:減価償却費を計算する
genka#life: 動く（既定）
  click acqyear -> calc:減価償却費を計算する
  click acqyear -> calc:減価償却費を計算する
  click null -> calc:減価償却費を計算する
genka#acqyear: 動く（既定）
  click acqmonth -> calc:減価償却費を計算する
  click acqmonth -> calc:減価償却費を計算する
  click null -> calc:減価償却費を計算する
genka#acqmonth: 動く（既定）
  click serviceym -> calc:減価償却費を計算する
  click serviceym -> calc:減価償却費を計算する
  click null -> calc:減価償却費を計算する
genka#serviceym: 動く（既定）
  click ratio -> calc:減価償却費を計算する
  click ratio -> calc:減価償却費を計算する
  click null -> calc:減価償却費を計算する
genka#ratio: 動く（既定）
  click chuko-houtei -> chuko-calc:簡便法で耐用年数を計算する
  click chuko-houtei -> chuko-calc:簡便法で耐用年数を計算する
  click null -> calc:減価償却費を計算する
genka#chuko-houtei: 動く（既定）
  click chuko-keika-y -> chuko-calc:簡便法で耐用年数を計算する
  click chuko-keika-y -> chuko-calc:簡便法で耐用年数を計算する
  click null -> calc:減価償却費を計算する
genka#chuko-keika-y: 動く（既定）
  click chuko-keika-m -> chuko-calc:簡便法で耐用年数を計算する
  click chuko-keika-m -> chuko-calc:簡便法で耐用年数を計算する
  click null -> calc:減価償却費を計算する
genka#chuko-keika-m: 動く（既定）
  click chuko-shishutsu -> chuko-calc:簡便法で耐用年数を計算する
  click chuko-shishutsu -> chuko-calc:簡便法で耐用年数を計算する
  click null -> calc:減価償却費を計算する
genka#chuko-shishutsu: 動く（既定）
  click null -> calcK:計算する
  click amount -> calcK:計算する
  click amount -> calcK:計算する
  click null -> calcK:計算する
gensen-choshu#amount: 動く（既定）
  click fuyo -> calcK:計算する
  click fuyo -> calcK:計算する
  click null -> calcK:計算する
gensen-choshu#fuyo: 動く（既定）
  click shogaisha -> calcK:計算する
  click shogaisha -> calcK:計算する
  click null -> calcK:計算する
gensen-choshu#shogaisha: 動く（既定）
  click kafu -> calcK:計算する
  click kafu -> calcK:計算する
  click null -> calcK:計算する
gensen-choshu#kafu: 動く（既定）
  click hitorioya -> calcK:計算する
  click hitorioya -> calcK:計算する
  click null -> calcK:計算する
gensen-choshu#hitorioya: 動く（既定）
  click kinro -> calcK:計算する
  click kinro -> calcK:計算する
  click null -> calcK:計算する
gensen-choshu#kinro: 動く（既定）
  click fuyoShogai -> calcK:計算する
  click fuyoShogai -> calcK:計算する
  click null -> calcK:計算する
gensen-choshu#fuyoShogai: 動く（既定）
  click radio:ran -> calcK:計算する
  click radio:ran -> calcK:計算する
  click null -> calcK:計算する
gensen-choshu#radio:ran: 動く（既定）
  click null -> calcS:計算する
  click shoyoAmt -> calcS:計算する
  click shoyoAmt -> calcS:計算する
  click null -> calcS:計算する
gensen-choshu#shoyoAmt: 動く（既定）
  click shoyoIns -> calcS:計算する
  click shoyoIns -> calcS:計算する
  click null -> calcS:計算する
gensen-choshu#shoyoIns: 動く（既定）
  click zenPaid -> calcS:計算する
  click zenPaid -> calcS:計算する
  click null -> calcS:計算する
gensen-choshu#zenPaid: 動く（既定）
  click zenAmt -> calcS:計算する
  click zenAmt -> calcS:計算する
  click null -> calcS:計算する
gensen-choshu#zenAmt: 動く（既定）
  click zenIns -> calcS:計算する
  click zenIns -> calcS:計算する
  click null -> calcS:計算する
gensen-choshu#zenIns: 動く（既定）
  click fuyoS -> calcS:計算する
  click fuyoS -> calcS:計算する
  click null -> calcS:計算する
gensen-choshu#fuyoS: 動く（既定）
  click shogaishaS -> calcS:計算する
  click shogaishaS -> calcS:計算する
  click null -> calcS:計算する
gensen-choshu#shogaishaS: 動く（既定）
  click kafuS -> calcS:計算する
  click kafuS -> calcS:計算する
  click null -> calcS:計算する
gensen-choshu#kafuS: 動く（既定）
  click hitorioyaS -> calcS:計算する
  click hitorioyaS -> calcS:計算する
  click null -> calcS:計算する
gensen-choshu#hitorioyaS: 動く（既定）
  click kinroS -> calcS:計算する
  click kinroS -> calcS:計算する
  click null -> calcS:計算する
gensen-choshu#kinroS: 動く（既定）
  click fuyoShogaiS -> calcS:計算する
  click fuyoShogaiS -> calcS:計算する
  click null -> calcS:計算する
gensen-choshu#fuyoShogaiS: 動く（既定）
  click monthsS -> calcS:計算する
  click monthsS -> calcS:計算する
  click monthsS -> calcS:計算する
  click monthsS -> calcS:計算する
  click monthsS -> calcS:計算する
  click monthsS -> calcS:計算する
  click monthsS -> calcS:計算する
  click monthsS -> calcS:計算する
  click monthsS -> calcS:計算する
  click monthsS -> calcS:計算する
  click monthsS -> calcS:計算する
  click monthsS -> calcS:計算する
  click monthsS -> calcS:計算する
  click monthsS -> calcS:計算する
  click monthsS -> calcS:計算する
  click monthsS -> calcS:計算する
  click null -> calcS:計算する
gensen-choshu#monthsS: 動く（zenAmt=）
  click radio:ranS -> calcS:計算する
  click radio:ranS -> calcS:計算する
  click null -> calcS:計算する
gensen-choshu#radio:ranS: 動く（既定）
  click null -> calc:計算する
  click kind -> calc:計算する
  click kind -> calc:計算する
  click null -> calc:計算する
gensen-choshu#kind: 動く（既定）
  click fee -> calc:計算する
  click fee -> calc:計算する
  click null -> calc:計算する
gensen-choshu#fee: 動く（既定）
  click radio:tax -> calc:計算する
  click radio:tax -> calc:計算する
  click null -> calc:計算する
gensen-choshu#radio:tax: 動く（既定）
  click null -> 
  click nencho -> 
  click nencho -> 
  click null -> 
gensen-hyo#nencho: 動く（既定）
  click shiharai -> 
  click shiharai -> 
  click null -> 
gensen-hyo#shiharai: 動く（既定）
  click zeigaku -> 
  click zeigaku -> 
  click null -> 
gensen-hyo#zeigaku: 動く（既定）
  click shakai -> 
  click shakai -> 
  click null -> 
gensen-hyo#shakai: 動く（既定）
  click kiso -> 
  click kiso -> 
  click null -> 
gensen-hyo#kiso: 動く（既定）
  click seimei -> 
  click seimei -> 
  click null -> 
gensen-hyo#seimei: 動く（既定）
  click jishin -> 
  click jishin -> 
  click null -> 
gensen-hyo#jishin: 動く（既定）
  click jinteki -> 
  click jinteki -> 
  click null -> 
gensen-hyo#jinteki: 動く（既定）
  click null -> calc:節税額を計算する
  click honnin -> calc:節税額を計算する
  click honnin -> calc:節税額を計算する
  click null -> calc:節税額を計算する
haigusha-kojo#honnin: 動く（既定）
  click htype -> calc:節税額を計算する
  click htype -> calc:節税額を計算する
  click null -> calc:節税額を計算する
haigusha-kojo#htype: 動く（既定）
  click hincome -> calc:節税額を計算する
  click hincome -> calc:節税額を計算する
  click null -> calc:節税額を計算する
haigusha-kojo#hincome: 動く（既定）
  click rojin -> calc:節税額を計算する
  click rojin -> calc:節税額を計算する
  click null -> calc:節税額を計算する
haigusha-kojo#rojin: 動く（既定）
  click kazei -> calc:節税額を計算する
  click kazei -> calc:節税額を計算する
  click null -> calc:節税額を計算する
haigusha-kojo#kazei: 動く（既定）
  click null -> calc:住民税非課税世帯かどうかを判定す
  click in-kyuchi -> calc:住民税非課税世帯かどうかを判定す
  click in-kyuchi -> calc:住民税非課税世帯かどうかを判定す
  click null -> calc:住民税非課税世帯かどうかを判定す
hikazei-setai#in-kyuchi: 動く（既定）
  click zeisei -> calc:住民税非課税世帯かどうかを判定す
  click zeisei -> calc:住民税非課税世帯かどうかを判定す
  click null -> calc:住民税非課税世帯かどうかを判定す
hikazei-setai#zeisei: 動く（既定）
  click ninzu -> calc:住民税非課税世帯かどうかを判定す
  click ninzu -> calc:住民税非課税世帯かどうかを判定す
  click null -> calc:住民税非課税世帯かどうかを判定す
hikazei-setai#ninzu: 動く（既定）
  click m1_zokugara -> calc:住民税非課税世帯かどうかを判定す
  click m1_zokugara -> calc:住民税非課税世帯かどうかを判定す
  click null -> calc:住民税非課税世帯かどうかを判定す
hikazei-setai#m1_zokugara: 動く（既定）
  click m1_age -> calc:住民税非課税世帯かどうかを判定す
  click m1_age -> calc:住民税非課税世帯かどうかを判定す
  click null -> calc:住民税非課税世帯かどうかを判定す
hikazei-setai#m1_age: 動く（既定）
  click m1_nenkin -> calc:住民税非課税世帯かどうかを判定す
  click m1_nenkin -> calc:住民税非課税世帯かどうかを判定す
  click null -> calc:住民税非課税世帯かどうかを判定す
hikazei-setai#m1_nenkin: 動く（既定）
  click m1_kyuyo -> calc:住民税非課税世帯かどうかを判定す
  click m1_kyuyo -> calc:住民税非課税世帯かどうかを判定す
  click null -> calc:住民税非課税世帯かどうかを判定す
hikazei-setai#m1_kyuyo: 動く（既定）
  click m1_sonota -> calc:住民税非課税世帯かどうかを判定す
  click m1_sonota -> calc:住民税非課税世帯かどうかを判定す
  click null -> calc:住民税非課税世帯かどうかを判定す
hikazei-setai#m1_sonota: 動く（既定）
  click m1_tokurei -> calc:住民税非課税世帯かどうかを判定す
  click m1_tokurei -> calc:住民税非課税世帯かどうかを判定す
  click null -> calc:住民税非課税世帯かどうかを判定す
hikazei-setai#m1_tokurei: 動く（既定）
  click m2_zokugara -> calc:住民税非課税世帯かどうかを判定す
  click m2_zokugara -> calc:住民税非課税世帯かどうかを判定す
  click null -> calc:住民税非課税世帯かどうかを判定す
hikazei-setai#m2_zokugara: 動く（既定）
  click m2_age -> calc:住民税非課税世帯かどうかを判定す
  click m2_age -> calc:住民税非課税世帯かどうかを判定す
  click null -> calc:住民税非課税世帯かどうかを判定す
hikazei-setai#m2_age: 動く（既定）
  click m2_nenkin -> calc:住民税非課税世帯かどうかを判定す
  click m2_nenkin -> calc:住民税非課税世帯かどうかを判定す
  click m2_nenkin -> calc:住民税非課税世帯かどうかを判定す
  click null -> calc:住民税非課税世帯かどうかを判定す
hikazei-setai#m2_nenkin: 動く（既定）
  click m2_kyuyo -> calc:住民税非課税世帯かどうかを判定す
  click m2_kyuyo -> calc:住民税非課税世帯かどうかを判定す
  click null -> calc:住民税非課税世帯かどうかを判定す
hikazei-setai#m2_kyuyo: 動く（既定）
  click m2_sonota -> calc:住民税非課税世帯かどうかを判定す
  click m2_sonota -> calc:住民税非課税世帯かどうかを判定す
  click null -> calc:住民税非課税世帯かどうかを判定す
hikazei-setai#m2_sonota: 動く（既定）
  click m2_tokurei -> calc:住民税非課税世帯かどうかを判定す
  click m2_tokurei -> calc:住民税非課税世帯かどうかを判定す
  click null -> calc:住民税非課税世帯かどうかを判定す
hikazei-setai#m2_tokurei: 動く（既定）
  click null -> calc:どちらに当てはまるか判定する
  click other-fuyo -> calc:どちらに当てはまるか判定する
  click other-fuyo -> calc:どちらに当てはまるか判定する
  click other-fuyo -> calc:どちらに当てはまるか判定する
  click other-fuyo -> calc:どちらに当てはまるか判定する
  click other-fuyo -> calc:どちらに当てはまるか判定する
  click other-fuyo -> calc:どちらに当てはまるか判定する
  click other-fuyo -> calc:どちらに当てはまるか判定する
  click other-fuyo -> calc:どちらに当てはまるか判定する
  click other-fuyo -> calc:どちらに当てはまるか判定する
  click other-fuyo -> calc:どちらに当てはまるか判定する
  click other-fuyo -> calc:どちらに当てはまるか判定する
  click other-fuyo -> calc:どちらに当てはまるか判定する
  click other-fuyo -> calc:どちらに当てはまるか判定する
  click other-fuyo -> calc:どちらに当てはまるか判定する
  click other-fuyo -> calc:どちらに当てはまるか判定する
  click other-fuyo -> calc:どちらに当てはまるか判定する
  click other-fuyo -> calc:どちらに当てはまるか判定する
  click other-fuyo -> calc:どちらに当てはまるか判定する
  click other-fuyo -> calc:どちらに当てはまるか判定する
  click other-fuyo -> calc:どちらに当てはまるか判定する
  click other-fuyo -> calc:どちらに当てはまるか判定する
  click other-fuyo -> calc:どちらに当てはまるか判定する
  click other-fuyo -> calc:どちらに当てはまるか判定する
  click other-fuyo -> calc:どちらに当てはまるか判定する
  click other-fuyo -> calc:どちらに当てはまるか判定する
  click other-fuyo -> calc:どちらに当てはまるか判定する
  click null -> calc:どちらに当てはまるか判定する
hitorioya-kojo#other-fuyo: 動く（radio:child=not_qualified）
  click jijitsukon -> calc:どちらに当てはまるか判定する
  click jijitsukon -> calc:どちらに当てはまるか判定する
  click null -> calc:どちらに当てはまるか判定する
hitorioya-kojo#jijitsukon: 動く（既定）
  click income -> calc:どちらに当てはまるか判定する
  click income -> calc:どちらに当てはまるか判定する
  click null -> calc:どちらに当てはまるか判定する
hitorioya-kojo#income: 動く（既定）
  click kazei -> calc:どちらに当てはまるか判定する
  click kazei -> calc:どちらに当てはまるか判定する
  click null -> calc:どちらに当てはまるか判定する
hitorioya-kojo#kazei: 動く（既定）
  click radio:marital -> calc:どちらに当てはまるか判定する
  click radio:marital -> calc:どちらに当てはまるか判定する
  click radio:marital -> calc:どちらに当てはまるか判定する
  click radio:marital -> calc:どちらに当てはまるか判定する
  click radio:marital -> calc:どちらに当てはまるか判定する
  click null -> calc:どちらに当てはまるか判定する
hitorioya-kojo#radio:marital: 動く（既定）
  click radio:sex -> calc:どちらに当てはまるか判定する
  click radio:sex -> calc:どちらに当てはまるか判定する
  click radio:sex -> calc:どちらに当てはまるか判定する
  click radio:sex -> calc:どちらに当てはまるか判定する
  click radio:sex -> calc:どちらに当てはまるか判定する
  click radio:sex -> calc:どちらに当てはまるか判定する
  click radio:sex -> calc:どちらに当てはまるか判定する
  click radio:sex -> calc:どちらに当てはまるか判定する
  click radio:sex -> calc:どちらに当てはまるか判定する
  click radio:sex -> calc:どちらに当てはまるか判定する
  click radio:sex -> calc:どちらに当てはまるか判定する
  click radio:sex -> calc:どちらに当てはまるか判定する
  click radio:sex -> calc:どちらに当てはまるか判定する
  click radio:sex -> calc:どちらに当てはまるか判定する
  click radio:sex -> calc:どちらに当てはまるか判定する
  click radio:sex -> calc:どちらに当てはまるか判定する
  click radio:sex -> calc:どちらに当てはまるか判定する
  click radio:sex -> calc:どちらに当てはまるか判定する
  click radio:sex -> calc:どちらに当てはまるか判定する
  click radio:sex -> calc:どちらに当てはまるか判定する
  click radio:sex -> calc:どちらに当てはまるか判定する
  click radio:sex -> calc:どちらに当てはまるか判定する
  click radio:sex -> calc:どちらに当てはまるか判定する
  click radio:sex -> calc:どちらに当てはまるか判定する
  click radio:sex -> calc:どちらに当てはまるか判定する
  click radio:sex -> calc:どちらに当てはまるか判定する
  click null -> calc:どちらに当てはまるか判定する
hitorioya-kojo#radio:sex: 動く（radio:child=not_qualified）
  click radio:child -> calc:どちらに当てはまるか判定する
  click radio:child -> calc:どちらに当てはまるか判定する
  click null -> calc:どちらに当てはまるか判定する
hitorioya-kojo#radio:child: 動く（既定）
  click radio:income-mode -> calc:どちらに当てはまるか判定する
  click radio:income-mode -> calc:どちらに当てはまるか判定する
  click null -> calc:どちらに当てはまるか判定する
hitorioya-kojo#radio:income-mode: 動く（既定）
  click null -> 
  click shotoku -> 
  click shotoku -> 
  click null -> 
hojinzei#shotoku: 動く（既定）
  click tsukisu -> 
  click tsukisu -> 
  click null -> 
hojinzei#tsukisu: 動く（既定）
  click chusho -> 
  click chusho -> 
  click null -> 
hojinzei#chusho: 動く（既定）
  click tokurei -> 
  click tokurei -> 
  click null -> 
hojinzei#tokurei: 動く（既定）
  click null -> 
  click kakutei -> 
  click kakutei -> 
  click null -> 
hojokin-zeimu#kakutei: 動く（既定）
  click shutoku -> 
  click shutoku -> 
  click null -> 
hojokin-zeimu#shutoku: 動く（既定）
  click tokubetsu -> 
  click tokubetsu -> 
  click null -> 
hojokin-zeimu#tokubetsu: 動く（既定）
  click hojokin -> 
  click hojokin -> 
  click null -> 
hojokin-zeimu#hojokin: 動く（既定）
  click shutoku-kagaku -> 
  click shutoku-kagaku -> 
  click null -> 
hojokin-zeimu#shutoku-kagaku: 動く（既定）
  click houshiki -> 
  click houshiki -> 
  click null -> 
hojokin-zeimu#houshiki: 動く（既定）
  click ritsu -> 
  click ritsu -> 
  click null -> 
hojokin-zeimu#ritsu: 動く（既定）
  click tsukisu -> 
  click tsukisu -> 
  click null -> 
hojokin-zeimu#tsukisu: 動く（既定）
  click null -> 
  click hyojun -> 
  click hyojun -> 
  click null -> 
hotei-fukuri#hyojun: 動く（既定）
  click chingin -> 
  click chingin -> 
  click null -> 
hotei-fukuri#chingin: 動く（既定）
  click ken -> 
  click ken -> 
  click null -> 
hotei-fukuri#ken: 動く（既定）
  click koyou -> 
  click koyou -> 
  click null -> 
hotei-fukuri#koyou: 動く（既定）
  click gyoshu -> 
  click gyoshu -> 
  click null -> 
hotei-fukuri#gyoshu: 動く（既定）
  click kaigo -> 
  click kaigo -> 
  click null -> 
hotei-fukuri#kaigo: 動く（既定）
  click null -> calc:節税額を計算する
  click kubun -> calc:節税額を計算する
  click kubun -> calc:節税額を計算する
  click null -> calc:節税額を計算する
ideco-setsuzei#kubun: 動く（既定）
  click kazei -> calc:節税額を計算する
  click kazei -> calc:節税額を計算する
  click null -> calc:節税額を計算する
ideco-setsuzei#kazei: 動く（既定）
  click otherMonthly -> calc:節税額を計算する
  click otherMonthly -> calc:節税額を計算する
  click otherMonthly -> calc:節税額を計算する
  click otherMonthly -> calc:節税額を計算する
  click otherMonthly -> calc:節税額を計算する
  click otherMonthly -> calc:節税額を計算する
  click otherMonthly -> calc:節税額を計算する
  click otherMonthly -> calc:節税額を計算する
  click otherMonthly -> calc:節税額を計算する
  click otherMonthly -> calc:節税額を計算する
  click otherMonthly -> calc:節税額を計算する
  click otherMonthly -> calc:節税額を計算する
  click otherMonthly -> calc:節税額を計算する
  click otherMonthly -> calc:節税額を計算する
  click otherMonthly -> calc:節税額を計算する
  click otherMonthly -> calc:節税額を計算する
  click otherMonthly -> calc:節税額を計算する
  click otherMonthly -> calc:節税額を計算する
  click otherMonthly -> calc:節税額を計算する
  click otherMonthly -> calc:節税額を計算する
  click otherMonthly -> calc:節税額を計算する
  click otherMonthly -> calc:節税額を計算する
  click otherMonthly -> calc:節税額を計算する
  click otherMonthly -> calc:節税額を計算する
  click otherMonthly -> calc:節税額を計算する
  click otherMonthly -> calc:節税額を計算する
  click otherMonthly -> calc:節税額を計算する
  click otherMonthly -> calc:節税額を計算する
  click otherMonthly -> calc:節税額を計算する
  click otherMonthly -> calc:節税額を計算する
  click otherMonthly -> calc:節税額を計算する
  click otherMonthly -> calc:節税額を計算する
  click otherMonthly -> calc:節税額を計算する
  click otherMonthly -> calc:節税額を計算する
  click otherMonthly -> calc:節税額を計算する
  click otherMonthly -> calc:節税額を計算する
  click otherMonthly -> calc:節税額を計算する
  click otherMonthly -> calc:節税額を計算する
  click otherMonthly -> calc:節税額を計算する
  click otherMonthly -> calc:節税額を計算する
  click otherMonthly -> calc:節税額を計算する
  click otherMonthly -> calc:節税額を計算する
  click otherMonthly -> calc:節税額を計算する
  click otherMonthly -> calc:節税額を計算する
  click otherMonthly -> calc:節税額を計算する
  click otherMonthly -> calc:節税額を計算する
  click otherMonthly -> calc:節税額を計算する
  click otherMonthly -> calc:節税額を計算する
  click otherMonthly -> calc:節税額を計算する
  click otherMonthly -> calc:節税額を計算する
  click otherMonthly -> calc:節税額を計算する
  click otherMonthly -> calc:節税額を計算する
  click otherMonthly -> calc:節税額を計算する
  click otherMonthly -> calc:節税額を計算する
  click otherMonthly -> calc:節税額を計算する
  click otherMonthly -> calc:節税額を計算する
  click otherMonthly -> calc:節税額を計算する
  click otherMonthly -> calc:節税額を計算する
  click otherMonthly -> calc:節税額を計算する
  click otherMonthly -> calc:節税額を計算する
  click otherMonthly -> calc:節税額を計算する
  click otherMonthly -> calc:節税額を計算する
  click otherMonthly -> calc:節税額を計算する
  click otherMonthly -> calc:節税額を計算する
  click otherMonthly -> calc:節税額を計算する
  click otherMonthly -> calc:節税額を計算する
  click otherMonthly -> calc:節税額を計算する
  click otherMonthly -> calc:節税額を計算する
  click otherMonthly -> calc:節税額を計算する
  click otherMonthly -> calc:節税額を計算する
  click otherMonthly -> calc:節税額を計算する
  click otherMonthly -> calc:節税額を計算する
  click otherMonthly -> calc:節税額を計算する
  click otherMonthly -> calc:節税額を計算する
  click otherMonthly -> calc:節税額を計算する
  click otherMonthly -> calc:節税額を計算する
  click otherMonthly -> calc:節税額を計算する
  click otherMonthly -> calc:節税額を計算する
  click otherMonthly -> calc:節税額を計算する
  click otherMonthly -> calc:節税額を計算する
  click otherMonthly -> calc:節税額を計算する
  click otherMonthly -> calc:節税額を計算する
  click otherMonthly -> calc:節税額を計算する
  click otherMonthly -> calc:節税額を計算する
  click otherMonthly -> calc:節税額を計算する
  click otherMonthly -> calc:節税額を計算する
  click otherMonthly -> calc:節税額を計算する
  click otherMonthly -> calc:節税額を計算する
  click otherMonthly -> calc:節税額を計算する
  click otherMonthly -> calc:節税額を計算する
  click otherMonthly -> calc:節税額を計算する
  click otherMonthly -> calc:節税額を計算する
  click otherMonthly -> calc:節税額を計算する
  click otherMonthly -> calc:節税額を計算する
  click otherMonthly -> calc:節税額を計算する
  click otherMonthly -> calc:節税額を計算する
  click otherMonthly -> calc:節税額を計算する
  click null -> calc:節税額を計算する
ideco-setsuzei#otherMonthly: 動く（kubun=jieigyo）
  click monthly -> calc:節税額を計算する
  click monthly -> calc:節税額を計算する
  click null -> calc:節税額を計算する
ideco-setsuzei#monthly: 動く（既定）
  click monthlyB -> calc:節税額を計算する
  click monthlyB -> calc:節税額を計算する
  click null -> calc:節税額を計算する
ideco-setsuzei#monthlyB: 動く（既定）
  click null -> calc:育児休業給付金を計算する
  click monthly -> calc:育児休業給付金を計算する
  click monthly -> calc:育児休業給付金を計算する
  click null -> calc:育児休業給付金を計算する
ikuji#monthly: 動く（既定）
  click startDate -> calc:育児休業給付金を計算する
  click startDate -> calc:育児休業給付金を計算する
  click null -> calc:育児休業給付金を計算する
ikuji#startDate: 動く（既定）
  click priorShusshojiDays -> calc:育児休業給付金を計算する
  click priorShusshojiDays -> calc:育児休業給付金を計算する
  click null -> calc:育児休業給付金を計算する
ikuji#priorShusshojiDays: 動く（既定）
  click leaveDays -> calc:育児休業給付金を計算する
  click leaveDays -> calc:育児休業給付金を計算する
  click null -> calc:育児休業給付金を計算する
ikuji#leaveDays: 動く（既定）
  click shienOwnDays -> calc:育児休業給付金を計算する
  click shienOwnDays -> calc:育児休業給付金を計算する
  click shienOwnDays -> calc:育児休業給付金を計算する
  click shienOwnDays -> calc:育児休業給付金を計算する
  click null -> calc:育児休業給付金を計算する
ikuji#shienOwnDays: 動く（既定）
  click shienPaidDays -> calc:育児休業給付金を計算する
  click shienPaidDays -> calc:育児休業給付金を計算する
  click null -> calc:育児休業給付金を計算する
ikuji#shienPaidDays: 動く（既定）
  click shienSpouseDays -> calc:育児休業給付金を計算する
  click shienSpouseDays -> calc:育児休業給付金を計算する
  click null -> calc:育児休業給付金を計算する
ikuji#shienSpouseDays: 動く（既定）
  click spouseExempt -> calc:育児休業給付金を計算する
  click spouseExempt -> calc:育児休業給付金を計算する
  click null -> calc:育児休業給付金を計算する
ikuji#spouseExempt: 動く（既定）
  click null -> calc:収入印紙の金額を判定する
  click doc -> calc:収入印紙の金額を判定する
  click doc -> calc:収入印紙の金額を判定する
  click null -> calc:収入印紙の金額を判定する
inshi#doc: 動く（既定）
  click amount -> calc:収入印紙の金額を判定する
  click amount -> calc:収入印紙の金額を判定する
  click null -> calc:収入印紙の金額を判定する
inshi#amount: 動く（既定）
  click noamount -> calc:収入印紙の金額を判定する
  click noamount -> calc:収入印紙の金額を判定する
  click null -> calc:収入印紙の金額を判定する
inshi#noamount: 動く（既定）
  click taxpart -> calc:収入印紙の金額を判定する
  click taxpart -> calc:収入印紙の金額を判定する
  click null -> calc:収入印紙の金額を判定する
inshi#taxpart: 動く（既定）
  click menzei -> calc:収入印紙の金額を判定する
  click menzei -> calc:収入印紙の金額を判定する
  click menzei -> calc:収入印紙の金額を判定する
  click menzei -> calc:収入印紙の金額を判定する
  click menzei -> calc:収入印紙の金額を判定する
  click menzei -> calc:収入印紙の金額を判定する
  click menzei -> calc:収入印紙の金額を判定する
  click menzei -> calc:収入印紙の金額を判定する
  click menzei -> calc:収入印紙の金額を判定する
  click menzei -> calc:収入印紙の金額を判定する
  click menzei -> calc:収入印紙の金額を判定する
  click menzei -> calc:収入印紙の金額を判定する
  click menzei -> calc:収入印紙の金額を判定する
  click menzei -> calc:収入印紙の金額を判定する
  click menzei -> calc:収入印紙の金額を判定する
  click menzei -> calc:収入印紙の金額を判定する
  click menzei -> calc:収入印紙の金額を判定する
  click menzei -> calc:収入印紙の金額を判定する
  click menzei -> calc:収入印紙の金額を判定する
  click menzei -> calc:収入印紙の金額を判定する
  click null -> calc:収入印紙の金額を判定する
inshi#menzei: 動く（taxpart=5000000）
  click hieigyo -> calc:収入印紙の金額を判定する
  click hieigyo -> calc:収入印紙の金額を判定する
  click null -> calc:収入印紙の金額を判定する
inshi#hieigyo: 動く（既定）
  click null -> calc:計算する
  click iryohi -> calc:計算する
  click iryohi -> calc:計算する
  click null -> calc:計算する
iryohi#iryohi: 動く（既定）
  click hoten -> calc:計算する
  click hoten -> calc:計算する
  click null -> calc:計算する
iryohi#hoten: 動く（既定）
  click hotenTaisho -> calc:計算する
  click hotenTaisho -> calc:計算する
  click hotenTaisho -> calc:計算する
  click hotenTaisho -> calc:計算する
  click hotenTaisho -> calc:計算する
  click hotenTaisho -> calc:計算する
  click hotenTaisho -> calc:計算する
  click hotenTaisho -> calc:計算する
  click hotenTaisho -> calc:計算する
  click hotenTaisho -> calc:計算する
  click hotenTaisho -> calc:計算する
  click hotenTaisho -> calc:計算する
  click hotenTaisho -> calc:計算する
  click hotenTaisho -> calc:計算する
  click hotenTaisho -> calc:計算する
  click hotenTaisho -> calc:計算する
  click hotenTaisho -> calc:計算する
  click hotenTaisho -> calc:計算する
  click hotenTaisho -> calc:計算する
  click hotenTaisho -> calc:計算する
  click hotenTaisho -> calc:計算する
  click hotenTaisho -> calc:計算する
  click hotenTaisho -> calc:計算する
  click hotenTaisho -> calc:計算する
  click hotenTaisho -> calc:計算する
  click hotenTaisho -> calc:計算する
  click hotenTaisho -> calc:計算する
  click hotenTaisho -> calc:計算する
  click hotenTaisho -> calc:計算する
  click hotenTaisho -> calc:計算する
  click hotenTaisho -> calc:計算する
  click hotenTaisho -> calc:計算する
  click hotenTaisho -> calc:計算する
  click hotenTaisho -> calc:計算する
  click hotenTaisho -> calc:計算する
  click hotenTaisho -> calc:計算する
  click hotenTaisho -> calc:計算する
  click hotenTaisho -> calc:計算する
  click hotenTaisho -> calc:計算する
  click hotenTaisho -> calc:計算する
  click hotenTaisho -> calc:計算する
  click hotenTaisho -> calc:計算する
  click hotenTaisho -> calc:計算する
  click hotenTaisho -> calc:計算する
  click hotenTaisho -> calc:計算する
  click hotenTaisho -> calc:計算する
  click hotenTaisho -> calc:計算する
  click hotenTaisho -> calc:計算する
  click hotenTaisho -> calc:計算する
  click hotenTaisho -> calc:計算する
  click hotenTaisho -> calc:計算する
  click hotenTaisho -> calc:計算する
  click hotenTaisho -> calc:計算する
  click hotenTaisho -> calc:計算する
  click hotenTaisho -> calc:計算する
  click hotenTaisho -> calc:計算する
  click hotenTaisho -> calc:計算する
  click hotenTaisho -> calc:計算する
  click hotenTaisho -> calc:計算する
  click hotenTaisho -> calc:計算する
  click hotenTaisho -> calc:計算する
  click hotenTaisho -> calc:計算する
  click hotenTaisho -> calc:計算する
  click hotenTaisho -> calc:計算する
  click hotenTaisho -> calc:計算する
  click hotenTaisho -> calc:計算する
  click hotenTaisho -> calc:計算する
  click hotenTaisho -> calc:計算する
  click hotenTaisho -> calc:計算する
  click hotenTaisho -> calc:計算する
  click hotenTaisho -> calc:計算する
  click hotenTaisho -> calc:計算する
  click hotenTaisho -> calc:計算する
  click hotenTaisho -> calc:計算する
  click hotenTaisho -> calc:計算する
  click hotenTaisho -> calc:計算する
  click hotenTaisho -> calc:計算する
  click hotenTaisho -> calc:計算する
  click hotenTaisho -> calc:計算する
  click hotenTaisho -> calc:計算する
  click hotenTaisho -> calc:計算する
  click hotenTaisho -> calc:計算する
  click hotenTaisho -> calc:計算する
  click hotenTaisho -> calc:計算する
  click hotenTaisho -> calc:計算する
  click hotenTaisho -> calc:計算する
  click hotenTaisho -> calc:計算する
  click hotenTaisho -> calc:計算する
  click hotenTaisho -> calc:計算する
  click hotenTaisho -> calc:計算する
  click hotenTaisho -> calc:計算する
  click hotenTaisho -> calc:計算する
  click hotenTaisho -> calc:計算する
  click hotenTaisho -> calc:計算する
  click hotenTaisho -> calc:計算する
  click hotenTaisho -> calc:計算する
  click hotenTaisho -> calc:計算する
  click hotenTaisho -> calc:計算する
  click hotenTaisho -> calc:計算する
  click hotenTaisho -> calc:計算する
  click hotenTaisho -> calc:計算する
  click hotenTaisho -> calc:計算する
  click hotenTaisho -> calc:計算する
  click hotenTaisho -> calc:計算する
  click hotenTaisho -> calc:計算する
  click hotenTaisho -> calc:計算する
  click hotenTaisho -> calc:計算する
  click hotenTaisho -> calc:計算する
  click hotenTaisho -> calc:計算する
  click hotenTaisho -> calc:計算する
  click hotenTaisho -> calc:計算する
  click hotenTaisho -> calc:計算する
  click hotenTaisho -> calc:計算する
  click hotenTaisho -> calc:計算する
  click hotenTaisho -> calc:計算する
  click hotenTaisho -> calc:計算する
  click hotenTaisho -> calc:計算する
  click hotenTaisho -> calc:計算する
  click hotenTaisho -> calc:計算する
  click hotenTaisho -> calc:計算する
  click hotenTaisho -> calc:計算する
  click hotenTaisho -> calc:計算する
  click hotenTaisho -> calc:計算する
  click hotenTaisho -> calc:計算する
  click hotenTaisho -> calc:計算する
  click hotenTaisho -> calc:計算する
  click hotenTaisho -> calc:計算する
  click null -> calc:計算する
iryohi#hotenTaisho: 動く（hoten=5000000）
  click shunyu -> calc:計算する
  click shunyu -> calc:計算する
  click null -> calc:計算する
iryohi#shunyu: 動く（既定）
  click zeiritsu -> calc:計算する
  click zeiritsu -> calc:計算する
  click null -> calc:計算する
iryohi#zeiritsu: 動く（既定）
  click selfmed -> calc:計算する
  click selfmed -> calc:計算する
  click null -> calc:計算する
iryohi#selfmed: 動く（既定）
  click null -> calc:遺留分を計算する
  click kaishiDate -> calc:遺留分を計算する
  click kaishiDate -> calc:遺留分を計算する
  click null -> calc:遺留分を計算する
iryubun#kaishiDate: 動く（既定）
  click shittaDate -> calc:遺留分を計算する
  click shittaDate -> calc:遺留分を計算する
  click null -> calc:遺留分を計算する
iryubun#shittaDate: 動く（既定）
  click isanTotal -> calc:遺留分を計算する
  click isanTotal -> calc:遺留分を計算する
  click null -> calc:遺留分を計算する
iryubun#isanTotal: 動く（既定）
  click saimuTotal -> calc:遺留分を計算する
  click saimuTotal -> calc:遺留分を計算する
  click null -> calc:遺留分を計算する
iryubun#saimuTotal: 動く（既定）
  click zoyoSozokunin -> calc:遺留分を計算する
  click zoyoSozokunin -> calc:遺留分を計算する
  click null -> calc:遺留分を計算する
iryubun#zoyoSozokunin: 動く（既定）
  click zoyoDaisansha -> calc:遺留分を計算する
  click zoyoDaisansha -> calc:遺留分を計算する
  click null -> calc:遺留分を計算する
iryubun#zoyoDaisansha: 動く（既定）
  click zoyoSongaiShiri -> calc:遺留分を計算する
  click zoyoSongaiShiri -> calc:遺留分を計算する
  click null -> calc:遺留分を計算する
iryubun#zoyoSongaiShiri: 動く（既定）
  click hasSpouse -> calc:遺留分を計算する
  click hasSpouse -> calc:遺留分を計算する
  click null -> calc:遺留分を計算する
iryubun#hasSpouse: 動く（既定）
  click numChildrenReal -> calc:遺留分を計算する
  click numChildrenReal -> calc:遺留分を計算する
  click null -> calc:遺留分を計算する
iryubun#numChildrenReal: 動く（既定）
  click numChildrenAdopted -> calc:遺留分を計算する
  click numChildrenAdopted -> calc:遺留分を計算する
  click null -> calc:遺留分を計算する
iryubun#numChildrenAdopted: 動く（既定）
  click numChildrenRenounced -> calc:遺留分を計算する
  click numChildrenRenounced -> calc:遺留分を計算する
  click null -> calc:遺留分を計算する
iryubun#numChildrenRenounced: 動く（既定）
  click numParents -> calc:遺留分を計算する
  click numParents -> calc:遺留分を計算する
  click numParents -> calc:遺留分を計算する
  click numParents -> calc:遺留分を計算する
  click numParents -> calc:遺留分を計算する
  click numParents -> calc:遺留分を計算する
  click numParents -> calc:遺留分を計算する
  click numParents -> calc:遺留分を計算する
  click numParents -> calc:遺留分を計算する
  click numParents -> calc:遺留分を計算する
  click numParents -> calc:遺留分を計算する
  click numParents -> calc:遺留分を計算する
  click numParents -> calc:遺留分を計算する
  click numParents -> calc:遺留分を計算する
  click numParents -> calc:遺留分を計算する
  click numParents -> calc:遺留分を計算する
  click numParents -> calc:遺留分を計算する
  click numParents -> calc:遺留分を計算する
  click numParents -> calc:遺留分を計算する
  click numParents -> calc:遺留分を計算する
  click numParents -> calc:遺留分を計算する
  click numParents -> calc:遺留分を計算する
  click numParents -> calc:遺留分を計算する
  click numParents -> calc:遺留分を計算する
  click numParents -> calc:遺留分を計算する
  click numParents -> calc:遺留分を計算する
  click numParents -> calc:遺留分を計算する
  click numParents -> calc:遺留分を計算する
  click numParents -> calc:遺留分を計算する
  click numParents -> calc:遺留分を計算する
  click numParents -> calc:遺留分を計算する
  click numParents -> calc:遺留分を計算する
  click numParents -> calc:遺留分を計算する
  click numParents -> calc:遺留分を計算する
  click numParents -> calc:遺留分を計算する
  click numParents -> calc:遺留分を計算する
  click numParents -> calc:遺留分を計算する
  click numParents -> calc:遺留分を計算する
  click numParents -> calc:遺留分を計算する
  click numParents -> calc:遺留分を計算する
  click numParents -> calc:遺留分を計算する
  click numParents -> calc:遺留分を計算する
  click numParents -> calc:遺留分を計算する
  click numParents -> calc:遺留分を計算する
  click numParents -> calc:遺留分を計算する
  click numParents -> calc:遺留分を計算する
  click numParents -> calc:遺留分を計算する
  click numParents -> calc:遺留分を計算する
  click numParents -> calc:遺留分を計算する
  click numParents -> calc:遺留分を計算する
  click numParents -> calc:遺留分を計算する
  click numParents -> calc:遺留分を計算する
  click numParents -> calc:遺留分を計算する
  click numParents -> calc:遺留分を計算する
  click numParents -> calc:遺留分を計算する
  click numParents -> calc:遺留分を計算する
  click numParents -> calc:遺留分を計算する
  click numParents -> calc:遺留分を計算する
  click numParents -> calc:遺留分を計算する
  click numParents -> calc:遺留分を計算する
  click numParents -> calc:遺留分を計算する
  click numParents -> calc:遺留分を計算する
  click numParents -> calc:遺留分を計算する
  click numParents -> calc:遺留分を計算する
  click numParents -> calc:遺留分を計算する
  click numParents -> calc:遺留分を計算する
  click numParents -> calc:遺留分を計算する
  click numParents -> calc:遺留分を計算する
  click numParents -> calc:遺留分を計算する
  click numParents -> calc:遺留分を計算する
  click numParents -> calc:遺留分を計算する
  click numParents -> calc:遺留分を計算する
  click numParents -> calc:遺留分を計算する
  click numParents -> calc:遺留分を計算する
  click numParents -> calc:遺留分を計算する
  click numParents -> calc:遺留分を計算する
  click numParents -> calc:遺留分を計算する
  click numParents -> calc:遺留分を計算する
  click numParents -> calc:遺留分を計算する
  click numParents -> calc:遺留分を計算する
  click numParents -> calc:遺留分を計算する
  click numParents -> calc:遺留分を計算する
  click numParents -> calc:遺留分を計算する
  click numParents -> calc:遺留分を計算する
  click numParents -> calc:遺留分を計算する
  click numParents -> calc:遺留分を計算する
  click numParents -> calc:遺留分を計算する
  click numParents -> calc:遺留分を計算する
  click numParents -> calc:遺留分を計算する
  click numParents -> calc:遺留分を計算する
  click numParents -> calc:遺留分を計算する
  click numParents -> calc:遺留分を計算する
  click numParents -> calc:遺留分を計算する
  click numParents -> calc:遺留分を計算する
  click numParents -> calc:遺留分を計算する
  click numParents -> calc:遺留分を計算する
  click numParents -> calc:遺留分を計算する
  click numParents -> calc:遺留分を計算する
  click numParents -> calc:遺留分を計算する
  click numParents -> calc:遺留分を計算する
  click numParents -> calc:遺留分を計算する
  click numParents -> calc:遺留分を計算する
  click numParents -> calc:遺留分を計算する
  click numParents -> calc:遺留分を計算する
  click numParents -> calc:遺留分を計算する
  click numParents -> calc:遺留分を計算する
  click numParents -> calc:遺留分を計算する
  click numParents -> calc:遺留分を計算する
  click numParents -> calc:遺留分を計算する
  click numParents -> calc:遺留分を計算する
  click numParents -> calc:遺留分を計算する
  click numParents -> calc:遺留分を計算する
  click numParents -> calc:遺留分を計算する
  click numParents -> calc:遺留分を計算する
  click numParents -> calc:遺留分を計算する
  click numParents -> calc:遺留分を計算する
  click numParents -> calc:遺留分を計算する
  click numParents -> calc:遺留分を計算する
  click numParents -> calc:遺留分を計算する
  click numParents -> calc:遺留分を計算する
  click numParents -> calc:遺留分を計算する
  click numParents -> calc:遺留分を計算する
  click numParents -> calc:遺留分を計算する
  click numParents -> calc:遺留分を計算する
  click numParents -> calc:遺留分を計算する
  click numParents -> calc:遺留分を計算する
  click numParents -> calc:遺留分を計算する
  click numParents -> calc:遺留分を計算する
  click numParents -> calc:遺留分を計算する
  click numParents -> calc:遺留分を計算する
  click numParents -> calc:遺留分を計算する
  click numParents -> calc:遺留分を計算する
  click numParents -> calc:遺留分を計算する
  click numParents -> calc:遺留分を計算する
  click numParents -> calc:遺留分を計算する
  click numParents -> calc:遺留分を計算する
  click numParents -> calc:遺留分を計算する
  click numParents -> calc:遺留分を計算する
  click numParents -> calc:遺留分を計算する
  click numParents -> calc:遺留分を計算する
  click numParents -> calc:遺留分を計算する
  click numParents -> calc:遺留分を計算する
  click numParents -> calc:遺留分を計算する
  click numParents -> calc:遺留分を計算する
  click numParents -> calc:遺留分を計算する
  click numParents -> calc:遺留分を計算する
  click numParents -> calc:遺留分を計算する
  click numParents -> calc:遺留分を計算する
  click numParents -> calc:遺留分を計算する
  click numParents -> calc:遺留分を計算する
  click numParents -> calc:遺留分を計算する
  click numParents -> calc:遺留分を計算する
  click numParents -> calc:遺留分を計算する
  click numParents -> calc:遺留分を計算する
  click numParents -> calc:遺留分を計算する
  click numParents -> calc:遺留分を計算する
  click numParents -> calc:遺留分を計算する
  click numParents -> calc:遺留分を計算する
  click numParents -> calc:遺留分を計算する
  click numParents -> calc:遺留分を計算する
  click numParents -> calc:遺留分を計算する
  click numParents -> calc:遺留分を計算する
  click numParents -> calc:遺留分を計算する
  click numParents -> calc:遺留分を計算する
  click numParents -> calc:遺留分を計算する
  click numParents -> calc:遺留分を計算する
  click numParents -> calc:遺留分を計算する
  click numParents -> calc:遺留分を計算する
  click numParents -> calc:遺留分を計算する
  click numParents -> calc:遺留分を計算する
  click numParents -> calc:遺留分を計算する
  click numParents -> calc:遺留分を計算する
  click numParents -> calc:遺留分を計算する
  click numParents -> calc:遺留分を計算する
  click numParents -> calc:遺留分を計算する
  click numParents -> calc:遺留分を計算する
  click numParents -> calc:遺留分を計算する
  click numParents -> calc:遺留分を計算する
  click numParents -> calc:遺留分を計算する
  click numParents -> calc:遺留分を計算する
  click numParents -> calc:遺留分を計算する
  click numParents -> calc:遺留分を計算する
  click numParents -> calc:遺留分を計算する
  click numParents -> calc:遺留分を計算する
  click numParents -> calc:遺留分を計算する
  click numParents -> calc:遺留分を計算する
  click numParents -> calc:遺留分を計算する
  click numParents -> calc:遺留分を計算する
  click numParents -> calc:遺留分を計算する
  click numParents -> calc:遺留分を計算する
  click numParents -> calc:遺留分を計算する
  click numParents -> calc:遺留分を計算する
  click numParents -> calc:遺留分を計算する
  click numParents -> calc:遺留分を計算する
  click numParents -> calc:遺留分を計算する
  click numParents -> calc:遺留分を計算する
  click numParents -> calc:遺留分を計算する
  click numParents -> calc:遺留分を計算する
  click numParents -> calc:遺留分を計算する
  click numParents -> calc:遺留分を計算する
  click numParents -> calc:遺留分を計算する
  click numParents -> calc:遺留分を計算する
  click numParents -> calc:遺留分を計算する
  click numParents -> calc:遺留分を計算する
  click numParents -> calc:遺留分を計算する
  click numParents -> calc:遺留分を計算する
  click numParents -> calc:遺留分を計算する
  click numParents -> calc:遺留分を計算する
  click numParents -> calc:遺留分を計算する
  click numParents -> calc:遺留分を計算する
  click numParents -> calc:遺留分を計算する
  click numParents -> calc:遺留分を計算する
  click numParents -> calc:遺留分を計算する
  click numParents -> calc:遺留分を計算する
  click numParents -> calc:遺留分を計算する
  click numParents -> calc:遺留分を計算する
  click numParents -> calc:遺留分を計算する
  click numParents -> calc:遺留分を計算する
  click numParents -> calc:遺留分を計算する
  click numParents -> calc:遺留分を計算する
  click numParents -> calc:遺留分を計算する
  click numParents -> calc:遺留分を計算する
  click numParents -> calc:遺留分を計算する
  click numParents -> calc:遺留分を計算する
  click numParents -> calc:遺留分を計算する
  click numParents -> calc:遺留分を計算する
  click numParents -> calc:遺留分を計算する
  click numParents -> calc:遺留分を計算する
  click numParents -> calc:遺留分を計算する
  click numParents -> calc:遺留分を計算する
  click numParents -> calc:遺留分を計算する
  click numParents -> calc:遺留分を計算する
  click numParents -> calc:遺留分を計算する
  click numParents -> calc:遺留分を計算する
  click numParents -> calc:遺留分を計算する
  click numParents -> calc:遺留分を計算する
  click numParents -> calc:遺留分を計算する
  click numParents -> calc:遺留分を計算する
  click numParents -> calc:遺留分を計算する
  click numParents -> calc:遺留分を計算する
  click numParents -> calc:遺留分を計算する
  click numParents -> calc:遺留分を計算する
  click numParents -> calc:遺留分を計算する
  click numParents -> calc:遺留分を計算する
  click numParents -> calc:遺留分を計算する
  click numParents -> calc:遺留分を計算する
  click numParents -> calc:遺留分を計算する
  click numParents -> calc:遺留分を計算する
  click numParents -> calc:遺留分を計算する
  click numParents -> calc:遺留分を計算する
  click numParents -> calc:遺留分を計算する
  click numParents -> calc:遺留分を計算する
  click numParents -> calc:遺留分を計算する
  click numParents -> calc:遺留分を計算する
  click numParents -> calc:遺留分を計算する
  click numParents -> calc:遺留分を計算する
  click numParents -> calc:遺留分を計算する
  click numParents -> calc:遺留分を計算する
  click numParents -> calc:遺留分を計算する
  click numParents -> calc:遺留分を計算する
  click numParents -> calc:遺留分を計算する
  click numParents -> calc:遺留分を計算する
  click numParents -> calc:遺留分を計算する
  click numParents -> calc:遺留分を計算する
  click numParents -> calc:遺留分を計算する
  click numParents -> calc:遺留分を計算する
  click numParents -> calc:遺留分を計算する
  click numParents -> calc:遺留分を計算する
  click null -> calc:遺留分を計算する
iryubun#numParents: 動く（numChildrenReal=0）
  click numSiblings -> calc:遺留分を計算する
  click numSiblings -> calc:遺留分を計算する
  click numSiblings -> calc:遺留分を計算する
  click numSiblings -> calc:遺留分を計算する
  click numSiblings -> calc:遺留分を計算する
  click numSiblings -> calc:遺留分を計算する
  click numSiblings -> calc:遺留分を計算する
  click numSiblings -> calc:遺留分を計算する
  click numSiblings -> calc:遺留分を計算する
  click numSiblings -> calc:遺留分を計算する
  click numSiblings -> calc:遺留分を計算する
  click numSiblings -> calc:遺留分を計算する
  click numSiblings -> calc:遺留分を計算する
  click numSiblings -> calc:遺留分を計算する
  click numSiblings -> calc:遺留分を計算する
  click numSiblings -> calc:遺留分を計算する
  click numSiblings -> calc:遺留分を計算する
  click numSiblings -> calc:遺留分を計算する
  click numSiblings -> calc:遺留分を計算する
  click numSiblings -> calc:遺留分を計算する
  click numSiblings -> calc:遺留分を計算する
  click numSiblings -> calc:遺留分を計算する
  click numSiblings -> calc:遺留分を計算する
  click numSiblings -> calc:遺留分を計算する
  click numSiblings -> calc:遺留分を計算する
  click numSiblings -> calc:遺留分を計算する
  click numSiblings -> calc:遺留分を計算する
  click numSiblings -> calc:遺留分を計算する
  click numSiblings -> calc:遺留分を計算する
  click numSiblings -> calc:遺留分を計算する
  click numSiblings -> calc:遺留分を計算する
  click numSiblings -> calc:遺留分を計算する
  click numSiblings -> calc:遺留分を計算する
  click numSiblings -> calc:遺留分を計算する
  click numSiblings -> calc:遺留分を計算する
  click numSiblings -> calc:遺留分を計算する
  click numSiblings -> calc:遺留分を計算する
  click numSiblings -> calc:遺留分を計算する
  click numSiblings -> calc:遺留分を計算する
  click numSiblings -> calc:遺留分を計算する
  click numSiblings -> calc:遺留分を計算する
  click numSiblings -> calc:遺留分を計算する
  click numSiblings -> calc:遺留分を計算する
  click numSiblings -> calc:遺留分を計算する
  click numSiblings -> calc:遺留分を計算する
  click numSiblings -> calc:遺留分を計算する
  click numSiblings -> calc:遺留分を計算する
  click numSiblings -> calc:遺留分を計算する
  click numSiblings -> calc:遺留分を計算する
  click numSiblings -> calc:遺留分を計算する
  click numSiblings -> calc:遺留分を計算する
  click numSiblings -> calc:遺留分を計算する
  click numSiblings -> calc:遺留分を計算する
  click numSiblings -> calc:遺留分を計算する
  click numSiblings -> calc:遺留分を計算する
  click numSiblings -> calc:遺留分を計算する
  click numSiblings -> calc:遺留分を計算する
  click numSiblings -> calc:遺留分を計算する
  click numSiblings -> calc:遺留分を計算する
  click numSiblings -> calc:遺留分を計算する
  click numSiblings -> calc:遺留分を計算する
  click numSiblings -> calc:遺留分を計算する
  click numSiblings -> calc:遺留分を計算する
  click numSiblings -> calc:遺留分を計算する
  click numSiblings -> calc:遺留分を計算する
  click numSiblings -> calc:遺留分を計算する
  click numSiblings -> calc:遺留分を計算する
  click numSiblings -> calc:遺留分を計算する
  click numSiblings -> calc:遺留分を計算する
  click numSiblings -> calc:遺留分を計算する
  click numSiblings -> calc:遺留分を計算する
  click numSiblings -> calc:遺留分を計算する
  click numSiblings -> calc:遺留分を計算する
  click numSiblings -> calc:遺留分を計算する
  click numSiblings -> calc:遺留分を計算する
  click numSiblings -> calc:遺留分を計算する
  click numSiblings -> calc:遺留分を計算する
  click numSiblings -> calc:遺留分を計算する
  click numSiblings -> calc:遺留分を計算する
  click numSiblings -> calc:遺留分を計算する
  click numSiblings -> calc:遺留分を計算する
  click numSiblings -> calc:遺留分を計算する
  click numSiblings -> calc:遺留分を計算する
  click numSiblings -> calc:遺留分を計算する
  click numSiblings -> calc:遺留分を計算する
  click numSiblings -> calc:遺留分を計算する
  click numSiblings -> calc:遺留分を計算する
  click numSiblings -> calc:遺留分を計算する
  click numSiblings -> calc:遺留分を計算する
  click numSiblings -> calc:遺留分を計算する
  click numSiblings -> calc:遺留分を計算する
  click numSiblings -> calc:遺留分を計算する
  click numSiblings -> calc:遺留分を計算する
  click numSiblings -> calc:遺留分を計算する
  click numSiblings -> calc:遺留分を計算する
  click numSiblings -> calc:遺留分を計算する
  click numSiblings -> calc:遺留分を計算する
  click numSiblings -> calc:遺留分を計算する
  click numSiblings -> calc:遺留分を計算する
  click numSiblings -> calc:遺留分を計算する
  click numSiblings -> calc:遺留分を計算する
  click numSiblings -> calc:遺留分を計算する
  click numSiblings -> calc:遺留分を計算する
  click numSiblings -> calc:遺留分を計算する
  click numSiblings -> calc:遺留分を計算する
  click numSiblings -> calc:遺留分を計算する
  click numSiblings -> calc:遺留分を計算する
  click numSiblings -> calc:遺留分を計算する
  click numSiblings -> calc:遺留分を計算する
  click numSiblings -> calc:遺留分を計算する
  click numSiblings -> calc:遺留分を計算する
  click numSiblings -> calc:遺留分を計算する
  click numSiblings -> calc:遺留分を計算する
  click numSiblings -> calc:遺留分を計算する
  click numSiblings -> calc:遺留分を計算する
  click numSiblings -> calc:遺留分を計算する
  click numSiblings -> calc:遺留分を計算する
  click numSiblings -> calc:遺留分を計算する
  click numSiblings -> calc:遺留分を計算する
  click numSiblings -> calc:遺留分を計算する
  click numSiblings -> calc:遺留分を計算する
  click numSiblings -> calc:遺留分を計算する
  click numSiblings -> calc:遺留分を計算する
  click numSiblings -> calc:遺留分を計算する
  click numSiblings -> calc:遺留分を計算する
  click numSiblings -> calc:遺留分を計算する
  click numSiblings -> calc:遺留分を計算する
  click numSiblings -> calc:遺留分を計算する
  click numSiblings -> calc:遺留分を計算する
  click numSiblings -> calc:遺留分を計算する
  click numSiblings -> calc:遺留分を計算する
  click numSiblings -> calc:遺留分を計算する
  click numSiblings -> calc:遺留分を計算する
  click numSiblings -> calc:遺留分を計算する
  click numSiblings -> calc:遺留分を計算する
  click numSiblings -> calc:遺留分を計算する
  click numSiblings -> calc:遺留分を計算する
  click numSiblings -> calc:遺留分を計算する
  click numSiblings -> calc:遺留分を計算する
  click numSiblings -> calc:遺留分を計算する
  click numSiblings -> calc:遺留分を計算する
  click numSiblings -> calc:遺留分を計算する
  click numSiblings -> calc:遺留分を計算する
  click numSiblings -> calc:遺留分を計算する
  click numSiblings -> calc:遺留分を計算する
  click numSiblings -> calc:遺留分を計算する
  click numSiblings -> calc:遺留分を計算する
  click numSiblings -> calc:遺留分を計算する
  click numSiblings -> calc:遺留分を計算する
  click numSiblings -> calc:遺留分を計算する
  click numSiblings -> calc:遺留分を計算する
  click numSiblings -> calc:遺留分を計算する
  click numSiblings -> calc:遺留分を計算する
  click numSiblings -> calc:遺留分を計算する
  click numSiblings -> calc:遺留分を計算する
  click numSiblings -> calc:遺留分を計算する
  click numSiblings -> calc:遺留分を計算する
  click numSiblings -> calc:遺留分を計算する
  click numSiblings -> calc:遺留分を計算する
  click numSiblings -> calc:遺留分を計算する
  click numSiblings -> calc:遺留分を計算する
  click numSiblings -> calc:遺留分を計算する
  click numSiblings -> calc:遺留分を計算する
  click numSiblings -> calc:遺留分を計算する
  click numSiblings -> calc:遺留分を計算する
  click numSiblings -> calc:遺留分を計算する
  click numSiblings -> calc:遺留分を計算する
  click numSiblings -> calc:遺留分を計算する
  click numSiblings -> calc:遺留分を計算する
  click numSiblings -> calc:遺留分を計算する
  click numSiblings -> calc:遺留分を計算する
  click numSiblings -> calc:遺留分を計算する
  click numSiblings -> calc:遺留分を計算する
  click numSiblings -> calc:遺留分を計算する
  click numSiblings -> calc:遺留分を計算する
  click numSiblings -> calc:遺留分を計算する
  click numSiblings -> calc:遺留分を計算する
  click numSiblings -> calc:遺留分を計算する
  click numSiblings -> calc:遺留分を計算する
  click numSiblings -> calc:遺留分を計算する
  click numSiblings -> calc:遺留分を計算する
  click numSiblings -> calc:遺留分を計算する
  click numSiblings -> calc:遺留分を計算する
  click numSiblings -> calc:遺留分を計算する
  click numSiblings -> calc:遺留分を計算する
  click numSiblings -> calc:遺留分を計算する
  click numSiblings -> calc:遺留分を計算する
  click numSiblings -> calc:遺留分を計算する
  click numSiblings -> calc:遺留分を計算する
  click numSiblings -> calc:遺留分を計算する
  click numSiblings -> calc:遺留分を計算する
  click numSiblings -> calc:遺留分を計算する
  click numSiblings -> calc:遺留分を計算する
  click numSiblings -> calc:遺留分を計算する
  click numSiblings -> calc:遺留分を計算する
  click numSiblings -> calc:遺留分を計算する
  click numSiblings -> calc:遺留分を計算する
  click numSiblings -> calc:遺留分を計算する
  click numSiblings -> calc:遺留分を計算する
  click numSiblings -> calc:遺留分を計算する
  click numSiblings -> calc:遺留分を計算する
  click numSiblings -> calc:遺留分を計算する
  click numSiblings -> calc:遺留分を計算する
  click numSiblings -> calc:遺留分を計算する
  click numSiblings -> calc:遺留分を計算する
  click numSiblings -> calc:遺留分を計算する
  click numSiblings -> calc:遺留分を計算する
  click numSiblings -> calc:遺留分を計算する
  click numSiblings -> calc:遺留分を計算する
  click numSiblings -> calc:遺留分を計算する
  click numSiblings -> calc:遺留分を計算する
  click numSiblings -> calc:遺留分を計算する
  click numSiblings -> calc:遺留分を計算する
  click numSiblings -> calc:遺留分を計算する
  click numSiblings -> calc:遺留分を計算する
  click numSiblings -> calc:遺留分を計算する
  click numSiblings -> calc:遺留分を計算する
  click numSiblings -> calc:遺留分を計算する
  click numSiblings -> calc:遺留分を計算する
  click numSiblings -> calc:遺留分を計算する
  click numSiblings -> calc:遺留分を計算する
  click numSiblings -> calc:遺留分を計算する
  click numSiblings -> calc:遺留分を計算する
  click numSiblings -> calc:遺留分を計算する
  click numSiblings -> calc:遺留分を計算する
  click numSiblings -> calc:遺留分を計算する
  click numSiblings -> calc:遺留分を計算する
  click numSiblings -> calc:遺留分を計算する
  click numSiblings -> calc:遺留分を計算する
  click numSiblings -> calc:遺留分を計算する
  click numSiblings -> calc:遺留分を計算する
  click numSiblings -> calc:遺留分を計算する
  click numSiblings -> calc:遺留分を計算する
  click numSiblings -> calc:遺留分を計算する
  click numSiblings -> calc:遺留分を計算する
  click numSiblings -> calc:遺留分を計算する
  click numSiblings -> calc:遺留分を計算する
  click numSiblings -> calc:遺留分を計算する
  click numSiblings -> calc:遺留分を計算する
  click numSiblings -> calc:遺留分を計算する
  click numSiblings -> calc:遺留分を計算する
  click numSiblings -> calc:遺留分を計算する
  click numSiblings -> calc:遺留分を計算する
  click numSiblings -> calc:遺留分を計算する
  click numSiblings -> calc:遺留分を計算する
  click numSiblings -> calc:遺留分を計算する
  click numSiblings -> calc:遺留分を計算する
  click numSiblings -> calc:遺留分を計算する
  click numSiblings -> calc:遺留分を計算する
  click numSiblings -> calc:遺留分を計算する
  click numSiblings -> calc:遺留分を計算する
  click numSiblings -> calc:遺留分を計算する
  click numSiblings -> calc:遺留分を計算する
  click numSiblings -> calc:遺留分を計算する
  click numSiblings -> calc:遺留分を計算する
  click numSiblings -> calc:遺留分を計算する
  click numSiblings -> calc:遺留分を計算する
  click numSiblings -> calc:遺留分を計算する
  click numSiblings -> calc:遺留分を計算する
  click numSiblings -> calc:遺留分を計算する
  click numSiblings -> calc:遺留分を計算する
  click numSiblings -> calc:遺留分を計算する
  click numSiblings -> calc:遺留分を計算する
  click numSiblings -> calc:遺留分を計算する
  click numSiblings -> calc:遺留分を計算する
  click numSiblings -> calc:遺留分を計算する
  click numSiblings -> calc:遺留分を計算する
  click numSiblings -> calc:遺留分を計算する
  click null -> calc:遺留分を計算する
iryubun#numSiblings: 動く（numChildrenReal=0）
  click me -> calc:遺留分を計算する
  click me -> calc:遺留分を計算する
  click null -> calc:遺留分を計算する
iryubun#me: 動く（既定）
  click meJuizo -> calc:遺留分を計算する
  click meJuizo -> calc:遺留分を計算する
  click null -> calc:遺留分を計算する
iryubun#meJuizo: 動く（既定）
  click meShutoku -> calc:遺留分を計算する
  click meShutoku -> calc:遺留分を計算する
  click null -> calc:遺留分を計算する
iryubun#meShutoku: 動く（既定）
  click meSaimu -> calc:遺留分を計算する
  click meSaimu -> calc:遺留分を計算する
  click null -> calc:遺留分を計算する
iryubun#meSaimu: 動く（既定）
  click null -> calc:遺族年金を計算する
  click yoken -> calc:遺族年金を計算する
  click yoken -> calc:遺族年金を計算する
  click null -> calc:遺族年金を計算する
izoku#yoken: 動く（既定）
  click koCount -> calc:遺族年金を計算する
  click koCount -> calc:遺族年金を計算する
  click null -> calc:遺族年金を計算する
izoku#koCount: 動く（既定）
  click uketori -> calc:遺族年金を計算する
  click uketori -> calc:遺族年金を計算する
  click null -> calc:遺族年金を計算する
izoku#uketori: 動く（既定）
  click age -> calc:遺族年金を計算する
  click age -> calc:遺族年金を計算する
  click null -> calc:遺族年金を計算する
izoku#age: 動く（既定）
  click postAvg -> calc:遺族年金を計算する
  click postAvg -> calc:遺族年金を計算する
  click null -> calc:遺族年金を計算する
izoku#postAvg: 動く（既定）
  click postMonths -> calc:遺族年金を計算する
  click postMonths -> calc:遺族年金を計算する
  click null -> calc:遺族年金を計算する
izoku#postMonths: 動く（既定）
  click preAvg -> calc:遺族年金を計算する
  click preAvg -> calc:遺族年金を計算する
  click preAvg -> calc:遺族年金を計算する
  click preAvg -> calc:遺族年金を計算する
  click preAvg -> calc:遺族年金を計算する
  click preAvg -> calc:遺族年金を計算する
  click preAvg -> calc:遺族年金を計算する
  click preAvg -> calc:遺族年金を計算する
  click preAvg -> calc:遺族年金を計算する
  click preAvg -> calc:遺族年金を計算する
  click preAvg -> calc:遺族年金を計算する
  click preAvg -> calc:遺族年金を計算する
  click preAvg -> calc:遺族年金を計算する
  click preAvg -> calc:遺族年金を計算する
  click preAvg -> calc:遺族年金を計算する
  click preAvg -> calc:遺族年金を計算する
  click preAvg -> calc:遺族年金を計算する
  click preAvg -> calc:遺族年金を計算する
  click preAvg -> calc:遺族年金を計算する
  click preAvg -> calc:遺族年金を計算する
  click preAvg -> calc:遺族年金を計算する
  click preAvg -> calc:遺族年金を計算する
  click preAvg -> calc:遺族年金を計算する
  click preAvg -> calc:遺族年金を計算する
  click preAvg -> calc:遺族年金を計算する
  click preAvg -> calc:遺族年金を計算する
  click preAvg -> calc:遺族年金を計算する
  click preAvg -> calc:遺族年金を計算する
  click preAvg -> calc:遺族年金を計算する
  click preAvg -> calc:遺族年金を計算する
  click preAvg -> calc:遺族年金を計算する
  click preAvg -> calc:遺族年金を計算する
  click preAvg -> calc:遺族年金を計算する
  click preAvg -> calc:遺族年金を計算する
  click preAvg -> calc:遺族年金を計算する
  click preAvg -> calc:遺族年金を計算する
  click preAvg -> calc:遺族年金を計算する
  click preAvg -> calc:遺族年金を計算する
  click preAvg -> calc:遺族年金を計算する
  click preAvg -> calc:遺族年金を計算する
  click preAvg -> calc:遺族年金を計算する
  click preAvg -> calc:遺族年金を計算する
  click preAvg -> calc:遺族年金を計算する
  click preAvg -> calc:遺族年金を計算する
  click preAvg -> calc:遺族年金を計算する
  click preAvg -> calc:遺族年金を計算する
  click preAvg -> calc:遺族年金を計算する
  click preAvg -> calc:遺族年金を計算する
  click preAvg -> calc:遺族年金を計算する
  click preAvg -> calc:遺族年金を計算する
  click preAvg -> calc:遺族年金を計算する
  click preAvg -> calc:遺族年金を計算する
  click preAvg -> calc:遺族年金を計算する
  click preAvg -> calc:遺族年金を計算する
  click preAvg -> calc:遺族年金を計算する
  click preAvg -> calc:遺族年金を計算する
  click preAvg -> calc:遺族年金を計算する
  click preAvg -> calc:遺族年金を計算する
  click preAvg -> calc:遺族年金を計算する
  click preAvg -> calc:遺族年金を計算する
  click preAvg -> calc:遺族年金を計算する
  click preAvg -> calc:遺族年金を計算する
  click preAvg -> calc:遺族年金を計算する
  click preAvg -> calc:遺族年金を計算する
  click preAvg -> calc:遺族年金を計算する
  click preAvg -> calc:遺族年金を計算する
  click preAvg -> calc:遺族年金を計算する
  click preAvg -> calc:遺族年金を計算する
  click preAvg -> calc:遺族年金を計算する
  click preAvg -> calc:遺族年金を計算する
  click preAvg -> calc:遺族年金を計算する
  click preAvg -> calc:遺族年金を計算する
  click preAvg -> calc:遺族年金を計算する
  click preAvg -> calc:遺族年金を計算する
  click preAvg -> calc:遺族年金を計算する
  click preAvg -> calc:遺族年金を計算する
  click preAvg -> calc:遺族年金を計算する
  click preAvg -> calc:遺族年金を計算する
  click preAvg -> calc:遺族年金を計算する
  click preAvg -> calc:遺族年金を計算する
  click preAvg -> calc:遺族年金を計算する
  click preAvg -> calc:遺族年金を計算する
  click preAvg -> calc:遺族年金を計算する
  click preAvg -> calc:遺族年金を計算する
  click preAvg -> calc:遺族年金を計算する
  click preAvg -> calc:遺族年金を計算する
  click preAvg -> calc:遺族年金を計算する
  click preAvg -> calc:遺族年金を計算する
  click preAvg -> calc:遺族年金を計算する
  click preAvg -> calc:遺族年金を計算する
  click preAvg -> calc:遺族年金を計算する
  click preAvg -> calc:遺族年金を計算する
  click preAvg -> calc:遺族年金を計算する
  click preAvg -> calc:遺族年金を計算する
  click preAvg -> calc:遺族年金を計算する
  click preAvg -> calc:遺族年金を計算する
  click preAvg -> calc:遺族年金を計算する
  click preAvg -> calc:遺族年金を計算する
  click preAvg -> calc:遺族年金を計算する
  click preAvg -> calc:遺族年金を計算する
  click preAvg -> calc:遺族年金を計算する
  click preAvg -> calc:遺族年金を計算する
  click preAvg -> calc:遺族年金を計算する
  click preAvg -> calc:遺族年金を計算する
  click preAvg -> calc:遺族年金を計算する
  click preAvg -> calc:遺族年金を計算する
  click preAvg -> calc:遺族年金を計算する
  click preAvg -> calc:遺族年金を計算する
  click preAvg -> calc:遺族年金を計算する
  click preAvg -> calc:遺族年金を計算する
  click preAvg -> calc:遺族年金を計算する
  click preAvg -> calc:遺族年金を計算する
  click preAvg -> calc:遺族年金を計算する
  click preAvg -> calc:遺族年金を計算する
  click preAvg -> calc:遺族年金を計算する
  click preAvg -> calc:遺族年金を計算する
  click preAvg -> calc:遺族年金を計算する
  click preAvg -> calc:遺族年金を計算する
  click preAvg -> calc:遺族年金を計算する
  click preAvg -> calc:遺族年金を計算する
  click preAvg -> calc:遺族年金を計算する
  click preAvg -> calc:遺族年金を計算する
  click preAvg -> calc:遺族年金を計算する
  click preAvg -> calc:遺族年金を計算する
  click preAvg -> calc:遺族年金を計算する
  click preAvg -> calc:遺族年金を計算する
  click preAvg -> calc:遺族年金を計算する
  click preAvg -> calc:遺族年金を計算する
  click preAvg -> calc:遺族年金を計算する
  click preAvg -> calc:遺族年金を計算する
  click preAvg -> calc:遺族年金を計算する
  click preAvg -> calc:遺族年金を計算する
  click preAvg -> calc:遺族年金を計算する
  click preAvg -> calc:遺族年金を計算する
  click preAvg -> calc:遺族年金を計算する
  click preAvg -> calc:遺族年金を計算する
  click preAvg -> calc:遺族年金を計算する
  click preAvg -> calc:遺族年金を計算する
  click preAvg -> calc:遺族年金を計算する
  click preAvg -> calc:遺族年金を計算する
  click preAvg -> calc:遺族年金を計算する
  click preAvg -> calc:遺族年金を計算する
  click null -> calc:遺族年金を計算する
izoku#preAvg: 動く（preMonths=5000000）
  click preMonths -> calc:遺族年金を計算する
  click preMonths -> calc:遺族年金を計算する
  click null -> calc:遺族年金を計算する
izoku#preMonths: 動く（既定）
  click ownRourei -> calc:遺族年金を計算する
  click ownRourei -> calc:遺族年金を計算する
izoku#ownRourei: 動く（when {"koCount":"0","age":"70"}）
  click null -> calc:自動車税の年額を判定する
  click vehicle -> calc:自動車税の年額を判定する
  click vehicle -> calc:自動車税の年額を判定する
  click null -> calc:自動車税の年額を判定する
jidoshazei#vehicle: 動く（既定）
  click cc -> calc:自動車税の年額を判定する
  click cc -> calc:自動車税の年額を判定する
  click null -> calc:自動車税の年額を判定する
jidoshazei#cc: 動く（既定）
  click regyear -> calc:自動車税の年額を判定する
  click regyear -> calc:自動車税の年額を判定する
  click regyear -> calc:自動車税の年額を判定する
  click regyear -> calc:自動車税の年額を判定する
  click regyear -> calc:自動車税の年額を判定する
  click regyear -> calc:自動車税の年額を判定する
  click regyear -> calc:自動車税の年額を判定する
  click regyear -> calc:自動車税の年額を判定する
  click null -> calc:自動車税の年額を判定する
jidoshazei#regyear: 動く（既定）
  click regmonth -> calc:自動車税の年額を判定する
  click regmonth -> calc:自動車税の年額を判定する
  click regmonth -> calc:自動車税の年額を判定する
  click regmonth -> calc:自動車税の年額を判定する
  click regmonth -> calc:自動車税の年額を判定する
  click regmonth -> calc:自動車税の年額を判定する
  click regmonth -> calc:自動車税の年額を判定する
  click regmonth -> calc:自動車税の年額を判定する
  click regmonth -> calc:自動車税の年額を判定する
  click regmonth -> calc:自動車税の年額を判定する
  click regmonth -> calc:自動車税の年額を判定する
  click regmonth -> calc:自動車税の年額を判定する
  click regmonth -> calc:自動車税の年額を判定する
  click regmonth -> calc:自動車税の年額を判定する
  click regmonth -> calc:自動車税の年額を判定する
  click regmonth -> calc:自動車税の年額を判定する
  click regmonth -> calc:自動車税の年額を判定する
  click regmonth -> calc:自動車税の年額を判定する
  click regmonth -> calc:自動車税の年額を判定する
  click regmonth -> calc:自動車税の年額を判定する
  click regmonth -> calc:自動車税の年額を判定する
  click regmonth -> calc:自動車税の年額を判定する
  click regmonth -> calc:自動車税の年額を判定する
  click regmonth -> calc:自動車税の年額を判定する
  click regmonth -> calc:自動車税の年額を判定する
  click regmonth -> calc:自動車税の年額を判定する
  click regmonth -> calc:自動車税の年額を判定する
  click regmonth -> calc:自動車税の年額を判定する
  click regmonth -> calc:自動車税の年額を判定する
  click regmonth -> calc:自動車税の年額を判定する
  click regmonth -> calc:自動車税の年額を判定する
  click regmonth -> calc:自動車税の年額を判定する
  click regmonth -> calc:自動車税の年額を判定する
  click regmonth -> calc:自動車税の年額を判定する
  click regmonth -> calc:自動車税の年額を判定する
  click regmonth -> calc:自動車税の年額を判定する
  click regmonth -> calc:自動車税の年額を判定する
  click regmonth -> calc:自動車税の年額を判定する
  click regmonth -> calc:自動車税の年額を判定する
  click regmonth -> calc:自動車税の年額を判定する
  click regmonth -> calc:自動車税の年額を判定する
  click regmonth -> calc:自動車税の年額を判定する
  click regmonth -> calc:自動車税の年額を判定する
  click regmonth -> calc:自動車税の年額を判定する
  click regmonth -> calc:自動車税の年額を判定する
  click regmonth -> calc:自動車税の年額を判定する
  click regmonth -> calc:自動車税の年額を判定する
  click regmonth -> calc:自動車税の年額を判定する
  click regmonth -> calc:自動車税の年額を判定する
  click regmonth -> calc:自動車税の年額を判定する
  click regmonth -> calc:自動車税の年額を判定する
  click regmonth -> calc:自動車税の年額を判定する
  click regmonth -> calc:自動車税の年額を判定する
  click regmonth -> calc:自動車税の年額を判定する
  click regmonth -> calc:自動車税の年額を判定する
  click regmonth -> calc:自動車税の年額を判定する
  click regmonth -> calc:自動車税の年額を判定する
  click regmonth -> calc:自動車税の年額を判定する
  click regmonth -> calc:自動車税の年額を判定する
  click regmonth -> calc:自動車税の年額を判定する
  click regmonth -> calc:自動車税の年額を判定する
  click regmonth -> calc:自動車税の年額を判定する
  click regmonth -> calc:自動車税の年額を判定する
  click regmonth -> calc:自動車税の年額を判定する
  click regmonth -> calc:自動車税の年額を判定する
  click regmonth -> calc:自動車税の年額を判定する
  click regmonth -> calc:自動車税の年額を判定する
  click regmonth -> calc:自動車税の年額を判定する
  click regmonth -> calc:自動車税の年額を判定する
  click regmonth -> calc:自動車税の年額を判定する
  click regmonth -> calc:自動車税の年額を判定する
  click regmonth -> calc:自動車税の年額を判定する
  click regmonth -> calc:自動車税の年額を判定する
  click regmonth -> calc:自動車税の年額を判定する
  click regmonth -> calc:自動車税の年額を判定する
  click regmonth -> calc:自動車税の年額を判定する
  click regmonth -> calc:自動車税の年額を判定する
  click regmonth -> calc:自動車税の年額を判定する
  click regmonth -> calc:自動車税の年額を判定する
  click regmonth -> calc:自動車税の年額を判定する
  click regmonth -> calc:自動車税の年額を判定する
  click regmonth -> calc:自動車税の年額を判定する
  click regmonth -> calc:自動車税の年額を判定する
  click regmonth -> calc:自動車税の年額を判定する
  click regmonth -> calc:自動車税の年額を判定する
  click regmonth -> calc:自動車税の年額を判定する
  click regmonth -> calc:自動車税の年額を判定する
  click regmonth -> calc:自動車税の年額を判定する
  click regmonth -> calc:自動車税の年額を判定する
  click regmonth -> calc:自動車税の年額を判定する
  click regmonth -> calc:自動車税の年額を判定する
  click regmonth -> calc:自動車税の年額を判定する
  click regmonth -> calc:自動車税の年額を判定する
  click regmonth -> calc:自動車税の年額を判定する
  click regmonth -> calc:自動車税の年額を判定する
  click regmonth -> calc:自動車税の年額を判定する
  click regmonth -> calc:自動車税の年額を判定する
  click regmonth -> calc:自動車税の年額を判定する
  click regmonth -> calc:自動車税の年額を判定する
  click regmonth -> calc:自動車税の年額を判定する
  click regmonth -> calc:自動車税の年額を判定する
  click regmonth -> calc:自動車税の年額を判定する
  click regmonth -> calc:自動車税の年額を判定する
  click regmonth -> calc:自動車税の年額を判定する
  click regmonth -> calc:自動車税の年額を判定する
  click regmonth -> calc:自動車税の年額を判定する
  click regmonth -> calc:自動車税の年額を判定する
  click regmonth -> calc:自動車税の年額を判定する
  click regmonth -> calc:自動車税の年額を判定する
  click regmonth -> calc:自動車税の年額を判定する
  click null -> calc:自動車税の年額を判定する
jidoshazei#regmonth: 動く（proate=__toggle__）
  click fuel -> calc:自動車税の年額を判定する
  click fuel -> calc:自動車税の年額を判定する
  click fuel -> calc:自動車税の年額を判定する
  click fuel -> calc:自動車税の年額を判定する
  click fuel -> calc:自動車税の年額を判定する
  click fuel -> calc:自動車税の年額を判定する
  click fuel -> calc:自動車税の年額を判定する
  click fuel -> calc:自動車税の年額を判定する
  click fuel -> calc:自動車税の年額を判定する
  click fuel -> calc:自動車税の年額を判定する
  click fuel -> calc:自動車税の年額を判定する
  click fuel -> calc:自動車税の年額を判定する
  click fuel -> calc:自動車税の年額を判定する
  click fuel -> calc:自動車税の年額を判定する
  click fuel -> calc:自動車税の年額を判定する
  click fuel -> calc:自動車税の年額を判定する
  click fuel -> calc:自動車税の年額を判定する
  click fuel -> calc:自動車税の年額を判定する
  click fuel -> calc:自動車税の年額を判定する
  click fuel -> calc:自動車税の年額を判定する
  click fuel -> calc:自動車税の年額を判定する
  click fuel -> calc:自動車税の年額を判定する
  click fuel -> calc:自動車税の年額を判定する
  click fuel -> calc:自動車税の年額を判定する
  click fuel -> calc:自動車税の年額を判定する
  click fuel -> calc:自動車税の年額を判定する
  click fuel -> calc:自動車税の年額を判定する
  click fuel -> calc:自動車税の年額を判定する
  click fuel -> calc:自動車税の年額を判定する
  click fuel -> calc:自動車税の年額を判定する
  click fuel -> calc:自動車税の年額を判定する
  click fuel -> calc:自動車税の年額を判定する
  click fuel -> calc:自動車税の年額を判定する
  click fuel -> calc:自動車税の年額を判定する
  click fuel -> calc:自動車税の年額を判定する
  click fuel -> calc:自動車税の年額を判定する
  click fuel -> calc:自動車税の年額を判定する
  click fuel -> calc:自動車税の年額を判定する
  click fuel -> calc:自動車税の年額を判定する
  click fuel -> calc:自動車税の年額を判定する
  click fuel -> calc:自動車税の年額を判定する
  click fuel -> calc:自動車税の年額を判定する
  click fuel -> calc:自動車税の年額を判定する
  click fuel -> calc:自動車税の年額を判定する
  click fuel -> calc:自動車税の年額を判定する
  click fuel -> calc:自動車税の年額を判定する
  click null -> calc:自動車税の年額を判定する
jidoshazei#fuel: 動く（jyuka=__toggle__）
  click jyuka -> calc:自動車税の年額を判定する
  click jyuka -> calc:自動車税の年額を判定する
  click null -> calc:自動車税の年額を判定する
jidoshazei#jyuka: 動く（既定）
  click proate -> calc:自動車税の年額を判定する
  click proate -> calc:自動車税の年額を判定する
  click null -> calc:自動車税の年額を判定する
jidoshazei#proate: 動く（既定）
  click null -> calc:控除額と節税額を計算する
  click jishin -> calc:控除額と節税額を計算する
  click jishin -> calc:控除額と節税額を計算する
  click null -> calc:控除額と節税額を計算する
jishin-hoken-kojo#jishin: 動く（既定）
  click kyuchoki -> calc:控除額と節税額を計算する
  click kyuchoki -> calc:控除額と節税額を計算する
  click null -> calc:控除額と節税額を計算する
jishin-hoken-kojo#kyuchoki: 動く（既定）
  click both -> calc:控除額と節税額を計算する
  click both -> calc:控除額と節税額を計算する
  click null -> calc:控除額と節税額を計算する
jishin-hoken-kojo#both: 動く（既定）
  click kazei -> calc:控除額と節税額を計算する
  click kazei -> calc:控除額と節税額を計算する
  click null -> calc:控除額と節税額を計算する
jishin-hoken-kojo#kazei: 動く（既定）
  click null -> calc:住民税を計算する
  click jichitai -> calc:住民税を計算する
  click jichitai -> calc:住民税を計算する
  click null -> calc:住民税を計算する
juminzei#jichitai: 動く（既定）
  click kyuchi -> calc:住民税を計算する
  click kyuchi -> calc:住民税を計算する
  click kyuchi -> calc:住民税を計算する
  click kyuchi -> calc:住民税を計算する
  click kyuchi -> calc:住民税を計算する
  click kyuchi -> calc:住民税を計算する
  click kyuchi -> calc:住民税を計算する
  click kyuchi -> calc:住民税を計算する
  click kyuchi -> calc:住民税を計算する
  click kyuchi -> calc:住民税を計算する
  click kyuchi -> calc:住民税を計算する
  click kyuchi -> calc:住民税を計算する
  click kyuchi -> calc:住民税を計算する
  click kyuchi -> calc:住民税を計算する
  click kyuchi -> calc:住民税を計算する
  click kyuchi -> calc:住民税を計算する
  click kyuchi -> calc:住民税を計算する
  click kyuchi -> calc:住民税を計算する
  click kyuchi -> calc:住民税を計算する
  click kyuchi -> calc:住民税を計算する
  click kyuchi -> calc:住民税を計算する
  click kyuchi -> calc:住民税を計算する
  click kyuchi -> calc:住民税を計算する
  click kyuchi -> calc:住民税を計算する
  click kyuchi -> calc:住民税を計算する
  click kyuchi -> calc:住民税を計算する
  click kyuchi -> calc:住民税を計算する
  click kyuchi -> calc:住民税を計算する
  click kyuchi -> calc:住民税を計算する
  click kyuchi -> calc:住民税を計算する
  click kyuchi -> calc:住民税を計算する
  click kyuchi -> calc:住民税を計算する
  click kyuchi -> calc:住民税を計算する
  click kyuchi -> calc:住民税を計算する
  click kyuchi -> calc:住民税を計算する
  click kyuchi -> calc:住民税を計算する
  click kyuchi -> calc:住民税を計算する
  click kyuchi -> calc:住民税を計算する
  click kyuchi -> calc:住民税を計算する
  click kyuchi -> calc:住民税を計算する
  click kyuchi -> calc:住民税を計算する
  click kyuchi -> calc:住民税を計算する
  click kyuchi -> calc:住民税を計算する
  click kyuchi -> calc:住民税を計算する
  click kyuchi -> calc:住民税を計算する
  click kyuchi -> calc:住民税を計算する
  click kyuchi -> calc:住民税を計算する
  click kyuchi -> calc:住民税を計算する
  click kyuchi -> calc:住民税を計算する
  click kyuchi -> calc:住民税を計算する
  click kyuchi -> calc:住民税を計算する
  click kyuchi -> calc:住民税を計算する
  click kyuchi -> calc:住民税を計算する
  click kyuchi -> calc:住民税を計算する
  click kyuchi -> calc:住民税を計算する
  click kyuchi -> calc:住民税を計算する
  click kyuchi -> calc:住民税を計算する
  click kyuchi -> calc:住民税を計算する
  click kyuchi -> calc:住民税を計算する
  click kyuchi -> calc:住民税を計算する
  click kyuchi -> calc:住民税を計算する
  click kyuchi -> calc:住民税を計算する
  click kyuchi -> calc:住民税を計算する
  click kyuchi -> calc:住民税を計算する
  click kyuchi -> calc:住民税を計算する
  click kyuchi -> calc:住民税を計算する
  click kyuchi -> calc:住民税を計算する
  click kyuchi -> calc:住民税を計算する
  click kyuchi -> calc:住民税を計算する
  click kyuchi -> calc:住民税を計算する
  click kyuchi -> calc:住民税を計算する
  click kyuchi -> calc:住民税を計算する
  click kyuchi -> calc:住民税を計算する
  click kyuchi -> calc:住民税を計算する
  click null -> calc:住民税を計算する
juminzei#kyuchi: 動く（fuyoNensho=20）
  click shunyu -> calc:住民税を計算する
  click shunyu -> calc:住民税を計算する
  click null -> calc:住民税を計算する
juminzei#shunyu: 動く（既定）
  click age -> calc:住民税を計算する
  click age -> calc:住民税を計算する
  click age -> calc:住民税を計算する
  click age -> calc:住民税を計算する
  click age -> calc:住民税を計算する
  click age -> calc:住民税を計算する
  click age -> calc:住民税を計算する
  click age -> calc:住民税を計算する
  click age -> calc:住民税を計算する
  click age -> calc:住民税を計算する
  click age -> calc:住民税を計算する
  click age -> calc:住民税を計算する
  click age -> calc:住民税を計算する
  click age -> calc:住民税を計算する
  click age -> calc:住民税を計算する
  click age -> calc:住民税を計算する
  click age -> calc:住民税を計算する
  click age -> calc:住民税を計算する
  click age -> calc:住民税を計算する
  click age -> calc:住民税を計算する
  click age -> calc:住民税を計算する
  click age -> calc:住民税を計算する
  click age -> calc:住民税を計算する
  click age -> calc:住民税を計算する
  click age -> calc:住民税を計算する
  click age -> calc:住民税を計算する
  click age -> calc:住民税を計算する
  click age -> calc:住民税を計算する
  click age -> calc:住民税を計算する
  click age -> calc:住民税を計算する
  click age -> calc:住民税を計算する
  click age -> calc:住民税を計算する
  click age -> calc:住民税を計算する
  click age -> calc:住民税を計算する
  click age -> calc:住民税を計算する
  click age -> calc:住民税を計算する
  click age -> calc:住民税を計算する
  click age -> calc:住民税を計算する
  click age -> calc:住民税を計算する
  click age -> calc:住民税を計算する
  click null -> calc:住民税を計算する
juminzei#age: 動く（shakai=）
  click ken -> calc:住民税を計算する
  click ken -> calc:住民税を計算する
  click ken -> calc:住民税を計算する
  click ken -> calc:住民税を計算する
  click ken -> calc:住民税を計算する
  click ken -> calc:住民税を計算する
  click ken -> calc:住民税を計算する
  click ken -> calc:住民税を計算する
  click ken -> calc:住民税を計算する
  click ken -> calc:住民税を計算する
  click ken -> calc:住民税を計算する
  click ken -> calc:住民税を計算する
  click ken -> calc:住民税を計算する
  click ken -> calc:住民税を計算する
  click ken -> calc:住民税を計算する
  click ken -> calc:住民税を計算する
  click ken -> calc:住民税を計算する
  click ken -> calc:住民税を計算する
  click ken -> calc:住民税を計算する
  click ken -> calc:住民税を計算する
  click ken -> calc:住民税を計算する
  click ken -> calc:住民税を計算する
  click ken -> calc:住民税を計算する
  click ken -> calc:住民税を計算する
  click ken -> calc:住民税を計算する
  click ken -> calc:住民税を計算する
  click ken -> calc:住民税を計算する
  click ken -> calc:住民税を計算する
  click ken -> calc:住民税を計算する
  click ken -> calc:住民税を計算する
  click ken -> calc:住民税を計算する
  click ken -> calc:住民税を計算する
  click ken -> calc:住民税を計算する
  click ken -> calc:住民税を計算する
  click ken -> calc:住民税を計算する
  click ken -> calc:住民税を計算する
  click ken -> calc:住民税を計算する
  click ken -> calc:住民税を計算する
  click null -> calc:住民税を計算する
juminzei#ken: 動く（shakai=）
  click shakai -> calc:住民税を計算する
  click shakai -> calc:住民税を計算する
  click null -> calc:住民税を計算する
juminzei#shakai: 動く（既定）
  click haigusha -> calc:住民税を計算する
  click haigusha -> calc:住民税を計算する
  click null -> calc:住民税を計算する
juminzei#haigusha: 動く（既定）
  click fuyoNensho -> calc:住民税を計算する
  click fuyoNensho -> calc:住民税を計算する
  click null -> calc:住民税を計算する
juminzei#fuyoNensho: 動く（既定）
  click fuyoIppan -> calc:住民税を計算する
  click fuyoIppan -> calc:住民税を計算する
  click null -> calc:住民税を計算する
juminzei#fuyoIppan: 動く（既定）
  click fuyoTokutei -> calc:住民税を計算する
  click fuyoTokutei -> calc:住民税を計算する
  click null -> calc:住民税を計算する
juminzei#fuyoTokutei: 動く（既定）
  click fuyoRojin -> calc:住民税を計算する
  click fuyoRojin -> calc:住民税を計算する
  click null -> calc:住民税を計算する
juminzei#fuyoRojin: 動く（既定）
  click fuyoDokyoRooya -> calc:住民税を計算する
  click fuyoDokyoRooya -> calc:住民税を計算する
  click null -> calc:住民税を計算する
juminzei#fuyoDokyoRooya: 動く（既定）
  click sonotaKojo -> calc:住民税を計算する
  click sonotaKojo -> calc:住民税を計算する
  click null -> calc:住民税を計算する
juminzei#sonotaKojo: 動く（既定）
  click sonotaShotoku -> calc:住民税を計算する
  click sonotaShotoku -> calc:住民税を計算する
  click null -> calc:住民税を計算する
juminzei#sonotaShotoku: 動く（既定）
  click hitorioya -> calc:住民税を計算する
  click hitorioya -> calc:住民税を計算する
  click null -> calc:住民税を計算する
juminzei#hitorioya: 動く（既定）
  click hitorioyaSei -> calc:住民税を計算する
  click hitorioyaSei -> calc:住民税を計算する
juminzei#hitorioyaSei: 動く（when {"hitorioya":"true","shunyu":"3000000"}）
  click kafu -> calc:住民税を計算する
  click kafu -> calc:住民税を計算する
  click null -> calc:住民税を計算する
juminzei#kafu: 動く（既定）
  click shogai -> calc:住民税を計算する
  click shogai -> calc:住民税を計算する
  click null -> calc:住民税を計算する
juminzei#shogai: 動く（既定）
  click honninShogai -> calc:住民税を計算する
  click honninShogai -> calc:住民税を計算する
  click null -> calc:住民税を計算する
juminzei#honninShogai: 動く（既定）
  click gakusei -> calc:住民税を計算する
  click gakusei -> calc:住民税を計算する
  click null -> calc:住民税を計算する
juminzei#gakusei: 動く（既定）
  click null -> calc:控除額を計算する
  click type -> calc:控除額を計算する
  click type -> calc:控除額を計算する
  click null -> calc:控除額を計算する
jutaku#type: 動く（既定）
  click kubun -> calc:控除額を計算する
  click kubun -> calc:控除額を計算する
  click null -> calc:控除額を計算する
jutaku#kubun: 動く（既定）
  click year -> calc:控除額を計算する
  click year -> calc:控除額を計算する
  click null -> calc:控除額を計算する
jutaku#year: 動く（既定）
  click zandaka -> calc:控除額を計算する
  click zandaka -> calc:控除額を計算する
  click null -> calc:控除額を計算する
jutaku#zandaka: 動く（既定）
  click tokurei -> calc:控除額を計算する
  click tokurei -> calc:控除額を計算する
  click null -> calc:控除額を計算する
jutaku#tokurei: 動く（既定）
  click keika -> calc:控除額を計算する
  click keika -> calc:控除額を計算する
jutaku#keika: 動く（when {"type":"shinchiku","kubun":"sonota","year":"2026","confirmation":"","completion":"","menseki":"50","redzone":"no"}）
  click confirmation -> calc:控除額を計算する
  click confirmation -> calc:控除額を計算する
jutaku#confirmation: 動く（when {"type":"shinchiku","kubun":"shoene","year":"2028","completion":"","menseki":"50","redzone":"no"}）
  click completion -> calc:控除額を計算する
  click completion -> calc:控除額を計算する
jutaku#completion: 動く（when {"type":"shinchiku","kubun":"shoene","year":"2028","confirmation":"","menseki":"50","redzone":"no"}）
  click redzone -> calc:控除額を計算する
  click redzone -> calc:控除額を計算する
jutaku#redzone: 動く（when {"type":"shinchiku","kubun":"nintei","year":"2028","menseki":"50"}）
  click taika -> calc:控除額を計算する
  click taika -> calc:控除額を計算する
  click null -> calc:控除額を計算する
jutaku#taika: 動く（既定）
  click shotoku -> calc:控除額を計算する
  click shotoku -> calc:控除額を計算する
  click shotoku -> calc:控除額を計算する
  click shotoku -> calc:控除額を計算する
  click shotoku -> calc:控除額を計算する
  click shotoku -> calc:控除額を計算する
  click shotoku -> calc:控除額を計算する
  click shotoku -> calc:控除額を計算する
  click shotoku -> calc:控除額を計算する
  click null -> calc:控除額を計算する
jutaku#shotoku: 動く（既定）
  click menseki -> calc:控除額を計算する
  click menseki -> calc:控除額を計算する
  click menseki -> calc:控除額を計算する
  click menseki -> calc:控除額を計算する
  click menseki -> calc:控除額を計算する
  click menseki -> calc:控除額を計算する
  click menseki -> calc:控除額を計算する
  click null -> calc:控除額を計算する
jutaku#menseki: 動く（既定）
  click shotokuzei -> calc:控除額を計算する
  click shotokuzei -> calc:控除額を計算する
  click null -> calc:控除額を計算する
jutaku#shotokuzei: 動く（既定）
  click kazei -> calc:控除額を計算する
  click kazei -> calc:控除額を計算する
  click null -> calc:控除額を計算する
jutaku#kazei: 動く（既定）
  click null -> calc:壁を超えるといくら減るか計算する
  click pref -> calc:壁を超えるといくら減るか計算する
  click pref -> calc:壁を超えるといくら減るか計算する
  click null -> calc:壁を超えるといくら減るか計算する
kabe#pref: 動く（既定）
  click age -> calc:壁を超えるといくら減るか計算する
  click age -> calc:壁を超えるといくら減るか計算する
  click age -> calc:壁を超えるといくら減るか計算する
  click null -> calc:壁を超えるといくら減るか計算する
kabe#age: 動く（既定）
  click annual -> calc:壁を超えるといくら減るか計算する
  click annual -> calc:壁を超えるといくら減るか計算する
  click null -> calc:壁を超えるといくら減るか計算する
kabe#annual: 動く（既定）
  click radio:wall -> calc:壁を超えるといくら減るか計算する
  click radio:wall -> calc:壁を超えるといくら減るか計算する
  click null -> calc:壁を超えるといくら減るか計算する
kabe#radio:wall: 動く（既定）
  click null -> calc:計算する
  click age -> calc:計算する
  click age -> calc:計算する
  click age -> calc:計算する
  click null -> calc:計算する
kihonteate#age: 動く（既定）
  click monthly -> calc:計算する
  click monthly -> calc:計算する
  click null -> calc:計算する
kihonteate#monthly: 動く（既定）
  click wageBasis -> calc:計算する
  click wageBasis -> calc:計算する
  click null -> calc:計算する
kihonteate#wageBasis: 動く（既定）
  click workDays6m -> calc:計算する
  click workDays6m -> calc:計算する
  click workDays6m -> calc:計算する
  click workDays6m -> calc:計算する
  click workDays6m -> calc:計算する
  click workDays6m -> calc:計算する
  click workDays6m -> calc:計算する
  click workDays6m -> calc:計算する
  click workDays6m -> calc:計算する
  click workDays6m -> calc:計算する
  click workDays6m -> calc:計算する
  click workDays6m -> calc:計算する
  click workDays6m -> calc:計算する
  click workDays6m -> calc:計算する
  click workDays6m -> calc:計算する
  click workDays6m -> calc:計算する
  click workDays6m -> calc:計算する
  click workDays6m -> calc:計算する
  click workDays6m -> calc:計算する
  click workDays6m -> calc:計算する
  click workDays6m -> calc:計算する
  click workDays6m -> calc:計算する
  click workDays6m -> calc:計算する
  click workDays6m -> calc:計算する
  click workDays6m -> calc:計算する
  click workDays6m -> calc:計算する
  click workDays6m -> calc:計算する
  click workDays6m -> calc:計算する
  click workDays6m -> calc:計算する
  click workDays6m -> calc:計算する
  click workDays6m -> calc:計算する
  click workDays6m -> calc:計算する
  click workDays6m -> calc:計算する
  click workDays6m -> calc:計算する
  click workDays6m -> calc:計算する
  click workDays6m -> calc:計算する
  click workDays6m -> calc:計算する
  click workDays6m -> calc:計算する
  click workDays6m -> calc:計算する
  click workDays6m -> calc:計算する
  click workDays6m -> calc:計算する
  click workDays6m -> calc:計算する
  click workDays6m -> calc:計算する
  click workDays6m -> calc:計算する
  click null -> calc:計算する
kihonteate#workDays6m: 動く（wageBasis=daily）
  click period -> calc:計算する
  click period -> calc:計算する
  click null -> calc:計算する
kihonteate#period: 動く（既定）
  click reason -> calc:計算する
  click reason -> calc:計算する
  click null -> calc:計算する
kihonteate#reason: 動く（既定）
  click repeated -> calc:計算する
  click repeated -> calc:計算する
  click null -> calc:計算する
kihonteate#repeated: 動く（既定）
  click training -> calc:計算する
  click training -> calc:計算する
  click null -> calc:計算する
kihonteate#training: 動く（既定）
  click konnan -> calc:計算する
  click konnan -> calc:計算する
  click null -> calc:計算する
kihonteate#konnan: 動く（既定）
  click null -> calc:対象になるか判定する
  click miseinen -> calc:対象になるか判定する
  click miseinen -> calc:対象になるか判定する
  click null -> calc:対象になるか判定する
kinro-gakusei#miseinen: 動く（既定）
  click kyuyo -> calc:対象になるか判定する
  click kyuyo -> calc:対象になるか判定する
  click null -> calc:対象になるか判定する
kinro-gakusei#kyuyo: 動く（既定）
  click kinro-sonota -> calc:対象になるか判定する
  click kinro-sonota -> calc:対象になるか判定する
  click kinro-sonota -> calc:対象になるか判定する
  click null -> calc:対象になるか判定する
kinro-gakusei#kinro-sonota: 動く（既定）
  click hikinro -> calc:対象になるか判定する
  click hikinro -> calc:対象になるか判定する
  click hikinro -> calc:対象になるか判定する
  click null -> calc:対象になるか判定する
kinro-gakusei#hikinro: 動く（既定）
  click shaho -> calc:対象になるか判定する
  click shaho -> calc:対象になるか判定する
  click shaho -> calc:対象になるか判定する
  click null -> calc:対象になるか判定する
kinro-gakusei#shaho: 動く（既定）
  click radio:school -> calc:対象になるか判定する
  click radio:school -> calc:対象になるか判定する
  click null -> calc:対象になるか判定する
kinro-gakusei#radio:school: 動く（既定）
  click null -> calc:計算する
  click shinryo -> calc:計算する
  click shinryo -> calc:計算する
  click null -> calc:計算する
kogaku-ryoyohi#shinryo: 動く（既定）
  click agegroup -> calc:計算する
  click agegroup -> calc:計算する
  click null -> calc:計算する
kogaku-ryoyohi#agegroup: 動く（既定）
  click mode -> calc:計算する
  click mode -> calc:計算する
  click mode -> calc:計算する
  click mode -> calc:計算する
  click mode -> calc:計算する
  click mode -> calc:計算する
  click mode -> calc:計算する
  click mode -> calc:計算する
  click mode -> calc:計算する
  click mode -> calc:計算する
  click mode -> calc:計算する
  click mode -> calc:計算する
  click mode -> calc:計算する
  click mode -> calc:計算する
  click mode -> calc:計算する
  click mode -> calc:計算する
  click mode -> calc:計算する
  click mode -> calc:計算する
  click mode -> calc:計算する
  click mode -> calc:計算する
  click mode -> calc:計算する
  click mode -> calc:計算する
  click mode -> calc:計算する
  click mode -> calc:計算する
  click mode -> calc:計算する
  click mode -> calc:計算する
  click mode -> calc:計算する
  click mode -> calc:計算する
  click mode -> calc:計算する
  click mode -> calc:計算する
  click mode -> calc:計算する
  click mode -> calc:計算する
  click mode -> calc:計算する
  click mode -> calc:計算する
  click mode -> calc:計算する
  click mode -> calc:計算する
  click mode -> calc:計算する
  click mode -> calc:計算する
  click mode -> calc:計算する
  click mode -> calc:計算する
  click mode -> calc:計算する
  click mode -> calc:計算する
  click mode -> calc:計算する
  click mode -> calc:計算する
  click mode -> calc:計算する
  click mode -> calc:計算する
  click mode -> calc:計算する
  click mode -> calc:計算する
  click mode -> calc:計算する
  click mode -> calc:計算する
  click null -> calc:計算する
kogaku-ryoyohi#mode: 動く（monthly=150000）
  click monthly -> calc:計算する
  click monthly -> calc:計算する
  click null -> calc:計算する
kogaku-ryoyohi#monthly: 動く（既定）
  click hikazei -> calc:計算する
  click hikazei -> calc:計算する
  click null -> calc:計算する
kogaku-ryoyohi#hikazei: 動く（既定）
  click tasukai -> calc:計算する
  click tasukai -> calc:計算する
  click null -> calc:計算する
kogaku-ryoyohi#tasukai: 動く（既定）
  click medical1 -> calc:計算する
  click medical1 -> calc:計算する
  click null -> calc:計算する
kogaku-ryoyohi#medical1: 動く（既定）
  click ratio1 -> calc:計算する
  click ratio1 -> calc:計算する
  click null -> calc:計算する
kogaku-ryoyohi#ratio1: 動く（既定）
  click medical2 -> calc:計算する
  click medical2 -> calc:計算する
  click null -> calc:計算する
kogaku-ryoyohi#medical2: 動く（既定）
  click ratio2 -> calc:計算する
  click ratio2 -> calc:計算する
  click null -> calc:計算する
kogaku-ryoyohi#ratio2: 動く（既定）
  click medical3 -> calc:計算する
  click medical3 -> calc:計算する
  click null -> calc:計算する
kogaku-ryoyohi#medical3: 動く（既定）
  click ratio3 -> calc:計算する
  click ratio3 -> calc:計算する
  click null -> calc:計算する
kogaku-ryoyohi#ratio3: 動く（既定）
  click medical4 -> calc:計算する
  click medical4 -> calc:計算する
  click null -> calc:計算する
kogaku-ryoyohi#medical4: 動く（既定）
  click ratio4 -> calc:計算する
  click ratio4 -> calc:計算する
  click null -> calc:計算する
kogaku-ryoyohi#ratio4: 動く（既定）
  click null -> calc:国民健康保険料を計算する
  click iryo_s -> calc:国民健康保険料を計算する
  click iryo_s -> calc:国民健康保険料を計算する
  click iryo_s -> calc:国民健康保険料を計算する
  click iryo_s -> calc:国民健康保険料を計算する
  click iryo_s -> calc:国民健康保険料を計算する
  click iryo_s -> calc:国民健康保険料を計算する
  click iryo_s -> calc:国民健康保険料を計算する
  click iryo_s -> calc:国民健康保険料を計算する
  click iryo_s -> calc:国民健康保険料を計算する
  click iryo_s -> calc:国民健康保険料を計算する
  click iryo_s -> calc:国民健康保険料を計算する
  click iryo_s -> calc:国民健康保険料を計算する
  click iryo_s -> calc:国民健康保険料を計算する
  click iryo_s -> calc:国民健康保険料を計算する
  click iryo_s -> calc:国民健康保険料を計算する
  click iryo_s -> calc:国民健康保険料を計算する
  click iryo_s -> calc:国民健康保険料を計算する
  click iryo_s -> calc:国民健康保険料を計算する
  click iryo_s -> calc:国民健康保険料を計算する
  click iryo_s -> calc:国民健康保険料を計算する
  click iryo_s -> calc:国民健康保険料を計算する
  click iryo_s -> calc:国民健康保険料を計算する
  click iryo_s -> calc:国民健康保険料を計算する
  click iryo_s -> calc:国民健康保険料を計算する
  click iryo_s -> calc:国民健康保険料を計算する
  click iryo_s -> calc:国民健康保険料を計算する
  click iryo_s -> calc:国民健康保険料を計算する
  click iryo_s -> calc:国民健康保険料を計算する
  click iryo_s -> calc:国民健康保険料を計算する
  click iryo_s -> calc:国民健康保険料を計算する
  click iryo_s -> calc:国民健康保険料を計算する
  click iryo_s -> calc:国民健康保険料を計算する
  click iryo_s -> calc:国民健康保険料を計算する
  click iryo_s -> calc:国民健康保険料を計算する
  click iryo_s -> calc:国民健康保険料を計算する
  click iryo_s -> calc:国民健康保険料を計算する
  click iryo_s -> calc:国民健康保険料を計算する
  click iryo_s -> calc:国民健康保険料を計算する
  click iryo_s -> calc:国民健康保険料を計算する
  click iryo_s -> calc:国民健康保険料を計算する
  click iryo_s -> calc:国民健康保険料を計算する
  click iryo_s -> calc:国民健康保険料を計算する
  click iryo_s -> calc:国民健康保険料を計算する
  click iryo_s -> calc:国民健康保険料を計算する
  click iryo_s -> calc:国民健康保険料を計算する
  click iryo_s -> calc:国民健康保険料を計算する
  click iryo_s -> calc:国民健康保険料を計算する
  click iryo_s -> calc:国民健康保険料を計算する
  click iryo_s -> calc:国民健康保険料を計算する
  click iryo_s -> calc:国民健康保険料を計算する
  click iryo_s -> calc:国民健康保険料を計算する
  click iryo_s -> calc:国民健康保険料を計算する
  click iryo_s -> calc:国民健康保険料を計算する
  click iryo_s -> calc:国民健康保険料を計算する
  click iryo_s -> calc:国民健康保険料を計算する
  click iryo_s -> calc:国民健康保険料を計算する
  click iryo_s -> calc:国民健康保険料を計算する
  click iryo_s -> calc:国民健康保険料を計算する
  click iryo_s -> calc:国民健康保険料を計算する
  click iryo_s -> calc:国民健康保険料を計算する
  click iryo_s -> calc:国民健康保険料を計算する
  click iryo_s -> calc:国民健康保険料を計算する
  click iryo_s -> calc:国民健康保険料を計算する
  click iryo_s -> calc:国民健康保険料を計算する
  click iryo_s -> calc:国民健康保険料を計算する
  click iryo_s -> calc:国民健康保険料を計算する
  click iryo_s -> calc:国民健康保険料を計算する
  click iryo_s -> calc:国民健康保険料を計算する
  click iryo_s -> calc:国民健康保険料を計算する
  click iryo_s -> calc:国民健康保険料を計算する
  click iryo_s -> calc:国民健康保険料を計算する
  click iryo_s -> calc:国民健康保険料を計算する
  click iryo_s -> calc:国民健康保険料を計算する
  click iryo_s -> calc:国民健康保険料を計算する
  click iryo_s -> calc:国民健康保険料を計算する
  click iryo_s -> calc:国民健康保険料を計算する
  click iryo_s -> calc:国民健康保険料を計算する
  click iryo_s -> calc:国民健康保険料を計算する
  click iryo_s -> calc:国民健康保険料を計算する
  click iryo_s -> calc:国民健康保険料を計算する
  click iryo_s -> calc:国民健康保険料を計算する
  click iryo_s -> calc:国民健康保険料を計算する
  click iryo_s -> calc:国民健康保険料を計算する
  click iryo_s -> calc:国民健康保険料を計算する
  click iryo_s -> calc:国民健康保険料を計算する
  click iryo_s -> calc:国民健康保険料を計算する
  click iryo_s -> calc:国民健康保険料を計算する
  click iryo_s -> calc:国民健康保険料を計算する
  click iryo_s -> calc:国民健康保険料を計算する
  click iryo_s -> calc:国民健康保険料を計算する
  click iryo_s -> calc:国民健康保険料を計算する
  click iryo_s -> calc:国民健康保険料を計算する
  click iryo_s -> calc:国民健康保険料を計算する
  click iryo_s -> calc:国民健康保険料を計算する
  click iryo_s -> calc:国民健康保険料を計算する
  click iryo_s -> calc:国民健康保険料を計算する
  click iryo_s -> calc:国民健康保険料を計算する
  click iryo_s -> calc:国民健康保険料を計算する
  click iryo_s -> calc:国民健康保険料を計算する
  click iryo_s -> calc:国民健康保険料を計算する
  click iryo_s -> calc:国民健康保険料を計算する
  click iryo_s -> calc:国民健康保険料を計算する
  click iryo_s -> calc:国民健康保険料を計算する
  click iryo_s -> calc:国民健康保険料を計算する
  click iryo_s -> calc:国民健康保険料を計算する
  click iryo_s -> calc:国民健康保険料を計算する
  click iryo_s -> calc:国民健康保険料を計算する
  click iryo_s -> calc:国民健康保険料を計算する
  click iryo_s -> calc:国民健康保険料を計算する
  click iryo_s -> calc:国民健康保険料を計算する
  click iryo_s -> calc:国民健康保険料を計算する
  click iryo_s -> calc:国民健康保険料を計算する
  click iryo_s -> calc:国民健康保険料を計算する
  click iryo_s -> calc:国民健康保険料を計算する
  click iryo_s -> calc:国民健康保険料を計算する
  click iryo_s -> calc:国民健康保険料を計算する
  click iryo_s -> calc:国民健康保険料を計算する
  click iryo_s -> calc:国民健康保険料を計算する
  click iryo_s -> calc:国民健康保険料を計算する
  click iryo_s -> calc:国民健康保険料を計算する
  click iryo_s -> calc:国民健康保険料を計算する
  click iryo_s -> calc:国民健康保険料を計算する
  click iryo_s -> calc:国民健康保険料を計算する
  click iryo_s -> calc:国民健康保険料を計算する
  click iryo_s -> calc:国民健康保険料を計算する
  click iryo_s -> calc:国民健康保険料を計算する
  click iryo_s -> calc:国民健康保険料を計算する
  click iryo_s -> calc:国民健康保険料を計算する
  click iryo_s -> calc:国民健康保険料を計算する
  click iryo_s -> calc:国民健康保険料を計算する
  click iryo_s -> calc:国民健康保険料を計算する
  click iryo_s -> calc:国民健康保険料を計算する
  click iryo_s -> calc:国民健康保険料を計算する
  click iryo_s -> calc:国民健康保険料を計算する
  click iryo_s -> calc:国民健康保険料を計算する
  click iryo_s -> calc:国民健康保険料を計算する
  click iryo_s -> calc:国民健康保険料を計算する
  click iryo_s -> calc:国民健康保険料を計算する
  click iryo_s -> calc:国民健康保険料を計算する
  click iryo_s -> calc:国民健康保険料を計算する
  click iryo_s -> calc:国民健康保険料を計算する
  click iryo_s -> calc:国民健康保険料を計算する
  click iryo_s -> calc:国民健康保険料を計算する
  click iryo_s -> calc:国民健康保険料を計算する
  click iryo_s -> calc:国民健康保険料を計算する
  click iryo_s -> calc:国民健康保険料を計算する
  click iryo_s -> calc:国民健康保険料を計算する
  click iryo_s -> calc:国民健康保険料を計算する
  click iryo_s -> calc:国民健康保険料を計算する
  click iryo_s -> calc:国民健康保険料を計算する
  click iryo_s -> calc:国民健康保険料を計算する
  click iryo_s -> calc:国民健康保険料を計算する
  click iryo_s -> calc:国民健康保険料を計算する
  click iryo_s -> calc:国民健康保険料を計算する
  click iryo_s -> calc:国民健康保険料を計算する
  click iryo_s -> calc:国民健康保険料を計算する
  click iryo_s -> calc:国民健康保険料を計算する
  click iryo_s -> calc:国民健康保険料を計算する
  click iryo_s -> calc:国民健康保険料を計算する
  click iryo_s -> calc:国民健康保険料を計算する
  click iryo_s -> calc:国民健康保険料を計算する
  click iryo_s -> calc:国民健康保険料を計算する
  click iryo_s -> calc:国民健康保険料を計算する
  click iryo_s -> calc:国民健康保険料を計算する
  click iryo_s -> calc:国民健康保険料を計算する
  click iryo_s -> calc:国民健康保険料を計算する
  click iryo_s -> calc:国民健康保険料を計算する
  click iryo_s -> calc:国民健康保険料を計算する
  click iryo_s -> calc:国民健康保険料を計算する
  click iryo_s -> calc:国民健康保険料を計算する
  click iryo_s -> calc:国民健康保険料を計算する
  click iryo_s -> calc:国民健康保険料を計算する
  click iryo_s -> calc:国民健康保険料を計算する
  click iryo_s -> calc:国民健康保険料を計算する
  click iryo_s -> calc:国民健康保険料を計算する
  click iryo_s -> calc:国民健康保険料を計算する
  click iryo_s -> calc:国民健康保険料を計算する
  click iryo_s -> calc:国民健康保険料を計算する
  click iryo_s -> calc:国民健康保険料を計算する
  click iryo_s -> calc:国民健康保険料を計算する
  click iryo_s -> calc:国民健康保険料を計算する
  click iryo_s -> calc:国民健康保険料を計算する
  click iryo_s -> calc:国民健康保険料を計算する
  click iryo_s -> calc:国民健康保険料を計算する
  click iryo_s -> calc:国民健康保険料を計算する
  click iryo_s -> calc:国民健康保険料を計算する
  click iryo_s -> calc:国民健康保険料を計算する
  click iryo_s -> calc:国民健康保険料を計算する
  click iryo_s -> calc:国民健康保険料を計算する
  click iryo_s -> calc:国民健康保険料を計算する
  click iryo_s -> calc:国民健康保険料を計算する
  click iryo_s -> calc:国民健康保険料を計算する
  click iryo_s -> calc:国民健康保険料を計算する
  click iryo_s -> calc:国民健康保険料を計算する
  click iryo_s -> calc:国民健康保険料を計算する
  click iryo_s -> calc:国民健康保険料を計算する
  click iryo_s -> calc:国民健康保険料を計算する
  click iryo_s -> calc:国民健康保険料を計算する
  click iryo_s -> calc:国民健康保険料を計算する
  click iryo_s -> calc:国民健康保険料を計算する
  click iryo_s -> calc:国民健康保険料を計算する
  click iryo_s -> calc:国民健康保険料を計算する
  click iryo_s -> calc:国民健康保険料を計算する
  click iryo_s -> calc:国民健康保険料を計算する
  click iryo_s -> calc:国民健康保険料を計算する
  click iryo_s -> calc:国民健康保険料を計算する
  click iryo_s -> calc:国民健康保険料を計算する
  click iryo_s -> calc:国民健康保険料を計算する
  click iryo_s -> calc:国民健康保険料を計算する
  click iryo_s -> calc:国民健康保険料を計算する
  click iryo_s -> calc:国民健康保険料を計算する
  click iryo_s -> calc:国民健康保険料を計算する
  click iryo_s -> calc:国民健康保険料を計算する
  click iryo_s -> calc:国民健康保険料を計算する
  click iryo_s -> calc:国民健康保険料を計算する
  click iryo_s -> calc:国民健康保険料を計算する
  click iryo_s -> calc:国民健康保険料を計算する
  click iryo_s -> calc:国民健康保険料を計算する
  click iryo_s -> calc:国民健康保険料を計算する
  click iryo_s -> calc:国民健康保険料を計算する
  click iryo_s -> calc:国民健康保険料を計算する
  click iryo_s -> calc:国民健康保険料を計算する
  click iryo_s -> calc:国民健康保険料を計算する
  click iryo_s -> calc:国民健康保険料を計算する
  click iryo_s -> calc:国民健康保険料を計算する
  click iryo_s -> calc:国民健康保険料を計算する
  click iryo_s -> calc:国民健康保険料を計算する
  click iryo_s -> calc:国民健康保険料を計算する
  click iryo_s -> calc:国民健康保険料を計算する
  click iryo_s -> calc:国民健康保険料を計算する
  click iryo_s -> calc:国民健康保険料を計算する
  click iryo_s -> calc:国民健康保険料を計算する
  click iryo_s -> calc:国民健康保険料を計算する
  click iryo_s -> calc:国民健康保険料を計算する
  click iryo_s -> calc:国民健康保険料を計算する
  click iryo_s -> calc:国民健康保険料を計算する
  click iryo_s -> calc:国民健康保険料を計算する
  click iryo_s -> calc:国民健康保険料を計算する
  click iryo_s -> calc:国民健康保険料を計算する
  click iryo_s -> calc:国民健康保険料を計算する
  click iryo_s -> calc:国民健康保険料を計算する
  click iryo_s -> calc:国民健康保険料を計算する
  click iryo_s -> calc:国民健康保険料を計算する
  click iryo_s -> calc:国民健康保険料を計算する
  click iryo_s -> calc:国民健康保険料を計算する
  click iryo_s -> calc:国民健康保険料を計算する
  click iryo_s -> calc:国民健康保険料を計算する
  click iryo_s -> calc:国民健康保険料を計算する
  click iryo_s -> calc:国民健康保険料を計算する
  click iryo_s -> calc:国民健康保険料を計算する
  click iryo_s -> calc:国民健康保険料を計算する
  click iryo_s -> calc:国民健康保険料を計算する
  click iryo_s -> calc:国民健康保険料を計算する
  click iryo_s -> calc:国民健康保険料を計算する
  click iryo_s -> calc:国民健康保険料を計算する
  click iryo_s -> calc:国民健康保険料を計算する
  click iryo_s -> calc:国民健康保険料を計算する
  click iryo_s -> calc:国民健康保険料を計算する
  click iryo_s -> calc:国民健康保険料を計算する
  click iryo_s -> calc:国民健康保険料を計算する
  click iryo_s -> calc:国民健康保険料を計算する
  click iryo_s -> calc:国民健康保険料を計算する
  click iryo_s -> calc:国民健康保険料を計算する
  click iryo_s -> calc:国民健康保険料を計算する
  click iryo_s -> calc:国民健康保険料を計算する
  click iryo_s -> calc:国民健康保険料を計算する
  click iryo_s -> calc:国民健康保険料を計算する
  click iryo_s -> calc:国民健康保険料を計算する
  click iryo_s -> calc:国民健康保険料を計算する
  click iryo_s -> calc:国民健康保険料を計算する
  click iryo_s -> calc:国民健康保険料を計算する
  click iryo_s -> calc:国民健康保険料を計算する
  click iryo_s -> calc:国民健康保険料を計算する
  click iryo_s -> calc:国民健康保険料を計算する
  click iryo_s -> calc:国民健康保険料を計算する
  click iryo_s -> calc:国民健康保険料を計算する
  click iryo_s -> calc:国民健康保険料を計算する
  click iryo_s -> calc:国民健康保険料を計算する
  click iryo_s -> calc:国民健康保険料を計算する
  click iryo_s -> calc:国民健康保険料を計算する
  click iryo_s -> calc:国民健康保険料を計算する
  click iryo_s -> calc:国民健康保険料を計算する
  click iryo_s -> calc:国民健康保険料を計算する
  click iryo_s -> calc:国民健康保険料を計算する
  click iryo_s -> calc:国民健康保険料を計算する
  click iryo_s -> calc:国民健康保険料を計算する
  click iryo_s -> calc:国民健康保険料を計算する
  click iryo_s -> calc:国民健康保険料を計算する
  click iryo_s -> calc:国民健康保険料を計算する
  click iryo_s -> calc:国民健康保険料を計算する
  click iryo_s -> calc:国民健康保険料を計算する
  click iryo_s -> calc:国民健康保険料を計算する
  click iryo_s -> calc:国民健康保険料を計算する
  click iryo_s -> calc:国民健康保険料を計算する
  click iryo_s -> calc:国民健康保険料を計算する
  click iryo_s -> calc:国民健康保険料を計算する
  click iryo_s -> calc:国民健康保険料を計算する
  click iryo_s -> calc:国民健康保険料を計算する
  click iryo_s -> calc:国民健康保険料を計算する
  click iryo_s -> calc:国民健康保険料を計算する
  click iryo_s -> calc:国民健康保険料を計算する
  click iryo_s -> calc:国民健康保険料を計算する
  click iryo_s -> calc:国民健康保険料を計算する
  click iryo_s -> calc:国民健康保険料を計算する
  click iryo_s -> calc:国民健康保険料を計算する
  click iryo_s -> calc:国民健康保険料を計算する
  click iryo_s -> calc:国民健康保険料を計算する
  click iryo_s -> calc:国民健康保険料を計算する
  click iryo_s -> calc:国民健康保険料を計算する
  click iryo_s -> calc:国民健康保険料を計算する
  click iryo_s -> calc:国民健康保険料を計算する
  click iryo_s -> calc:国民健康保険料を計算する
  click iryo_s -> calc:国民健康保険料を計算する
  click iryo_s -> calc:国民健康保険料を計算する
  click iryo_s -> calc:国民健康保険料を計算する
  click iryo_s -> calc:国民健康保険料を計算する
  click iryo_s -> calc:国民健康保険料を計算する
  click iryo_s -> calc:国民健康保険料を計算する
  click iryo_s -> calc:国民健康保険料を計算する
  click iryo_s -> calc:国民健康保険料を計算する
  click iryo_s -> calc:国民健康保険料を計算する
  click iryo_s -> calc:国民健康保険料を計算する
  click iryo_s -> calc:国民健康保険料を計算する
  click iryo_s -> calc:国民健康保険料を計算する
  click iryo_s -> calc:国民健康保険料を計算する
  click iryo_s -> calc:国民健康保険料を計算する
  click iryo_s -> calc:国民健康保険料を計算する
  click iryo_s -> calc:国民健康保険料を計算する
  click iryo_s -> calc:国民健康保険料を計算する
  click iryo_s -> calc:国民健康保険料を計算する
  click iryo_s -> calc:国民健康保険料を計算する
  click iryo_s -> calc:国民健康保険料を計算する
  click iryo_s -> calc:国民健康保険料を計算する
  click iryo_s -> calc:国民健康保険料を計算する
  click iryo_s -> calc:国民健康保険料を計算する
  click iryo_s -> calc:国民健康保険料を計算する
  click iryo_s -> calc:国民健康保険料を計算する
  click iryo_s -> calc:国民健康保険料を計算する
  click iryo_s -> calc:国民健康保険料を計算する
  click iryo_s -> calc:国民健康保険料を計算する
  click iryo_s -> calc:国民健康保険料を計算する
  click iryo_s -> calc:国民健康保険料を計算する
  click iryo_s -> calc:国民健康保険料を計算する
  click iryo_s -> calc:国民健康保険料を計算する
  click iryo_s -> calc:国民健康保険料を計算する
  click iryo_s -> calc:国民健康保険料を計算する
  click iryo_s -> calc:国民健康保険料を計算する
  click iryo_s -> calc:国民健康保険料を計算する
  click iryo_s -> calc:国民健康保険料を計算する
  click iryo_s -> calc:国民健康保険料を計算する
  click iryo_s -> calc:国民健康保険料を計算する
  click iryo_s -> calc:国民健康保険料を計算する
  click iryo_s -> calc:国民健康保険料を計算する
  click iryo_s -> calc:国民健康保険料を計算する
  click iryo_s -> calc:国民健康保険料を計算する
  click iryo_s -> calc:国民健康保険料を計算する
  click iryo_s -> calc:国民健康保険料を計算する
  click iryo_s -> calc:国民健康保険料を計算する
  click iryo_s -> calc:国民健康保険料を計算する
  click iryo_s -> calc:国民健康保険料を計算する
  click iryo_s -> calc:国民健康保険料を計算する
  click iryo_s -> calc:国民健康保険料を計算する
  click iryo_s -> calc:国民健康保険料を計算する
  click iryo_s -> calc:国民健康保険料を計算する
  click iryo_s -> calc:国民健康保険料を計算する
  click iryo_s -> calc:国民健康保険料を計算する
  click iryo_s -> calc:国民健康保険料を計算する
  click iryo_s -> calc:国民健康保険料を計算する
  click iryo_s -> calc:国民健康保険料を計算する
  click iryo_s -> calc:国民健康保険料を計算する
  click iryo_s -> calc:国民健康保険料を計算する
  click iryo_s -> calc:国民健康保険料を計算する
  click iryo_s -> calc:国民健康保険料を計算する
  click iryo_s -> calc:国民健康保険料を計算する
  click iryo_s -> calc:国民健康保険料を計算する
  click iryo_s -> calc:国民健康保険料を計算する
  click iryo_s -> calc:国民健康保険料を計算する
  click iryo_s -> calc:国民健康保険料を計算する
  click iryo_s -> calc:国民健康保険料を計算する
  click iryo_s -> calc:国民健康保険料を計算する
  click iryo_s -> calc:国民健康保険料を計算する
  click iryo_s -> calc:国民健康保険料を計算する
  click iryo_s -> calc:国民健康保険料を計算する
  click iryo_s -> calc:国民健康保険料を計算する
  click iryo_s -> calc:国民健康保険料を計算する
  click iryo_s -> calc:国民健康保険料を計算する
  click iryo_s -> calc:国民健康保険料を計算する
  click iryo_s -> calc:国民健康保険料を計算する
  click iryo_s -> calc:国民健康保険料を計算する
  click iryo_s -> calc:国民健康保険料を計算する
  click iryo_s -> calc:国民健康保険料を計算する
  click iryo_s -> calc:国民健康保険料を計算する
  click iryo_s -> calc:国民健康保険料を計算する
  click iryo_s -> calc:国民健康保険料を計算する
  click iryo_s -> calc:国民健康保険料を計算する
  click iryo_s -> calc:国民健康保険料を計算する
  click iryo_s -> calc:国民健康保険料を計算する
  click iryo_s -> calc:国民健康保険料を計算する
  click iryo_s -> calc:国民健康保険料を計算する
  click iryo_s -> calc:国民健康保険料を計算する
  click iryo_s -> calc:国民健康保険料を計算する
  click iryo_s -> calc:国民健康保険料を計算する
  click iryo_s -> calc:国民健康保険料を計算する
  click iryo_s -> calc:国民健康保険料を計算する
  click iryo_s -> calc:国民健康保険料を計算する
  click iryo_s -> calc:国民健康保険料を計算する
  click iryo_s -> calc:国民健康保険料を計算する
  click iryo_s -> calc:国民健康保険料を計算する
  click iryo_s -> calc:国民健康保険料を計算する
  click iryo_s -> calc:国民健康保険料を計算する
  click iryo_s -> calc:国民健康保険料を計算する
  click iryo_s -> calc:国民健康保険料を計算する
  click iryo_s -> calc:国民健康保険料を計算する
  click iryo_s -> calc:国民健康保険料を計算する
  click iryo_s -> calc:国民健康保険料を計算する
  click iryo_s -> calc:国民健康保険料を計算する
  click iryo_s -> calc:国民健康保険料を計算する
  click iryo_s -> calc:国民健康保険料を計算する
  click iryo_s -> calc:国民健康保険料を計算する
  click iryo_s -> calc:国民健康保険料を計算する
  click iryo_s -> calc:国民健康保険料を計算する
  click iryo_s -> calc:国民健康保険料を計算する
  click iryo_s -> calc:国民健康保険料を計算する
  click iryo_s -> calc:国民健康保険料を計算する
  click iryo_s -> calc:国民健康保険料を計算する
  click iryo_s -> calc:国民健康保険料を計算する
  click iryo_s -> calc:国民健康保険料を計算する
  click iryo_s -> calc:国民健康保険料を計算する
  click iryo_s -> calc:国民健康保険料を計算する
  click iryo_s -> calc:国民健康保険料を計算する
  click iryo_s -> calc:国民健康保険料を計算する
  click iryo_s -> calc:国民健康保険料を計算する
  click iryo_s -> calc:国民健康保険料を計算する
  click iryo_s -> calc:国民健康保険料を計算する
  click iryo_s -> calc:国民健康保険料を計算する
  click iryo_s -> calc:国民健康保険料を計算する
  click iryo_s -> calc:国民健康保険料を計算する
  click iryo_s -> calc:国民健康保険料を計算する
  click iryo_s -> calc:国民健康保険料を計算する
  click iryo_s -> calc:国民健康保険料を計算する
  click iryo_s -> calc:国民健康保険料を計算する
  click iryo_s -> calc:国民健康保険料を計算する
  click iryo_s -> calc:国民健康保険料を計算する
  click iryo_s -> calc:国民健康保険料を計算する
  click iryo_s -> calc:国民健康保険料を計算する
  click iryo_s -> calc:国民健康保険料を計算する
  click iryo_s -> calc:国民健康保険料を計算する
  click iryo_s -> calc:国民健康保険料を計算する
  click iryo_s -> calc:国民健康保険料を計算する
  click iryo_s -> calc:国民健康保険料を計算する
  click iryo_s -> calc:国民健康保険料を計算する
  click null -> calc:国民健康保険料を計算する
kokuho#iryo_s: 動く（shotoku0=5000000）
  click iryo_k -> calc:国民健康保険料を計算する
  click iryo_k -> calc:国民健康保険料を計算する
  click null -> calc:国民健康保険料を計算する
kokuho#iryo_k: 動く（既定）
  click iryo_h -> calc:国民健康保険料を計算する
  click iryo_h -> calc:国民健康保険料を計算する
  click null -> calc:国民健康保険料を計算する
kokuho#iryo_h: 動く（既定）
  click shien_s -> calc:国民健康保険料を計算する
  click shien_s -> calc:国民健康保険料を計算する
  click shien_s -> calc:国民健康保険料を計算する
  click shien_s -> calc:国民健康保険料を計算する
  click shien_s -> calc:国民健康保険料を計算する
  click shien_s -> calc:国民健康保険料を計算する
  click shien_s -> calc:国民健康保険料を計算する
  click shien_s -> calc:国民健康保険料を計算する
  click shien_s -> calc:国民健康保険料を計算する
  click shien_s -> calc:国民健康保険料を計算する
  click shien_s -> calc:国民健康保険料を計算する
  click shien_s -> calc:国民健康保険料を計算する
  click shien_s -> calc:国民健康保険料を計算する
  click shien_s -> calc:国民健康保険料を計算する
  click shien_s -> calc:国民健康保険料を計算する
  click shien_s -> calc:国民健康保険料を計算する
  click shien_s -> calc:国民健康保険料を計算する
  click shien_s -> calc:国民健康保険料を計算する
  click shien_s -> calc:国民健康保険料を計算する
  click shien_s -> calc:国民健康保険料を計算する
  click shien_s -> calc:国民健康保険料を計算する
  click shien_s -> calc:国民健康保険料を計算する
  click shien_s -> calc:国民健康保険料を計算する
  click shien_s -> calc:国民健康保険料を計算する
  click shien_s -> calc:国民健康保険料を計算する
  click shien_s -> calc:国民健康保険料を計算する
  click shien_s -> calc:国民健康保険料を計算する
  click shien_s -> calc:国民健康保険料を計算する
  click shien_s -> calc:国民健康保険料を計算する
  click shien_s -> calc:国民健康保険料を計算する
  click shien_s -> calc:国民健康保険料を計算する
  click shien_s -> calc:国民健康保険料を計算する
  click shien_s -> calc:国民健康保険料を計算する
  click shien_s -> calc:国民健康保険料を計算する
  click shien_s -> calc:国民健康保険料を計算する
  click shien_s -> calc:国民健康保険料を計算する
  click shien_s -> calc:国民健康保険料を計算する
  click shien_s -> calc:国民健康保険料を計算する
  click shien_s -> calc:国民健康保険料を計算する
  click shien_s -> calc:国民健康保険料を計算する
  click shien_s -> calc:国民健康保険料を計算する
  click shien_s -> calc:国民健康保険料を計算する
  click shien_s -> calc:国民健康保険料を計算する
  click shien_s -> calc:国民健康保険料を計算する
  click shien_s -> calc:国民健康保険料を計算する
  click shien_s -> calc:国民健康保険料を計算する
  click shien_s -> calc:国民健康保険料を計算する
  click shien_s -> calc:国民健康保険料を計算する
  click shien_s -> calc:国民健康保険料を計算する
  click shien_s -> calc:国民健康保険料を計算する
  click shien_s -> calc:国民健康保険料を計算する
  click shien_s -> calc:国民健康保険料を計算する
  click shien_s -> calc:国民健康保険料を計算する
  click shien_s -> calc:国民健康保険料を計算する
  click shien_s -> calc:国民健康保険料を計算する
  click shien_s -> calc:国民健康保険料を計算する
  click shien_s -> calc:国民健康保険料を計算する
  click shien_s -> calc:国民健康保険料を計算する
  click shien_s -> calc:国民健康保険料を計算する
  click shien_s -> calc:国民健康保険料を計算する
  click shien_s -> calc:国民健康保険料を計算する
  click shien_s -> calc:国民健康保険料を計算する
  click shien_s -> calc:国民健康保険料を計算する
  click shien_s -> calc:国民健康保険料を計算する
  click shien_s -> calc:国民健康保険料を計算する
  click shien_s -> calc:国民健康保険料を計算する
  click shien_s -> calc:国民健康保険料を計算する
  click shien_s -> calc:国民健康保険料を計算する
  click shien_s -> calc:国民健康保険料を計算する
  click shien_s -> calc:国民健康保険料を計算する
  click shien_s -> calc:国民健康保険料を計算する
  click shien_s -> calc:国民健康保険料を計算する
  click shien_s -> calc:国民健康保険料を計算する
  click shien_s -> calc:国民健康保険料を計算する
  click shien_s -> calc:国民健康保険料を計算する
  click shien_s -> calc:国民健康保険料を計算する
  click shien_s -> calc:国民健康保険料を計算する
  click shien_s -> calc:国民健康保険料を計算する
  click shien_s -> calc:国民健康保険料を計算する
  click shien_s -> calc:国民健康保険料を計算する
  click shien_s -> calc:国民健康保険料を計算する
  click shien_s -> calc:国民健康保険料を計算する
  click shien_s -> calc:国民健康保険料を計算する
  click shien_s -> calc:国民健康保険料を計算する
  click shien_s -> calc:国民健康保険料を計算する
  click shien_s -> calc:国民健康保険料を計算する
  click shien_s -> calc:国民健康保険料を計算する
  click shien_s -> calc:国民健康保険料を計算する
  click shien_s -> calc:国民健康保険料を計算する
  click shien_s -> calc:国民健康保険料を計算する
  click shien_s -> calc:国民健康保険料を計算する
  click shien_s -> calc:国民健康保険料を計算する
  click shien_s -> calc:国民健康保険料を計算する
  click shien_s -> calc:国民健康保険料を計算する
  click shien_s -> calc:国民健康保険料を計算する
  click shien_s -> calc:国民健康保険料を計算する
  click shien_s -> calc:国民健康保険料を計算する
  click shien_s -> calc:国民健康保険料を計算する
  click shien_s -> calc:国民健康保険料を計算する
  click shien_s -> calc:国民健康保険料を計算する
  click shien_s -> calc:国民健康保険料を計算する
  click shien_s -> calc:国民健康保険料を計算する
  click shien_s -> calc:国民健康保険料を計算する
  click shien_s -> calc:国民健康保険料を計算する
  click shien_s -> calc:国民健康保険料を計算する
  click shien_s -> calc:国民健康保険料を計算する
  click shien_s -> calc:国民健康保険料を計算する
  click shien_s -> calc:国民健康保険料を計算する
  click shien_s -> calc:国民健康保険料を計算する
  click shien_s -> calc:国民健康保険料を計算する
  click shien_s -> calc:国民健康保険料を計算する
  click shien_s -> calc:国民健康保険料を計算する
  click shien_s -> calc:国民健康保険料を計算する
  click shien_s -> calc:国民健康保険料を計算する
  click shien_s -> calc:国民健康保険料を計算する
  click shien_s -> calc:国民健康保険料を計算する
  click shien_s -> calc:国民健康保険料を計算する
  click shien_s -> calc:国民健康保険料を計算する
  click shien_s -> calc:国民健康保険料を計算する
  click shien_s -> calc:国民健康保険料を計算する
  click shien_s -> calc:国民健康保険料を計算する
  click shien_s -> calc:国民健康保険料を計算する
  click shien_s -> calc:国民健康保険料を計算する
  click shien_s -> calc:国民健康保険料を計算する
  click shien_s -> calc:国民健康保険料を計算する
  click shien_s -> calc:国民健康保険料を計算する
  click shien_s -> calc:国民健康保険料を計算する
  click shien_s -> calc:国民健康保険料を計算する
  click shien_s -> calc:国民健康保険料を計算する
  click shien_s -> calc:国民健康保険料を計算する
  click shien_s -> calc:国民健康保険料を計算する
  click shien_s -> calc:国民健康保険料を計算する
  click shien_s -> calc:国民健康保険料を計算する
  click shien_s -> calc:国民健康保険料を計算する
  click shien_s -> calc:国民健康保険料を計算する
  click shien_s -> calc:国民健康保険料を計算する
  click shien_s -> calc:国民健康保険料を計算する
  click shien_s -> calc:国民健康保険料を計算する
  click shien_s -> calc:国民健康保険料を計算する
  click shien_s -> calc:国民健康保険料を計算する
  click shien_s -> calc:国民健康保険料を計算する
  click shien_s -> calc:国民健康保険料を計算する
  click shien_s -> calc:国民健康保険料を計算する
  click shien_s -> calc:国民健康保険料を計算する
  click shien_s -> calc:国民健康保険料を計算する
  click shien_s -> calc:国民健康保険料を計算する
  click shien_s -> calc:国民健康保険料を計算する
  click shien_s -> calc:国民健康保険料を計算する
  click shien_s -> calc:国民健康保険料を計算する
  click shien_s -> calc:国民健康保険料を計算する
  click shien_s -> calc:国民健康保険料を計算する
  click shien_s -> calc:国民健康保険料を計算する
  click shien_s -> calc:国民健康保険料を計算する
  click shien_s -> calc:国民健康保険料を計算する
  click shien_s -> calc:国民健康保険料を計算する
  click shien_s -> calc:国民健康保険料を計算する
  click shien_s -> calc:国民健康保険料を計算する
  click shien_s -> calc:国民健康保険料を計算する
  click shien_s -> calc:国民健康保険料を計算する
  click shien_s -> calc:国民健康保険料を計算する
  click shien_s -> calc:国民健康保険料を計算する
  click shien_s -> calc:国民健康保険料を計算する
  click shien_s -> calc:国民健康保険料を計算する
  click shien_s -> calc:国民健康保険料を計算する
  click shien_s -> calc:国民健康保険料を計算する
  click shien_s -> calc:国民健康保険料を計算する
  click shien_s -> calc:国民健康保険料を計算する
  click shien_s -> calc:国民健康保険料を計算する
  click shien_s -> calc:国民健康保険料を計算する
  click shien_s -> calc:国民健康保険料を計算する
  click shien_s -> calc:国民健康保険料を計算する
  click shien_s -> calc:国民健康保険料を計算する
  click shien_s -> calc:国民健康保険料を計算する
  click shien_s -> calc:国民健康保険料を計算する
  click shien_s -> calc:国民健康保険料を計算する
  click shien_s -> calc:国民健康保険料を計算する
  click shien_s -> calc:国民健康保険料を計算する
  click shien_s -> calc:国民健康保険料を計算する
  click shien_s -> calc:国民健康保険料を計算する
  click shien_s -> calc:国民健康保険料を計算する
  click shien_s -> calc:国民健康保険料を計算する
  click shien_s -> calc:国民健康保険料を計算する
  click shien_s -> calc:国民健康保険料を計算する
  click shien_s -> calc:国民健康保険料を計算する
  click shien_s -> calc:国民健康保険料を計算する
  click shien_s -> calc:国民健康保険料を計算する
  click shien_s -> calc:国民健康保険料を計算する
  click shien_s -> calc:国民健康保険料を計算する
  click shien_s -> calc:国民健康保険料を計算する
  click shien_s -> calc:国民健康保険料を計算する
  click shien_s -> calc:国民健康保険料を計算する
  click shien_s -> calc:国民健康保険料を計算する
  click shien_s -> calc:国民健康保険料を計算する
  click shien_s -> calc:国民健康保険料を計算する
  click shien_s -> calc:国民健康保険料を計算する
  click shien_s -> calc:国民健康保険料を計算する
  click shien_s -> calc:国民健康保険料を計算する
  click shien_s -> calc:国民健康保険料を計算する
  click shien_s -> calc:国民健康保険料を計算する
  click shien_s -> calc:国民健康保険料を計算する
  click shien_s -> calc:国民健康保険料を計算する
  click shien_s -> calc:国民健康保険料を計算する
  click shien_s -> calc:国民健康保険料を計算する
  click shien_s -> calc:国民健康保険料を計算する
  click shien_s -> calc:国民健康保険料を計算する
  click shien_s -> calc:国民健康保険料を計算する
  click shien_s -> calc:国民健康保険料を計算する
  click shien_s -> calc:国民健康保険料を計算する
  click shien_s -> calc:国民健康保険料を計算する
  click shien_s -> calc:国民健康保険料を計算する
  click shien_s -> calc:国民健康保険料を計算する
  click shien_s -> calc:国民健康保険料を計算する
  click shien_s -> calc:国民健康保険料を計算する
  click shien_s -> calc:国民健康保険料を計算する
  click shien_s -> calc:国民健康保険料を計算する
  click shien_s -> calc:国民健康保険料を計算する
  click shien_s -> calc:国民健康保険料を計算する
  click shien_s -> calc:国民健康保険料を計算する
  click shien_s -> calc:国民健康保険料を計算する
  click shien_s -> calc:国民健康保険料を計算する
  click shien_s -> calc:国民健康保険料を計算する
  click shien_s -> calc:国民健康保険料を計算する
  click shien_s -> calc:国民健康保険料を計算する
  click shien_s -> calc:国民健康保険料を計算する
  click shien_s -> calc:国民健康保険料を計算する
  click shien_s -> calc:国民健康保険料を計算する
  click shien_s -> calc:国民健康保険料を計算する
  click shien_s -> calc:国民健康保険料を計算する
  click shien_s -> calc:国民健康保険料を計算する
  click shien_s -> calc:国民健康保険料を計算する
  click shien_s -> calc:国民健康保険料を計算する
  click shien_s -> calc:国民健康保険料を計算する
  click shien_s -> calc:国民健康保険料を計算する
  click shien_s -> calc:国民健康保険料を計算する
  click shien_s -> calc:国民健康保険料を計算する
  click shien_s -> calc:国民健康保険料を計算する
  click shien_s -> calc:国民健康保険料を計算する
  click shien_s -> calc:国民健康保険料を計算する
  click shien_s -> calc:国民健康保険料を計算する
  click shien_s -> calc:国民健康保険料を計算する
  click shien_s -> calc:国民健康保険料を計算する
  click shien_s -> calc:国民健康保険料を計算する
  click shien_s -> calc:国民健康保険料を計算する
  click shien_s -> calc:国民健康保険料を計算する
  click shien_s -> calc:国民健康保険料を計算する
  click shien_s -> calc:国民健康保険料を計算する
  click shien_s -> calc:国民健康保険料を計算する
  click shien_s -> calc:国民健康保険料を計算する
  click shien_s -> calc:国民健康保険料を計算する
  click shien_s -> calc:国民健康保険料を計算する
  click shien_s -> calc:国民健康保険料を計算する
  click shien_s -> calc:国民健康保険料を計算する
  click shien_s -> calc:国民健康保険料を計算する
  click shien_s -> calc:国民健康保険料を計算する
  click shien_s -> calc:国民健康保険料を計算する
  click shien_s -> calc:国民健康保険料を計算する
  click shien_s -> calc:国民健康保険料を計算する
  click shien_s -> calc:国民健康保険料を計算する
  click shien_s -> calc:国民健康保険料を計算する
  click shien_s -> calc:国民健康保険料を計算する
  click shien_s -> calc:国民健康保険料を計算する
  click shien_s -> calc:国民健康保険料を計算する
  click shien_s -> calc:国民健康保険料を計算する
  click shien_s -> calc:国民健康保険料を計算する
  click shien_s -> calc:国民健康保険料を計算する
  click shien_s -> calc:国民健康保険料を計算する
  click shien_s -> calc:国民健康保険料を計算する
  click shien_s -> calc:国民健康保険料を計算する
  click shien_s -> calc:国民健康保険料を計算する
  click shien_s -> calc:国民健康保険料を計算する
  click shien_s -> calc:国民健康保険料を計算する
  click shien_s -> calc:国民健康保険料を計算する
  click shien_s -> calc:国民健康保険料を計算する
  click shien_s -> calc:国民健康保険料を計算する
  click shien_s -> calc:国民健康保険料を計算する
  click shien_s -> calc:国民健康保険料を計算する
  click shien_s -> calc:国民健康保険料を計算する
  click shien_s -> calc:国民健康保険料を計算する
  click shien_s -> calc:国民健康保険料を計算する
  click shien_s -> calc:国民健康保険料を計算する
  click shien_s -> calc:国民健康保険料を計算する
  click shien_s -> calc:国民健康保険料を計算する
  click shien_s -> calc:国民健康保険料を計算する
  click shien_s -> calc:国民健康保険料を計算する
  click shien_s -> calc:国民健康保険料を計算する
  click shien_s -> calc:国民健康保険料を計算する
  click shien_s -> calc:国民健康保険料を計算する
  click shien_s -> calc:国民健康保険料を計算する
  click shien_s -> calc:国民健康保険料を計算する
  click shien_s -> calc:国民健康保険料を計算する
  click shien_s -> calc:国民健康保険料を計算する
  click shien_s -> calc:国民健康保険料を計算する
  click shien_s -> calc:国民健康保険料を計算する
  click shien_s -> calc:国民健康保険料を計算する
  click shien_s -> calc:国民健康保険料を計算する
  click shien_s -> calc:国民健康保険料を計算する
  click shien_s -> calc:国民健康保険料を計算する
  click shien_s -> calc:国民健康保険料を計算する
  click shien_s -> calc:国民健康保険料を計算する
  click shien_s -> calc:国民健康保険料を計算する
  click shien_s -> calc:国民健康保険料を計算する
  click shien_s -> calc:国民健康保険料を計算する
  click shien_s -> calc:国民健康保険料を計算する
  click shien_s -> calc:国民健康保険料を計算する
  click shien_s -> calc:国民健康保険料を計算する
  click shien_s -> calc:国民健康保険料を計算する
  click shien_s -> calc:国民健康保険料を計算する
  click shien_s -> calc:国民健康保険料を計算する
  click shien_s -> calc:国民健康保険料を計算する
  click shien_s -> calc:国民健康保険料を計算する
  click shien_s -> calc:国民健康保険料を計算する
  click shien_s -> calc:国民健康保険料を計算する
  click shien_s -> calc:国民健康保険料を計算する
  click shien_s -> calc:国民健康保険料を計算する
  click shien_s -> calc:国民健康保険料を計算する
  click shien_s -> calc:国民健康保険料を計算する
  click shien_s -> calc:国民健康保険料を計算する
  click shien_s -> calc:国民健康保険料を計算する
  click shien_s -> calc:国民健康保険料を計算する
  click shien_s -> calc:国民健康保険料を計算する
  click shien_s -> calc:国民健康保険料を計算する
  click shien_s -> calc:国民健康保険料を計算する
  click shien_s -> calc:国民健康保険料を計算する
  click shien_s -> calc:国民健康保険料を計算する
  click shien_s -> calc:国民健康保険料を計算する
  click shien_s -> calc:国民健康保険料を計算する
  click shien_s -> calc:国民健康保険料を計算する
  click shien_s -> calc:国民健康保険料を計算する
  click shien_s -> calc:国民健康保険料を計算する
  click shien_s -> calc:国民健康保険料を計算する
  click shien_s -> calc:国民健康保険料を計算する
  click shien_s -> calc:国民健康保険料を計算する
  click shien_s -> calc:国民健康保険料を計算する
  click shien_s -> calc:国民健康保険料を計算する
  click shien_s -> calc:国民健康保険料を計算する
  click shien_s -> calc:国民健康保険料を計算する
  click shien_s -> calc:国民健康保険料を計算する
  click shien_s -> calc:国民健康保険料を計算する
  click shien_s -> calc:国民健康保険料を計算する
  click shien_s -> calc:国民健康保険料を計算する
  click shien_s -> calc:国民健康保険料を計算する
  click shien_s -> calc:国民健康保険料を計算する
  click shien_s -> calc:国民健康保険料を計算する
  click shien_s -> calc:国民健康保険料を計算する
  click shien_s -> calc:国民健康保険料を計算する
  click shien_s -> calc:国民健康保険料を計算する
  click shien_s -> calc:国民健康保険料を計算する
  click shien_s -> calc:国民健康保険料を計算する
  click shien_s -> calc:国民健康保険料を計算する
  click shien_s -> calc:国民健康保険料を計算する
  click shien_s -> calc:国民健康保険料を計算する
  click shien_s -> calc:国民健康保険料を計算する
  click shien_s -> calc:国民健康保険料を計算する
  click shien_s -> calc:国民健康保険料を計算する
  click shien_s -> calc:国民健康保険料を計算する
  click shien_s -> calc:国民健康保険料を計算する
  click shien_s -> calc:国民健康保険料を計算する
  click shien_s -> calc:国民健康保険料を計算する
  click shien_s -> calc:国民健康保険料を計算する
  click shien_s -> calc:国民健康保険料を計算する
  click shien_s -> calc:国民健康保険料を計算する
  click shien_s -> calc:国民健康保険料を計算する
  click shien_s -> calc:国民健康保険料を計算する
  click shien_s -> calc:国民健康保険料を計算する
  click shien_s -> calc:国民健康保険料を計算する
  click shien_s -> calc:国民健康保険料を計算する
  click shien_s -> calc:国民健康保険料を計算する
  click shien_s -> calc:国民健康保険料を計算する
  click shien_s -> calc:国民健康保険料を計算する
  click shien_s -> calc:国民健康保険料を計算する
  click shien_s -> calc:国民健康保険料を計算する
  click shien_s -> calc:国民健康保険料を計算する
  click shien_s -> calc:国民健康保険料を計算する
  click shien_s -> calc:国民健康保険料を計算する
  click shien_s -> calc:国民健康保険料を計算する
  click shien_s -> calc:国民健康保険料を計算する
  click shien_s -> calc:国民健康保険料を計算する
  click shien_s -> calc:国民健康保険料を計算する
  click shien_s -> calc:国民健康保険料を計算する
  click shien_s -> calc:国民健康保険料を計算する
  click shien_s -> calc:国民健康保険料を計算する
  click shien_s -> calc:国民健康保険料を計算する
  click shien_s -> calc:国民健康保険料を計算する
  click shien_s -> calc:国民健康保険料を計算する
  click shien_s -> calc:国民健康保険料を計算する
  click shien_s -> calc:国民健康保険料を計算する
  click shien_s -> calc:国民健康保険料を計算する
  click shien_s -> calc:国民健康保険料を計算する
  click shien_s -> calc:国民健康保険料を計算する
  click shien_s -> calc:国民健康保険料を計算する
  click shien_s -> calc:国民健康保険料を計算する
  click shien_s -> calc:国民健康保険料を計算する
  click shien_s -> calc:国民健康保険料を計算する
  click shien_s -> calc:国民健康保険料を計算する
  click shien_s -> calc:国民健康保険料を計算する
  click shien_s -> calc:国民健康保険料を計算する
  click shien_s -> calc:国民健康保険料を計算する
  click shien_s -> calc:国民健康保険料を計算する
  click shien_s -> calc:国民健康保険料を計算する
  click shien_s -> calc:国民健康保険料を計算する
  click shien_s -> calc:国民健康保険料を計算する
  click shien_s -> calc:国民健康保険料を計算する
  click shien_s -> calc:国民健康保険料を計算する
  click shien_s -> calc:国民健康保険料を計算する
  click shien_s -> calc:国民健康保険料を計算する
  click shien_s -> calc:国民健康保険料を計算する
  click shien_s -> calc:国民健康保険料を計算する
  click shien_s -> calc:国民健康保険料を計算する
  click shien_s -> calc:国民健康保険料を計算する
  click shien_s -> calc:国民健康保険料を計算する
  click shien_s -> calc:国民健康保険料を計算する
  click shien_s -> calc:国民健康保険料を計算する
  click shien_s -> calc:国民健康保険料を計算する
  click shien_s -> calc:国民健康保険料を計算する
  click shien_s -> calc:国民健康保険料を計算する
  click shien_s -> calc:国民健康保険料を計算する
  click shien_s -> calc:国民健康保険料を計算する
  click shien_s -> calc:国民健康保険料を計算する
  click shien_s -> calc:国民健康保険料を計算する
  click shien_s -> calc:国民健康保険料を計算する
  click shien_s -> calc:国民健康保険料を計算する
  click shien_s -> calc:国民健康保険料を計算する
  click shien_s -> calc:国民健康保険料を計算する
  click shien_s -> calc:国民健康保険料を計算する
  click shien_s -> calc:国民健康保険料を計算する
  click shien_s -> calc:国民健康保険料を計算する
  click shien_s -> calc:国民健康保険料を計算する
  click shien_s -> calc:国民健康保険料を計算する
  click shien_s -> calc:国民健康保険料を計算する
  click shien_s -> calc:国民健康保険料を計算する
  click shien_s -> calc:国民健康保険料を計算する
  click shien_s -> calc:国民健康保険料を計算する
  click shien_s -> calc:国民健康保険料を計算する
  click shien_s -> calc:国民健康保険料を計算する
  click shien_s -> calc:国民健康保険料を計算する
  click shien_s -> calc:国民健康保険料を計算する
  click shien_s -> calc:国民健康保険料を計算する
  click shien_s -> calc:国民健康保険料を計算する
  click shien_s -> calc:国民健康保険料を計算する
  click shien_s -> calc:国民健康保険料を計算する
  click shien_s -> calc:国民健康保険料を計算する
  click shien_s -> calc:国民健康保険料を計算する
  click shien_s -> calc:国民健康保険料を計算する
  click shien_s -> calc:国民健康保険料を計算する
  click shien_s -> calc:国民健康保険料を計算する
  click shien_s -> calc:国民健康保険料を計算する
  click shien_s -> calc:国民健康保険料を計算する
  click shien_s -> calc:国民健康保険料を計算する
  click shien_s -> calc:国民健康保険料を計算する
  click shien_s -> calc:国民健康保険料を計算する
  click shien_s -> calc:国民健康保険料を計算する
  click null -> calc:国民健康保険料を計算する
kokuho#shien_s: 動く（shotoku0=5000000）
  click shien_k -> calc:国民健康保険料を計算する
  click shien_k -> calc:国民健康保険料を計算する
  click null -> calc:国民健康保険料を計算する
kokuho#shien_k: 動く（既定）
  click shien_h -> calc:国民健康保険料を計算する
  click shien_h -> calc:国民健康保険料を計算する
  click null -> calc:国民健康保険料を計算する
kokuho#shien_h: 動く（既定）
  click kaigo_s -> calc:国民健康保険料を計算する
  click kaigo_s -> calc:国民健康保険料を計算する
  click kaigo_s -> calc:国民健康保険料を計算する
  click kaigo_s -> calc:国民健康保険料を計算する
  click kaigo_s -> calc:国民健康保険料を計算する
  click kaigo_s -> calc:国民健康保険料を計算する
  click kaigo_s -> calc:国民健康保険料を計算する
  click kaigo_s -> calc:国民健康保険料を計算する
  click kaigo_s -> calc:国民健康保険料を計算する
  click kaigo_s -> calc:国民健康保険料を計算する
  click kaigo_s -> calc:国民健康保険料を計算する
  click kaigo_s -> calc:国民健康保険料を計算する
  click kaigo_s -> calc:国民健康保険料を計算する
  click kaigo_s -> calc:国民健康保険料を計算する
  click kaigo_s -> calc:国民健康保険料を計算する
  click kaigo_s -> calc:国民健康保険料を計算する
  click kaigo_s -> calc:国民健康保険料を計算する
  click kaigo_s -> calc:国民健康保険料を計算する
  click kaigo_s -> calc:国民健康保険料を計算する
  click kaigo_s -> calc:国民健康保険料を計算する
  click kaigo_s -> calc:国民健康保険料を計算する
  click kaigo_s -> calc:国民健康保険料を計算する
  click kaigo_s -> calc:国民健康保険料を計算する
  click kaigo_s -> calc:国民健康保険料を計算する
  click kaigo_s -> calc:国民健康保険料を計算する
  click kaigo_s -> calc:国民健康保険料を計算する
  click kaigo_s -> calc:国民健康保険料を計算する
  click kaigo_s -> calc:国民健康保険料を計算する
  click kaigo_s -> calc:国民健康保険料を計算する
  click kaigo_s -> calc:国民健康保険料を計算する
  click kaigo_s -> calc:国民健康保険料を計算する
  click kaigo_s -> calc:国民健康保険料を計算する
  click kaigo_s -> calc:国民健康保険料を計算する
  click kaigo_s -> calc:国民健康保険料を計算する
  click kaigo_s -> calc:国民健康保険料を計算する
  click kaigo_s -> calc:国民健康保険料を計算する
  click kaigo_s -> calc:国民健康保険料を計算する
  click kaigo_s -> calc:国民健康保険料を計算する
  click kaigo_s -> calc:国民健康保険料を計算する
  click kaigo_s -> calc:国民健康保険料を計算する
  click kaigo_s -> calc:国民健康保険料を計算する
  click kaigo_s -> calc:国民健康保険料を計算する
  click kaigo_s -> calc:国民健康保険料を計算する
  click kaigo_s -> calc:国民健康保険料を計算する
  click kaigo_s -> calc:国民健康保険料を計算する
  click kaigo_s -> calc:国民健康保険料を計算する
  click kaigo_s -> calc:国民健康保険料を計算する
  click kaigo_s -> calc:国民健康保険料を計算する
  click kaigo_s -> calc:国民健康保険料を計算する
  click kaigo_s -> calc:国民健康保険料を計算する
  click kaigo_s -> calc:国民健康保険料を計算する
  click kaigo_s -> calc:国民健康保険料を計算する
  click kaigo_s -> calc:国民健康保険料を計算する
  click kaigo_s -> calc:国民健康保険料を計算する
  click kaigo_s -> calc:国民健康保険料を計算する
  click kaigo_s -> calc:国民健康保険料を計算する
  click kaigo_s -> calc:国民健康保険料を計算する
  click kaigo_s -> calc:国民健康保険料を計算する
  click kaigo_s -> calc:国民健康保険料を計算する
  click kaigo_s -> calc:国民健康保険料を計算する
  click kaigo_s -> calc:国民健康保険料を計算する
  click kaigo_s -> calc:国民健康保険料を計算する
  click kaigo_s -> calc:国民健康保険料を計算する
  click kaigo_s -> calc:国民健康保険料を計算する
  click kaigo_s -> calc:国民健康保険料を計算する
  click kaigo_s -> calc:国民健康保険料を計算する
  click kaigo_s -> calc:国民健康保険料を計算する
  click kaigo_s -> calc:国民健康保険料を計算する
  click kaigo_s -> calc:国民健康保険料を計算する
  click kaigo_s -> calc:国民健康保険料を計算する
  click kaigo_s -> calc:国民健康保険料を計算する
  click kaigo_s -> calc:国民健康保険料を計算する
  click kaigo_s -> calc:国民健康保険料を計算する
  click kaigo_s -> calc:国民健康保険料を計算する
  click kaigo_s -> calc:国民健康保険料を計算する
  click kaigo_s -> calc:国民健康保険料を計算する
  click kaigo_s -> calc:国民健康保険料を計算する
  click kaigo_s -> calc:国民健康保険料を計算する
  click kaigo_s -> calc:国民健康保険料を計算する
  click kaigo_s -> calc:国民健康保険料を計算する
  click kaigo_s -> calc:国民健康保険料を計算する
  click kaigo_s -> calc:国民健康保険料を計算する
  click kaigo_s -> calc:国民健康保険料を計算する
  click kaigo_s -> calc:国民健康保険料を計算する
  click kaigo_s -> calc:国民健康保険料を計算する
  click kaigo_s -> calc:国民健康保険料を計算する
  click kaigo_s -> calc:国民健康保険料を計算する
  click kaigo_s -> calc:国民健康保険料を計算する
  click kaigo_s -> calc:国民健康保険料を計算する
  click kaigo_s -> calc:国民健康保険料を計算する
  click kaigo_s -> calc:国民健康保険料を計算する
  click kaigo_s -> calc:国民健康保険料を計算する
  click kaigo_s -> calc:国民健康保険料を計算する
  click kaigo_s -> calc:国民健康保険料を計算する
  click kaigo_s -> calc:国民健康保険料を計算する
  click kaigo_s -> calc:国民健康保険料を計算する
  click kaigo_s -> calc:国民健康保険料を計算する
  click kaigo_s -> calc:国民健康保険料を計算する
  click kaigo_s -> calc:国民健康保険料を計算する
  click kaigo_s -> calc:国民健康保険料を計算する
  click kaigo_s -> calc:国民健康保険料を計算する
  click kaigo_s -> calc:国民健康保険料を計算する
  click kaigo_s -> calc:国民健康保険料を計算する
  click kaigo_s -> calc:国民健康保険料を計算する
  click kaigo_s -> calc:国民健康保険料を計算する
  click kaigo_s -> calc:国民健康保険料を計算する
  click kaigo_s -> calc:国民健康保険料を計算する
  click kaigo_s -> calc:国民健康保険料を計算する
  click kaigo_s -> calc:国民健康保険料を計算する
  click kaigo_s -> calc:国民健康保険料を計算する
  click kaigo_s -> calc:国民健康保険料を計算する
  click kaigo_s -> calc:国民健康保険料を計算する
  click kaigo_s -> calc:国民健康保険料を計算する
  click kaigo_s -> calc:国民健康保険料を計算する
  click kaigo_s -> calc:国民健康保険料を計算する
  click kaigo_s -> calc:国民健康保険料を計算する
  click kaigo_s -> calc:国民健康保険料を計算する
  click kaigo_s -> calc:国民健康保険料を計算する
  click kaigo_s -> calc:国民健康保険料を計算する
  click kaigo_s -> calc:国民健康保険料を計算する
  click kaigo_s -> calc:国民健康保険料を計算する
  click kaigo_s -> calc:国民健康保険料を計算する
  click kaigo_s -> calc:国民健康保険料を計算する
  click kaigo_s -> calc:国民健康保険料を計算する
  click kaigo_s -> calc:国民健康保険料を計算する
  click kaigo_s -> calc:国民健康保険料を計算する
  click kaigo_s -> calc:国民健康保険料を計算する
  click kaigo_s -> calc:国民健康保険料を計算する
  click kaigo_s -> calc:国民健康保険料を計算する
  click kaigo_s -> calc:国民健康保険料を計算する
  click kaigo_s -> calc:国民健康保険料を計算する
  click kaigo_s -> calc:国民健康保険料を計算する
  click kaigo_s -> calc:国民健康保険料を計算する
  click kaigo_s -> calc:国民健康保険料を計算する
  click kaigo_s -> calc:国民健康保険料を計算する
  click kaigo_s -> calc:国民健康保険料を計算する
  click kaigo_s -> calc:国民健康保険料を計算する
  click kaigo_s -> calc:国民健康保険料を計算する
  click kaigo_s -> calc:国民健康保険料を計算する
  click kaigo_s -> calc:国民健康保険料を計算する
  click kaigo_s -> calc:国民健康保険料を計算する
  click kaigo_s -> calc:国民健康保険料を計算する
  click kaigo_s -> calc:国民健康保険料を計算する
  click kaigo_s -> calc:国民健康保険料を計算する
  click kaigo_s -> calc:国民健康保険料を計算する
  click kaigo_s -> calc:国民健康保険料を計算する
  click kaigo_s -> calc:国民健康保険料を計算する
  click kaigo_s -> calc:国民健康保険料を計算する
  click kaigo_s -> calc:国民健康保険料を計算する
  click kaigo_s -> calc:国民健康保険料を計算する
  click kaigo_s -> calc:国民健康保険料を計算する
  click kaigo_s -> calc:国民健康保険料を計算する
  click kaigo_s -> calc:国民健康保険料を計算する
  click kaigo_s -> calc:国民健康保険料を計算する
  click kaigo_s -> calc:国民健康保険料を計算する
  click kaigo_s -> calc:国民健康保険料を計算する
  click kaigo_s -> calc:国民健康保険料を計算する
  click kaigo_s -> calc:国民健康保険料を計算する
  click kaigo_s -> calc:国民健康保険料を計算する
  click kaigo_s -> calc:国民健康保険料を計算する
  click kaigo_s -> calc:国民健康保険料を計算する
  click kaigo_s -> calc:国民健康保険料を計算する
  click kaigo_s -> calc:国民健康保険料を計算する
  click kaigo_s -> calc:国民健康保険料を計算する
  click kaigo_s -> calc:国民健康保険料を計算する
  click kaigo_s -> calc:国民健康保険料を計算する
  click kaigo_s -> calc:国民健康保険料を計算する
  click kaigo_s -> calc:国民健康保険料を計算する
  click kaigo_s -> calc:国民健康保険料を計算する
  click kaigo_s -> calc:国民健康保険料を計算する
  click kaigo_s -> calc:国民健康保険料を計算する
  click kaigo_s -> calc:国民健康保険料を計算する
  click kaigo_s -> calc:国民健康保険料を計算する
  click kaigo_s -> calc:国民健康保険料を計算する
  click kaigo_s -> calc:国民健康保険料を計算する
  click kaigo_s -> calc:国民健康保険料を計算する
  click kaigo_s -> calc:国民健康保険料を計算する
  click kaigo_s -> calc:国民健康保険料を計算する
  click kaigo_s -> calc:国民健康保険料を計算する
  click kaigo_s -> calc:国民健康保険料を計算する
  click kaigo_s -> calc:国民健康保険料を計算する
  click kaigo_s -> calc:国民健康保険料を計算する
  click kaigo_s -> calc:国民健康保険料を計算する
  click kaigo_s -> calc:国民健康保険料を計算する
  click kaigo_s -> calc:国民健康保険料を計算する
  click kaigo_s -> calc:国民健康保険料を計算する
  click kaigo_s -> calc:国民健康保険料を計算する
  click kaigo_s -> calc:国民健康保険料を計算する
  click kaigo_s -> calc:国民健康保険料を計算する
  click kaigo_s -> calc:国民健康保険料を計算する
  click kaigo_s -> calc:国民健康保険料を計算する
  click kaigo_s -> calc:国民健康保険料を計算する
  click kaigo_s -> calc:国民健康保険料を計算する
  click kaigo_s -> calc:国民健康保険料を計算する
  click kaigo_s -> calc:国民健康保険料を計算する
  click kaigo_s -> calc:国民健康保険料を計算する
  click kaigo_s -> calc:国民健康保険料を計算する
  click kaigo_s -> calc:国民健康保険料を計算する
  click kaigo_s -> calc:国民健康保険料を計算する
  click kaigo_s -> calc:国民健康保険料を計算する
  click kaigo_s -> calc:国民健康保険料を計算する
  click kaigo_s -> calc:国民健康保険料を計算する
  click kaigo_s -> calc:国民健康保険料を計算する
  click kaigo_s -> calc:国民健康保険料を計算する
  click kaigo_s -> calc:国民健康保険料を計算する
  click kaigo_s -> calc:国民健康保険料を計算する
  click kaigo_s -> calc:国民健康保険料を計算する
  click kaigo_s -> calc:国民健康保険料を計算する
  click kaigo_s -> calc:国民健康保険料を計算する
  click kaigo_s -> calc:国民健康保険料を計算する
  click kaigo_s -> calc:国民健康保険料を計算する
  click kaigo_s -> calc:国民健康保険料を計算する
  click kaigo_s -> calc:国民健康保険料を計算する
  click kaigo_s -> calc:国民健康保険料を計算する
  click kaigo_s -> calc:国民健康保険料を計算する
  click kaigo_s -> calc:国民健康保険料を計算する
  click kaigo_s -> calc:国民健康保険料を計算する
  click kaigo_s -> calc:国民健康保険料を計算する
  click kaigo_s -> calc:国民健康保険料を計算する
  click kaigo_s -> calc:国民健康保険料を計算する
  click kaigo_s -> calc:国民健康保険料を計算する
  click kaigo_s -> calc:国民健康保険料を計算する
  click kaigo_s -> calc:国民健康保険料を計算する
  click kaigo_s -> calc:国民健康保険料を計算する
  click kaigo_s -> calc:国民健康保険料を計算する
  click kaigo_s -> calc:国民健康保険料を計算する
  click kaigo_s -> calc:国民健康保険料を計算する
  click kaigo_s -> calc:国民健康保険料を計算する
  click kaigo_s -> calc:国民健康保険料を計算する
  click kaigo_s -> calc:国民健康保険料を計算する
  click kaigo_s -> calc:国民健康保険料を計算する
  click kaigo_s -> calc:国民健康保険料を計算する
  click kaigo_s -> calc:国民健康保険料を計算する
  click kaigo_s -> calc:国民健康保険料を計算する
  click kaigo_s -> calc:国民健康保険料を計算する
  click kaigo_s -> calc:国民健康保険料を計算する
  click kaigo_s -> calc:国民健康保険料を計算する
  click kaigo_s -> calc:国民健康保険料を計算する
  click kaigo_s -> calc:国民健康保険料を計算する
  click kaigo_s -> calc:国民健康保険料を計算する
  click kaigo_s -> calc:国民健康保険料を計算する
  click kaigo_s -> calc:国民健康保険料を計算する
  click kaigo_s -> calc:国民健康保険料を計算する
  click kaigo_s -> calc:国民健康保険料を計算する
  click kaigo_s -> calc:国民健康保険料を計算する
  click kaigo_s -> calc:国民健康保険料を計算する
  click kaigo_s -> calc:国民健康保険料を計算する
  click kaigo_s -> calc:国民健康保険料を計算する
  click kaigo_s -> calc:国民健康保険料を計算する
  click kaigo_s -> calc:国民健康保険料を計算する
  click kaigo_s -> calc:国民健康保険料を計算する
  click kaigo_s -> calc:国民健康保険料を計算する
  click kaigo_s -> calc:国民健康保険料を計算する
  click kaigo_s -> calc:国民健康保険料を計算する
  click kaigo_s -> calc:国民健康保険料を計算する
  click kaigo_s -> calc:国民健康保険料を計算する
  click kaigo_s -> calc:国民健康保険料を計算する
  click kaigo_s -> calc:国民健康保険料を計算する
  click kaigo_s -> calc:国民健康保険料を計算する
  click kaigo_s -> calc:国民健康保険料を計算する
  click kaigo_s -> calc:国民健康保険料を計算する
  click kaigo_s -> calc:国民健康保険料を計算する
  click kaigo_s -> calc:国民健康保険料を計算する
  click kaigo_s -> calc:国民健康保険料を計算する
  click kaigo_s -> calc:国民健康保険料を計算する
  click kaigo_s -> calc:国民健康保険料を計算する
  click kaigo_s -> calc:国民健康保険料を計算する
  click kaigo_s -> calc:国民健康保険料を計算する
  click kaigo_s -> calc:国民健康保険料を計算する
  click kaigo_s -> calc:国民健康保険料を計算する
  click kaigo_s -> calc:国民健康保険料を計算する
  click kaigo_s -> calc:国民健康保険料を計算する
  click kaigo_s -> calc:国民健康保険料を計算する
  click kaigo_s -> calc:国民健康保険料を計算する
  click kaigo_s -> calc:国民健康保険料を計算する
  click kaigo_s -> calc:国民健康保険料を計算する
  click kaigo_s -> calc:国民健康保険料を計算する
  click kaigo_s -> calc:国民健康保険料を計算する
  click kaigo_s -> calc:国民健康保険料を計算する
  click kaigo_s -> calc:国民健康保険料を計算する
  click kaigo_s -> calc:国民健康保険料を計算する
  click kaigo_s -> calc:国民健康保険料を計算する
  click kaigo_s -> calc:国民健康保険料を計算する
  click kaigo_s -> calc:国民健康保険料を計算する
  click kaigo_s -> calc:国民健康保険料を計算する
  click kaigo_s -> calc:国民健康保険料を計算する
  click kaigo_s -> calc:国民健康保険料を計算する
  click kaigo_s -> calc:国民健康保険料を計算する
  click kaigo_s -> calc:国民健康保険料を計算する
  click kaigo_s -> calc:国民健康保険料を計算する
  click kaigo_s -> calc:国民健康保険料を計算する
  click kaigo_s -> calc:国民健康保険料を計算する
  click kaigo_s -> calc:国民健康保険料を計算する
  click kaigo_s -> calc:国民健康保険料を計算する
  click kaigo_s -> calc:国民健康保険料を計算する
  click kaigo_s -> calc:国民健康保険料を計算する
  click kaigo_s -> calc:国民健康保険料を計算する
  click kaigo_s -> calc:国民健康保険料を計算する
  click kaigo_s -> calc:国民健康保険料を計算する
  click kaigo_s -> calc:国民健康保険料を計算する
  click kaigo_s -> calc:国民健康保険料を計算する
  click kaigo_s -> calc:国民健康保険料を計算する
  click kaigo_s -> calc:国民健康保険料を計算する
  click kaigo_s -> calc:国民健康保険料を計算する
  click kaigo_s -> calc:国民健康保険料を計算する
  click kaigo_s -> calc:国民健康保険料を計算する
  click kaigo_s -> calc:国民健康保険料を計算する
  click kaigo_s -> calc:国民健康保険料を計算する
  click kaigo_s -> calc:国民健康保険料を計算する
  click kaigo_s -> calc:国民健康保険料を計算する
  click kaigo_s -> calc:国民健康保険料を計算する
  click kaigo_s -> calc:国民健康保険料を計算する
  click kaigo_s -> calc:国民健康保険料を計算する
  click kaigo_s -> calc:国民健康保険料を計算する
  click kaigo_s -> calc:国民健康保険料を計算する
  click kaigo_s -> calc:国民健康保険料を計算する
  click kaigo_s -> calc:国民健康保険料を計算する
  click kaigo_s -> calc:国民健康保険料を計算する
  click kaigo_s -> calc:国民健康保険料を計算する
  click kaigo_s -> calc:国民健康保険料を計算する
  click kaigo_s -> calc:国民健康保険料を計算する
  click kaigo_s -> calc:国民健康保険料を計算する
  click kaigo_s -> calc:国民健康保険料を計算する
  click kaigo_s -> calc:国民健康保険料を計算する
  click kaigo_s -> calc:国民健康保険料を計算する
  click kaigo_s -> calc:国民健康保険料を計算する
  click kaigo_s -> calc:国民健康保険料を計算する
  click kaigo_s -> calc:国民健康保険料を計算する
  click kaigo_s -> calc:国民健康保険料を計算する
  click kaigo_s -> calc:国民健康保険料を計算する
  click kaigo_s -> calc:国民健康保険料を計算する
  click kaigo_s -> calc:国民健康保険料を計算する
  click kaigo_s -> calc:国民健康保険料を計算する
  click kaigo_s -> calc:国民健康保険料を計算する
  click kaigo_s -> calc:国民健康保険料を計算する
  click kaigo_s -> calc:国民健康保険料を計算する
  click kaigo_s -> calc:国民健康保険料を計算する
  click kaigo_s -> calc:国民健康保険料を計算する
  click kaigo_s -> calc:国民健康保険料を計算する
  click kaigo_s -> calc:国民健康保険料を計算する
  click kaigo_s -> calc:国民健康保険料を計算する
  click kaigo_s -> calc:国民健康保険料を計算する
  click kaigo_s -> calc:国民健康保険料を計算する
  click kaigo_s -> calc:国民健康保険料を計算する
  click kaigo_s -> calc:国民健康保険料を計算する
  click kaigo_s -> calc:国民健康保険料を計算する
  click kaigo_s -> calc:国民健康保険料を計算する
  click kaigo_s -> calc:国民健康保険料を計算する
  click kaigo_s -> calc:国民健康保険料を計算する
  click kaigo_s -> calc:国民健康保険料を計算する
  click kaigo_s -> calc:国民健康保険料を計算する
  click kaigo_s -> calc:国民健康保険料を計算する
  click kaigo_s -> calc:国民健康保険料を計算する
  click kaigo_s -> calc:国民健康保険料を計算する
  click kaigo_s -> calc:国民健康保険料を計算する
  click kaigo_s -> calc:国民健康保険料を計算する
  click kaigo_s -> calc:国民健康保険料を計算する
  click kaigo_s -> calc:国民健康保険料を計算する
  click kaigo_s -> calc:国民健康保険料を計算する
  click kaigo_s -> calc:国民健康保険料を計算する
  click kaigo_s -> calc:国民健康保険料を計算する
  click kaigo_s -> calc:国民健康保険料を計算する
  click kaigo_s -> calc:国民健康保険料を計算する
  click kaigo_s -> calc:国民健康保険料を計算する
  click kaigo_s -> calc:国民健康保険料を計算する
  click kaigo_s -> calc:国民健康保険料を計算する
  click kaigo_s -> calc:国民健康保険料を計算する
  click kaigo_s -> calc:国民健康保険料を計算する
  click kaigo_s -> calc:国民健康保険料を計算する
  click kaigo_s -> calc:国民健康保険料を計算する
  click kaigo_s -> calc:国民健康保険料を計算する
  click kaigo_s -> calc:国民健康保険料を計算する
  click kaigo_s -> calc:国民健康保険料を計算する
  click kaigo_s -> calc:国民健康保険料を計算する
  click kaigo_s -> calc:国民健康保険料を計算する
  click kaigo_s -> calc:国民健康保険料を計算する
  click kaigo_s -> calc:国民健康保険料を計算する
  click kaigo_s -> calc:国民健康保険料を計算する
  click kaigo_s -> calc:国民健康保険料を計算する
  click kaigo_s -> calc:国民健康保険料を計算する
  click kaigo_s -> calc:国民健康保険料を計算する
  click kaigo_s -> calc:国民健康保険料を計算する
  click kaigo_s -> calc:国民健康保険料を計算する
  click kaigo_s -> calc:国民健康保険料を計算する
  click kaigo_s -> calc:国民健康保険料を計算する
  click kaigo_s -> calc:国民健康保険料を計算する
  click kaigo_s -> calc:国民健康保険料を計算する
  click kaigo_s -> calc:国民健康保険料を計算する
  click kaigo_s -> calc:国民健康保険料を計算する
  click kaigo_s -> calc:国民健康保険料を計算する
  click kaigo_s -> calc:国民健康保険料を計算する
  click kaigo_s -> calc:国民健康保険料を計算する
  click kaigo_s -> calc:国民健康保険料を計算する
  click kaigo_s -> calc:国民健康保険料を計算する
  click kaigo_s -> calc:国民健康保険料を計算する
  click kaigo_s -> calc:国民健康保険料を計算する
  click kaigo_s -> calc:国民健康保険料を計算する
  click kaigo_s -> calc:国民健康保険料を計算する
  click kaigo_s -> calc:国民健康保険料を計算する
  click kaigo_s -> calc:国民健康保険料を計算する
  click kaigo_s -> calc:国民健康保険料を計算する
  click kaigo_s -> calc:国民健康保険料を計算する
  click kaigo_s -> calc:国民健康保険料を計算する
  click kaigo_s -> calc:国民健康保険料を計算する
  click kaigo_s -> calc:国民健康保険料を計算する
  click kaigo_s -> calc:国民健康保険料を計算する
  click kaigo_s -> calc:国民健康保険料を計算する
  click kaigo_s -> calc:国民健康保険料を計算する
  click kaigo_s -> calc:国民健康保険料を計算する
  click kaigo_s -> calc:国民健康保険料を計算する
  click kaigo_s -> calc:国民健康保険料を計算する
  click kaigo_s -> calc:国民健康保険料を計算する
  click kaigo_s -> calc:国民健康保険料を計算する
  click kaigo_s -> calc:国民健康保険料を計算する
  click kaigo_s -> calc:国民健康保険料を計算する
  click kaigo_s -> calc:国民健康保険料を計算する
  click kaigo_s -> calc:国民健康保険料を計算する
  click kaigo_s -> calc:国民健康保険料を計算する
  click kaigo_s -> calc:国民健康保険料を計算する
  click kaigo_s -> calc:国民健康保険料を計算する
  click kaigo_s -> calc:国民健康保険料を計算する
  click kaigo_s -> calc:国民健康保険料を計算する
  click kaigo_s -> calc:国民健康保険料を計算する
  click kaigo_s -> calc:国民健康保険料を計算する
  click kaigo_s -> calc:国民健康保険料を計算する
  click kaigo_s -> calc:国民健康保険料を計算する
  click kaigo_s -> calc:国民健康保険料を計算する
  click kaigo_s -> calc:国民健康保険料を計算する
  click kaigo_s -> calc:国民健康保険料を計算する
  click kaigo_s -> calc:国民健康保険料を計算する
  click kaigo_s -> calc:国民健康保険料を計算する
  click kaigo_s -> calc:国民健康保険料を計算する
  click kaigo_s -> calc:国民健康保険料を計算する
  click kaigo_s -> calc:国民健康保険料を計算する
  click kaigo_s -> calc:国民健康保険料を計算する
  click kaigo_s -> calc:国民健康保険料を計算する
  click kaigo_s -> calc:国民健康保険料を計算する
  click kaigo_s -> calc:国民健康保険料を計算する
  click kaigo_s -> calc:国民健康保険料を計算する
  click kaigo_s -> calc:国民健康保険料を計算する
  click kaigo_s -> calc:国民健康保険料を計算する
  click kaigo_s -> calc:国民健康保険料を計算する
  click kaigo_s -> calc:国民健康保険料を計算する
  click kaigo_s -> calc:国民健康保険料を計算する
  click kaigo_s -> calc:国民健康保険料を計算する
  click kaigo_s -> calc:国民健康保険料を計算する
  click kaigo_s -> calc:国民健康保険料を計算する
  click kaigo_s -> calc:国民健康保険料を計算する
  click kaigo_s -> calc:国民健康保険料を計算する
  click kaigo_s -> calc:国民健康保険料を計算する
  click null -> calc:国民健康保険料を計算する
kokuho#kaigo_s: 動く（shotoku0=5000000）
  click kaigo_k -> calc:国民健康保険料を計算する
  click kaigo_k -> calc:国民健康保険料を計算する
  click null -> calc:国民健康保険料を計算する
kokuho#kaigo_k: 動く（既定）
  click kaigo_h -> calc:国民健康保険料を計算する
  click kaigo_h -> calc:国民健康保険料を計算する
  click null -> calc:国民健康保険料を計算する
kokuho#kaigo_h: 動く（既定）
  click kosodate_s -> calc:国民健康保険料を計算する
  click kosodate_s -> calc:国民健康保険料を計算する
  click kosodate_s -> calc:国民健康保険料を計算する
  click kosodate_s -> calc:国民健康保険料を計算する
  click kosodate_s -> calc:国民健康保険料を計算する
  click kosodate_s -> calc:国民健康保険料を計算する
  click kosodate_s -> calc:国民健康保険料を計算する
  click kosodate_s -> calc:国民健康保険料を計算する
  click kosodate_s -> calc:国民健康保険料を計算する
  click kosodate_s -> calc:国民健康保険料を計算する
  click kosodate_s -> calc:国民健康保険料を計算する
  click kosodate_s -> calc:国民健康保険料を計算する
  click kosodate_s -> calc:国民健康保険料を計算する
  click kosodate_s -> calc:国民健康保険料を計算する
  click kosodate_s -> calc:国民健康保険料を計算する
  click kosodate_s -> calc:国民健康保険料を計算する
  click kosodate_s -> calc:国民健康保険料を計算する
  click kosodate_s -> calc:国民健康保険料を計算する
  click kosodate_s -> calc:国民健康保険料を計算する
  click kosodate_s -> calc:国民健康保険料を計算する
  click kosodate_s -> calc:国民健康保険料を計算する
  click kosodate_s -> calc:国民健康保険料を計算する
  click kosodate_s -> calc:国民健康保険料を計算する
  click kosodate_s -> calc:国民健康保険料を計算する
  click kosodate_s -> calc:国民健康保険料を計算する
  click kosodate_s -> calc:国民健康保険料を計算する
  click kosodate_s -> calc:国民健康保険料を計算する
  click kosodate_s -> calc:国民健康保険料を計算する
  click kosodate_s -> calc:国民健康保険料を計算する
  click kosodate_s -> calc:国民健康保険料を計算する
  click kosodate_s -> calc:国民健康保険料を計算する
  click kosodate_s -> calc:国民健康保険料を計算する
  click kosodate_s -> calc:国民健康保険料を計算する
  click kosodate_s -> calc:国民健康保険料を計算する
  click kosodate_s -> calc:国民健康保険料を計算する
  click kosodate_s -> calc:国民健康保険料を計算する
  click kosodate_s -> calc:国民健康保険料を計算する
  click kosodate_s -> calc:国民健康保険料を計算する
  click kosodate_s -> calc:国民健康保険料を計算する
  click kosodate_s -> calc:国民健康保険料を計算する
  click kosodate_s -> calc:国民健康保険料を計算する
  click kosodate_s -> calc:国民健康保険料を計算する
  click kosodate_s -> calc:国民健康保険料を計算する
  click kosodate_s -> calc:国民健康保険料を計算する
  click kosodate_s -> calc:国民健康保険料を計算する
  click kosodate_s -> calc:国民健康保険料を計算する
  click kosodate_s -> calc:国民健康保険料を計算する
  click kosodate_s -> calc:国民健康保険料を計算する
  click kosodate_s -> calc:国民健康保険料を計算する
  click kosodate_s -> calc:国民健康保険料を計算する
  click kosodate_s -> calc:国民健康保険料を計算する
  click kosodate_s -> calc:国民健康保険料を計算する
  click kosodate_s -> calc:国民健康保険料を計算する
  click kosodate_s -> calc:国民健康保険料を計算する
  click kosodate_s -> calc:国民健康保険料を計算する
  click kosodate_s -> calc:国民健康保険料を計算する
  click kosodate_s -> calc:国民健康保険料を計算する
  click kosodate_s -> calc:国民健康保険料を計算する
  click kosodate_s -> calc:国民健康保険料を計算する
  click kosodate_s -> calc:国民健康保険料を計算する
  click kosodate_s -> calc:国民健康保険料を計算する
  click kosodate_s -> calc:国民健康保険料を計算する
  click kosodate_s -> calc:国民健康保険料を計算する
  click kosodate_s -> calc:国民健康保険料を計算する
  click kosodate_s -> calc:国民健康保険料を計算する
  click kosodate_s -> calc:国民健康保険料を計算する
  click kosodate_s -> calc:国民健康保険料を計算する
  click kosodate_s -> calc:国民健康保険料を計算する
  click kosodate_s -> calc:国民健康保険料を計算する
  click kosodate_s -> calc:国民健康保険料を計算する
  click kosodate_s -> calc:国民健康保険料を計算する
  click kosodate_s -> calc:国民健康保険料を計算する
  click kosodate_s -> calc:国民健康保険料を計算する
  click kosodate_s -> calc:国民健康保険料を計算する
  click kosodate_s -> calc:国民健康保険料を計算する
  click kosodate_s -> calc:国民健康保険料を計算する
  click kosodate_s -> calc:国民健康保険料を計算する
  click kosodate_s -> calc:国民健康保険料を計算する
  click kosodate_s -> calc:国民健康保険料を計算する
  click kosodate_s -> calc:国民健康保険料を計算する
  click kosodate_s -> calc:国民健康保険料を計算する
  click kosodate_s -> calc:国民健康保険料を計算する
  click kosodate_s -> calc:国民健康保険料を計算する
  click kosodate_s -> calc:国民健康保険料を計算する
  click kosodate_s -> calc:国民健康保険料を計算する
  click kosodate_s -> calc:国民健康保険料を計算する
  click kosodate_s -> calc:国民健康保険料を計算する
  click kosodate_s -> calc:国民健康保険料を計算する
  click kosodate_s -> calc:国民健康保険料を計算する
  click kosodate_s -> calc:国民健康保険料を計算する
  click kosodate_s -> calc:国民健康保険料を計算する
  click kosodate_s -> calc:国民健康保険料を計算する
  click kosodate_s -> calc:国民健康保険料を計算する
  click kosodate_s -> calc:国民健康保険料を計算する
  click kosodate_s -> calc:国民健康保険料を計算する
  click kosodate_s -> calc:国民健康保険料を計算する
  click kosodate_s -> calc:国民健康保険料を計算する
  click kosodate_s -> calc:国民健康保険料を計算する
  click kosodate_s -> calc:国民健康保険料を計算する
  click kosodate_s -> calc:国民健康保険料を計算する
  click kosodate_s -> calc:国民健康保険料を計算する
  click kosodate_s -> calc:国民健康保険料を計算する
  click kosodate_s -> calc:国民健康保険料を計算する
  click kosodate_s -> calc:国民健康保険料を計算する
  click kosodate_s -> calc:国民健康保険料を計算する
  click kosodate_s -> calc:国民健康保険料を計算する
  click kosodate_s -> calc:国民健康保険料を計算する
  click kosodate_s -> calc:国民健康保険料を計算する
  click kosodate_s -> calc:国民健康保険料を計算する
  click kosodate_s -> calc:国民健康保険料を計算する
  click kosodate_s -> calc:国民健康保険料を計算する
  click kosodate_s -> calc:国民健康保険料を計算する
  click kosodate_s -> calc:国民健康保険料を計算する
  click kosodate_s -> calc:国民健康保険料を計算する
  click kosodate_s -> calc:国民健康保険料を計算する
  click kosodate_s -> calc:国民健康保険料を計算する
  click kosodate_s -> calc:国民健康保険料を計算する
  click kosodate_s -> calc:国民健康保険料を計算する
  click kosodate_s -> calc:国民健康保険料を計算する
  click kosodate_s -> calc:国民健康保険料を計算する
  click kosodate_s -> calc:国民健康保険料を計算する
  click kosodate_s -> calc:国民健康保険料を計算する
  click kosodate_s -> calc:国民健康保険料を計算する
  click kosodate_s -> calc:国民健康保険料を計算する
  click kosodate_s -> calc:国民健康保険料を計算する
  click kosodate_s -> calc:国民健康保険料を計算する
  click kosodate_s -> calc:国民健康保険料を計算する
  click kosodate_s -> calc:国民健康保険料を計算する
  click kosodate_s -> calc:国民健康保険料を計算する
  click kosodate_s -> calc:国民健康保険料を計算する
  click kosodate_s -> calc:国民健康保険料を計算する
  click kosodate_s -> calc:国民健康保険料を計算する
  click kosodate_s -> calc:国民健康保険料を計算する
  click kosodate_s -> calc:国民健康保険料を計算する
  click kosodate_s -> calc:国民健康保険料を計算する
  click kosodate_s -> calc:国民健康保険料を計算する
  click kosodate_s -> calc:国民健康保険料を計算する
  click kosodate_s -> calc:国民健康保険料を計算する
  click kosodate_s -> calc:国民健康保険料を計算する
  click kosodate_s -> calc:国民健康保険料を計算する
  click kosodate_s -> calc:国民健康保険料を計算する
  click kosodate_s -> calc:国民健康保険料を計算する
  click kosodate_s -> calc:国民健康保険料を計算する
  click kosodate_s -> calc:国民健康保険料を計算する
  click kosodate_s -> calc:国民健康保険料を計算する
  click kosodate_s -> calc:国民健康保険料を計算する
  click kosodate_s -> calc:国民健康保険料を計算する
  click kosodate_s -> calc:国民健康保険料を計算する
  click kosodate_s -> calc:国民健康保険料を計算する
  click kosodate_s -> calc:国民健康保険料を計算する
  click kosodate_s -> calc:国民健康保険料を計算する
  click kosodate_s -> calc:国民健康保険料を計算する
  click kosodate_s -> calc:国民健康保険料を計算する
  click kosodate_s -> calc:国民健康保険料を計算する
  click kosodate_s -> calc:国民健康保険料を計算する
  click kosodate_s -> calc:国民健康保険料を計算する
  click kosodate_s -> calc:国民健康保険料を計算する
  click kosodate_s -> calc:国民健康保険料を計算する
  click kosodate_s -> calc:国民健康保険料を計算する
  click kosodate_s -> calc:国民健康保険料を計算する
  click kosodate_s -> calc:国民健康保険料を計算する
  click kosodate_s -> calc:国民健康保険料を計算する
  click kosodate_s -> calc:国民健康保険料を計算する
  click kosodate_s -> calc:国民健康保険料を計算する
  click kosodate_s -> calc:国民健康保険料を計算する
  click kosodate_s -> calc:国民健康保険料を計算する
  click kosodate_s -> calc:国民健康保険料を計算する
  click kosodate_s -> calc:国民健康保険料を計算する
  click kosodate_s -> calc:国民健康保険料を計算する
  click kosodate_s -> calc:国民健康保険料を計算する
  click kosodate_s -> calc:国民健康保険料を計算する
  click kosodate_s -> calc:国民健康保険料を計算する
  click kosodate_s -> calc:国民健康保険料を計算する
  click kosodate_s -> calc:国民健康保険料を計算する
  click kosodate_s -> calc:国民健康保険料を計算する
  click kosodate_s -> calc:国民健康保険料を計算する
  click kosodate_s -> calc:国民健康保険料を計算する
  click kosodate_s -> calc:国民健康保険料を計算する
  click kosodate_s -> calc:国民健康保険料を計算する
  click kosodate_s -> calc:国民健康保険料を計算する
  click kosodate_s -> calc:国民健康保険料を計算する
  click kosodate_s -> calc:国民健康保険料を計算する
  click kosodate_s -> calc:国民健康保険料を計算する
  click kosodate_s -> calc:国民健康保険料を計算する
  click kosodate_s -> calc:国民健康保険料を計算する
  click kosodate_s -> calc:国民健康保険料を計算する
  click kosodate_s -> calc:国民健康保険料を計算する
  click kosodate_s -> calc:国民健康保険料を計算する
  click kosodate_s -> calc:国民健康保険料を計算する
  click kosodate_s -> calc:国民健康保険料を計算する
  click kosodate_s -> calc:国民健康保険料を計算する
  click kosodate_s -> calc:国民健康保険料を計算する
  click kosodate_s -> calc:国民健康保険料を計算する
  click kosodate_s -> calc:国民健康保険料を計算する
  click kosodate_s -> calc:国民健康保険料を計算する
  click kosodate_s -> calc:国民健康保険料を計算する
  click kosodate_s -> calc:国民健康保険料を計算する
  click kosodate_s -> calc:国民健康保険料を計算する
  click kosodate_s -> calc:国民健康保険料を計算する
  click kosodate_s -> calc:国民健康保険料を計算する
  click kosodate_s -> calc:国民健康保険料を計算する
  click kosodate_s -> calc:国民健康保険料を計算する
  click kosodate_s -> calc:国民健康保険料を計算する
  click kosodate_s -> calc:国民健康保険料を計算する
  click kosodate_s -> calc:国民健康保険料を計算する
  click kosodate_s -> calc:国民健康保険料を計算する
  click kosodate_s -> calc:国民健康保険料を計算する
  click kosodate_s -> calc:国民健康保険料を計算する
  click kosodate_s -> calc:国民健康保険料を計算する
  click kosodate_s -> calc:国民健康保険料を計算する
  click kosodate_s -> calc:国民健康保険料を計算する
  click kosodate_s -> calc:国民健康保険料を計算する
  click kosodate_s -> calc:国民健康保険料を計算する
  click kosodate_s -> calc:国民健康保険料を計算する
  click kosodate_s -> calc:国民健康保険料を計算する
  click kosodate_s -> calc:国民健康保険料を計算する
  click kosodate_s -> calc:国民健康保険料を計算する
  click kosodate_s -> calc:国民健康保険料を計算する
  click kosodate_s -> calc:国民健康保険料を計算する
  click kosodate_s -> calc:国民健康保険料を計算する
  click kosodate_s -> calc:国民健康保険料を計算する
  click kosodate_s -> calc:国民健康保険料を計算する
  click kosodate_s -> calc:国民健康保険料を計算する
  click kosodate_s -> calc:国民健康保険料を計算する
  click kosodate_s -> calc:国民健康保険料を計算する
  click kosodate_s -> calc:国民健康保険料を計算する
  click kosodate_s -> calc:国民健康保険料を計算する
  click kosodate_s -> calc:国民健康保険料を計算する
  click kosodate_s -> calc:国民健康保険料を計算する
  click kosodate_s -> calc:国民健康保険料を計算する
  click kosodate_s -> calc:国民健康保険料を計算する
  click kosodate_s -> calc:国民健康保険料を計算する
  click kosodate_s -> calc:国民健康保険料を計算する
  click kosodate_s -> calc:国民健康保険料を計算する
  click kosodate_s -> calc:国民健康保険料を計算する
  click kosodate_s -> calc:国民健康保険料を計算する
  click kosodate_s -> calc:国民健康保険料を計算する
  click kosodate_s -> calc:国民健康保険料を計算する
  click kosodate_s -> calc:国民健康保険料を計算する
  click kosodate_s -> calc:国民健康保険料を計算する
  click kosodate_s -> calc:国民健康保険料を計算する
  click kosodate_s -> calc:国民健康保険料を計算する
  click kosodate_s -> calc:国民健康保険料を計算する
  click kosodate_s -> calc:国民健康保険料を計算する
  click kosodate_s -> calc:国民健康保険料を計算する
  click kosodate_s -> calc:国民健康保険料を計算する
  click kosodate_s -> calc:国民健康保険料を計算する
  click kosodate_s -> calc:国民健康保険料を計算する
  click kosodate_s -> calc:国民健康保険料を計算する
  click kosodate_s -> calc:国民健康保険料を計算する
  click kosodate_s -> calc:国民健康保険料を計算する
  click kosodate_s -> calc:国民健康保険料を計算する
  click kosodate_s -> calc:国民健康保険料を計算する
  click kosodate_s -> calc:国民健康保険料を計算する
  click kosodate_s -> calc:国民健康保険料を計算する
  click kosodate_s -> calc:国民健康保険料を計算する
  click kosodate_s -> calc:国民健康保険料を計算する
  click kosodate_s -> calc:国民健康保険料を計算する
  click kosodate_s -> calc:国民健康保険料を計算する
  click kosodate_s -> calc:国民健康保険料を計算する
  click kosodate_s -> calc:国民健康保険料を計算する
  click kosodate_s -> calc:国民健康保険料を計算する
  click kosodate_s -> calc:国民健康保険料を計算する
  click kosodate_s -> calc:国民健康保険料を計算する
  click kosodate_s -> calc:国民健康保険料を計算する
  click kosodate_s -> calc:国民健康保険料を計算する
  click kosodate_s -> calc:国民健康保険料を計算する
  click kosodate_s -> calc:国民健康保険料を計算する
  click kosodate_s -> calc:国民健康保険料を計算する
  click kosodate_s -> calc:国民健康保険料を計算する
  click kosodate_s -> calc:国民健康保険料を計算する
  click kosodate_s -> calc:国民健康保険料を計算する
  click kosodate_s -> calc:国民健康保険料を計算する
  click kosodate_s -> calc:国民健康保険料を計算する
  click kosodate_s -> calc:国民健康保険料を計算する
  click kosodate_s -> calc:国民健康保険料を計算する
  click kosodate_s -> calc:国民健康保険料を計算する
  click kosodate_s -> calc:国民健康保険料を計算する
  click kosodate_s -> calc:国民健康保険料を計算する
  click kosodate_s -> calc:国民健康保険料を計算する
  click kosodate_s -> calc:国民健康保険料を計算する
  click kosodate_s -> calc:国民健康保険料を計算する
  click kosodate_s -> calc:国民健康保険料を計算する
  click kosodate_s -> calc:国民健康保険料を計算する
  click kosodate_s -> calc:国民健康保険料を計算する
  click kosodate_s -> calc:国民健康保険料を計算する
  click kosodate_s -> calc:国民健康保険料を計算する
  click kosodate_s -> calc:国民健康保険料を計算する
  click kosodate_s -> calc:国民健康保険料を計算する
  click kosodate_s -> calc:国民健康保険料を計算する
  click kosodate_s -> calc:国民健康保険料を計算する
  click kosodate_s -> calc:国民健康保険料を計算する
  click kosodate_s -> calc:国民健康保険料を計算する
  click kosodate_s -> calc:国民健康保険料を計算する
  click kosodate_s -> calc:国民健康保険料を計算する
  click kosodate_s -> calc:国民健康保険料を計算する
  click kosodate_s -> calc:国民健康保険料を計算する
  click kosodate_s -> calc:国民健康保険料を計算する
  click kosodate_s -> calc:国民健康保険料を計算する
  click kosodate_s -> calc:国民健康保険料を計算する
  click kosodate_s -> calc:国民健康保険料を計算する
  click kosodate_s -> calc:国民健康保険料を計算する
  click kosodate_s -> calc:国民健康保険料を計算する
  click kosodate_s -> calc:国民健康保険料を計算する
  click kosodate_s -> calc:国民健康保険料を計算する
  click kosodate_s -> calc:国民健康保険料を計算する
  click kosodate_s -> calc:国民健康保険料を計算する
  click kosodate_s -> calc:国民健康保険料を計算する
  click kosodate_s -> calc:国民健康保険料を計算する
  click kosodate_s -> calc:国民健康保険料を計算する
  click kosodate_s -> calc:国民健康保険料を計算する
  click kosodate_s -> calc:国民健康保険料を計算する
  click kosodate_s -> calc:国民健康保険料を計算する
  click kosodate_s -> calc:国民健康保険料を計算する
  click kosodate_s -> calc:国民健康保険料を計算する
  click kosodate_s -> calc:国民健康保険料を計算する
  click kosodate_s -> calc:国民健康保険料を計算する
  click kosodate_s -> calc:国民健康保険料を計算する
  click kosodate_s -> calc:国民健康保険料を計算する
  click kosodate_s -> calc:国民健康保険料を計算する
  click kosodate_s -> calc:国民健康保険料を計算する
  click kosodate_s -> calc:国民健康保険料を計算する
  click kosodate_s -> calc:国民健康保険料を計算する
  click kosodate_s -> calc:国民健康保険料を計算する
  click kosodate_s -> calc:国民健康保険料を計算する
  click kosodate_s -> calc:国民健康保険料を計算する
  click kosodate_s -> calc:国民健康保険料を計算する
  click kosodate_s -> calc:国民健康保険料を計算する
  click kosodate_s -> calc:国民健康保険料を計算する
  click kosodate_s -> calc:国民健康保険料を計算する
  click kosodate_s -> calc:国民健康保険料を計算する
  click kosodate_s -> calc:国民健康保険料を計算する
  click kosodate_s -> calc:国民健康保険料を計算する
  click kosodate_s -> calc:国民健康保険料を計算する
  click kosodate_s -> calc:国民健康保険料を計算する
  click kosodate_s -> calc:国民健康保険料を計算する
  click kosodate_s -> calc:国民健康保険料を計算する
  click kosodate_s -> calc:国民健康保険料を計算する
  click kosodate_s -> calc:国民健康保険料を計算する
  click kosodate_s -> calc:国民健康保険料を計算する
  click kosodate_s -> calc:国民健康保険料を計算する
  click kosodate_s -> calc:国民健康保険料を計算する
  click kosodate_s -> calc:国民健康保険料を計算する
  click kosodate_s -> calc:国民健康保険料を計算する
  click kosodate_s -> calc:国民健康保険料を計算する
  click kosodate_s -> calc:国民健康保険料を計算する
  click kosodate_s -> calc:国民健康保険料を計算する
  click kosodate_s -> calc:国民健康保険料を計算する
  click kosodate_s -> calc:国民健康保険料を計算する
  click kosodate_s -> calc:国民健康保険料を計算する
  click kosodate_s -> calc:国民健康保険料を計算する
  click kosodate_s -> calc:国民健康保険料を計算する
  click kosodate_s -> calc:国民健康保険料を計算する
  click kosodate_s -> calc:国民健康保険料を計算する
  click kosodate_s -> calc:国民健康保険料を計算する
  click kosodate_s -> calc:国民健康保険料を計算する
  click kosodate_s -> calc:国民健康保険料を計算する
  click kosodate_s -> calc:国民健康保険料を計算する
  click kosodate_s -> calc:国民健康保険料を計算する
  click kosodate_s -> calc:国民健康保険料を計算する
  click kosodate_s -> calc:国民健康保険料を計算する
  click kosodate_s -> calc:国民健康保険料を計算する
  click kosodate_s -> calc:国民健康保険料を計算する
  click kosodate_s -> calc:国民健康保険料を計算する
  click kosodate_s -> calc:国民健康保険料を計算する
  click kosodate_s -> calc:国民健康保険料を計算する
  click kosodate_s -> calc:国民健康保険料を計算する
  click kosodate_s -> calc:国民健康保険料を計算する
  click kosodate_s -> calc:国民健康保険料を計算する
  click kosodate_s -> calc:国民健康保険料を計算する
  click kosodate_s -> calc:国民健康保険料を計算する
  click kosodate_s -> calc:国民健康保険料を計算する
  click kosodate_s -> calc:国民健康保険料を計算する
  click kosodate_s -> calc:国民健康保険料を計算する
  click kosodate_s -> calc:国民健康保険料を計算する
  click kosodate_s -> calc:国民健康保険料を計算する
  click kosodate_s -> calc:国民健康保険料を計算する
  click kosodate_s -> calc:国民健康保険料を計算する
  click kosodate_s -> calc:国民健康保険料を計算する
  click kosodate_s -> calc:国民健康保険料を計算する
  click kosodate_s -> calc:国民健康保険料を計算する
  click kosodate_s -> calc:国民健康保険料を計算する
  click kosodate_s -> calc:国民健康保険料を計算する
  click kosodate_s -> calc:国民健康保険料を計算する
  click kosodate_s -> calc:国民健康保険料を計算する
  click kosodate_s -> calc:国民健康保険料を計算する
  click kosodate_s -> calc:国民健康保険料を計算する
  click kosodate_s -> calc:国民健康保険料を計算する
  click kosodate_s -> calc:国民健康保険料を計算する
  click kosodate_s -> calc:国民健康保険料を計算する
  click kosodate_s -> calc:国民健康保険料を計算する
  click kosodate_s -> calc:国民健康保険料を計算する
  click kosodate_s -> calc:国民健康保険料を計算する
  click kosodate_s -> calc:国民健康保険料を計算する
  click kosodate_s -> calc:国民健康保険料を計算する
  click kosodate_s -> calc:国民健康保険料を計算する
  click kosodate_s -> calc:国民健康保険料を計算する
  click kosodate_s -> calc:国民健康保険料を計算する
  click kosodate_s -> calc:国民健康保険料を計算する
  click kosodate_s -> calc:国民健康保険料を計算する
  click kosodate_s -> calc:国民健康保険料を計算する
  click kosodate_s -> calc:国民健康保険料を計算する
  click kosodate_s -> calc:国民健康保険料を計算する
  click kosodate_s -> calc:国民健康保険料を計算する
  click kosodate_s -> calc:国民健康保険料を計算する
  click kosodate_s -> calc:国民健康保険料を計算する
  click kosodate_s -> calc:国民健康保険料を計算する
  click kosodate_s -> calc:国民健康保険料を計算する
  click kosodate_s -> calc:国民健康保険料を計算する
  click kosodate_s -> calc:国民健康保険料を計算する
  click kosodate_s -> calc:国民健康保険料を計算する
  click kosodate_s -> calc:国民健康保険料を計算する
  click kosodate_s -> calc:国民健康保険料を計算する
  click kosodate_s -> calc:国民健康保険料を計算する
  click kosodate_s -> calc:国民健康保険料を計算する
  click kosodate_s -> calc:国民健康保険料を計算する
  click kosodate_s -> calc:国民健康保険料を計算する
  click kosodate_s -> calc:国民健康保険料を計算する
  click kosodate_s -> calc:国民健康保険料を計算する
  click kosodate_s -> calc:国民健康保険料を計算する
  click kosodate_s -> calc:国民健康保険料を計算する
  click kosodate_s -> calc:国民健康保険料を計算する
  click kosodate_s -> calc:国民健康保険料を計算する
  click kosodate_s -> calc:国民健康保険料を計算する
  click kosodate_s -> calc:国民健康保険料を計算する
  click kosodate_s -> calc:国民健康保険料を計算する
  click kosodate_s -> calc:国民健康保険料を計算する
  click kosodate_s -> calc:国民健康保険料を計算する
  click kosodate_s -> calc:国民健康保険料を計算する
  click kosodate_s -> calc:国民健康保険料を計算する
  click kosodate_s -> calc:国民健康保険料を計算する
  click kosodate_s -> calc:国民健康保険料を計算する
  click kosodate_s -> calc:国民健康保険料を計算する
  click kosodate_s -> calc:国民健康保険料を計算する
  click kosodate_s -> calc:国民健康保険料を計算する
  click kosodate_s -> calc:国民健康保険料を計算する
  click kosodate_s -> calc:国民健康保険料を計算する
  click kosodate_s -> calc:国民健康保険料を計算する
  click kosodate_s -> calc:国民健康保険料を計算する
  click kosodate_s -> calc:国民健康保険料を計算する
  click kosodate_s -> calc:国民健康保険料を計算する
  click kosodate_s -> calc:国民健康保険料を計算する
  click kosodate_s -> calc:国民健康保険料を計算する
  click kosodate_s -> calc:国民健康保険料を計算する
  click kosodate_s -> calc:国民健康保険料を計算する
  click kosodate_s -> calc:国民健康保険料を計算する
  click kosodate_s -> calc:国民健康保険料を計算する
  click kosodate_s -> calc:国民健康保険料を計算する
  click kosodate_s -> calc:国民健康保険料を計算する
  click kosodate_s -> calc:国民健康保険料を計算する
  click kosodate_s -> calc:国民健康保険料を計算する
  click null -> calc:国民健康保険料を計算する
kokuho#kosodate_s: 動く（shotoku0=5000000）
  click kosodate_k -> calc:国民健康保険料を計算する
  click kosodate_k -> calc:国民健康保険料を計算する
  click null -> calc:国民健康保険料を計算する
kokuho#kosodate_k: 動く（既定）
  click kosodate_h -> calc:国民健康保険料を計算する
  click kosodate_h -> calc:国民健康保険料を計算する
  click null -> calc:国民健康保険料を計算する
kokuho#kosodate_h: 動く（既定）
  click ninzu -> calc:国民健康保険料を計算する
  click ninzu -> calc:国民健康保険料を計算する
  click null -> calc:国民健康保険料を計算する
kokuho#ninzu: 動く（既定）
  click age0 -> calc:国民健康保険料を計算する
  click age0 -> calc:国民健康保険料を計算する
  click null -> calc:国民健康保険料を計算する
kokuho#age0: 動く（既定）
  click shotoku0 -> calc:国民健康保険料を計算する
  click shotoku0 -> calc:国民健康保険料を計算する
  click null -> calc:国民健康保険料を計算する
kokuho#shotoku0: 動く（既定）
  click gokei0 -> calc:国民健康保険料を計算する
  click gokei0 -> calc:国民健康保険料を計算する
  click gokei0 -> calc:国民健康保険料を計算する
  click gokei0 -> calc:国民健康保険料を計算する
  click gokei0 -> calc:国民健康保険料を計算する
  click gokei0 -> calc:国民健康保険料を計算する
  click gokei0 -> calc:国民健康保険料を計算する
  click gokei0 -> calc:国民健康保険料を計算する
  click gokei0 -> calc:国民健康保険料を計算する
  click gokei0 -> calc:国民健康保険料を計算する
  click gokei0 -> calc:国民健康保険料を計算する
  click gokei0 -> calc:国民健康保険料を計算する
  click gokei0 -> calc:国民健康保険料を計算する
  click gokei0 -> calc:国民健康保険料を計算する
  click gokei0 -> calc:国民健康保険料を計算する
  click gokei0 -> calc:国民健康保険料を計算する
  click gokei0 -> calc:国民健康保険料を計算する
  click gokei0 -> calc:国民健康保険料を計算する
  click gokei0 -> calc:国民健康保険料を計算する
  click gokei0 -> calc:国民健康保険料を計算する
  click gokei0 -> calc:国民健康保険料を計算する
  click gokei0 -> calc:国民健康保険料を計算する
  click gokei0 -> calc:国民健康保険料を計算する
  click gokei0 -> calc:国民健康保険料を計算する
  click gokei0 -> calc:国民健康保険料を計算する
  click gokei0 -> calc:国民健康保険料を計算する
  click gokei0 -> calc:国民健康保険料を計算する
  click gokei0 -> calc:国民健康保険料を計算する
  click gokei0 -> calc:国民健康保険料を計算する
  click gokei0 -> calc:国民健康保険料を計算する
  click gokei0 -> calc:国民健康保険料を計算する
  click gokei0 -> calc:国民健康保険料を計算する
  click gokei0 -> calc:国民健康保険料を計算する
  click gokei0 -> calc:国民健康保険料を計算する
  click gokei0 -> calc:国民健康保険料を計算する
  click gokei0 -> calc:国民健康保険料を計算する
  click gokei0 -> calc:国民健康保険料を計算する
  click gokei0 -> calc:国民健康保険料を計算する
  click gokei0 -> calc:国民健康保険料を計算する
  click gokei0 -> calc:国民健康保険料を計算する
  click gokei0 -> calc:国民健康保険料を計算する
  click gokei0 -> calc:国民健康保険料を計算する
  click gokei0 -> calc:国民健康保険料を計算する
  click gokei0 -> calc:国民健康保険料を計算する
  click gokei0 -> calc:国民健康保険料を計算する
  click gokei0 -> calc:国民健康保険料を計算する
  click gokei0 -> calc:国民健康保険料を計算する
  click gokei0 -> calc:国民健康保険料を計算する
  click gokei0 -> calc:国民健康保険料を計算する
  click gokei0 -> calc:国民健康保険料を計算する
  click gokei0 -> calc:国民健康保険料を計算する
  click gokei0 -> calc:国民健康保険料を計算する
  click gokei0 -> calc:国民健康保険料を計算する
  click gokei0 -> calc:国民健康保険料を計算する
  click gokei0 -> calc:国民健康保険料を計算する
  click gokei0 -> calc:国民健康保険料を計算する
  click gokei0 -> calc:国民健康保険料を計算する
  click gokei0 -> calc:国民健康保険料を計算する
  click gokei0 -> calc:国民健康保険料を計算する
  click gokei0 -> calc:国民健康保険料を計算する
  click gokei0 -> calc:国民健康保険料を計算する
  click gokei0 -> calc:国民健康保険料を計算する
  click gokei0 -> calc:国民健康保険料を計算する
  click gokei0 -> calc:国民健康保険料を計算する
  click gokei0 -> calc:国民健康保険料を計算する
  click gokei0 -> calc:国民健康保険料を計算する
  click gokei0 -> calc:国民健康保険料を計算する
  click gokei0 -> calc:国民健康保険料を計算する
  click gokei0 -> calc:国民健康保険料を計算する
  click gokei0 -> calc:国民健康保険料を計算する
  click gokei0 -> calc:国民健康保険料を計算する
  click gokei0 -> calc:国民健康保険料を計算する
  click gokei0 -> calc:国民健康保険料を計算する
  click gokei0 -> calc:国民健康保険料を計算する
  click gokei0 -> calc:国民健康保険料を計算する
  click gokei0 -> calc:国民健康保険料を計算する
  click gokei0 -> calc:国民健康保険料を計算する
  click gokei0 -> calc:国民健康保険料を計算する
  click gokei0 -> calc:国民健康保険料を計算する
  click gokei0 -> calc:国民健康保険料を計算する
  click gokei0 -> calc:国民健康保険料を計算する
  click gokei0 -> calc:国民健康保険料を計算する
  click gokei0 -> calc:国民健康保険料を計算する
  click gokei0 -> calc:国民健康保険料を計算する
  click gokei0 -> calc:国民健康保険料を計算する
  click gokei0 -> calc:国民健康保険料を計算する
  click gokei0 -> calc:国民健康保険料を計算する
  click gokei0 -> calc:国民健康保険料を計算する
  click gokei0 -> calc:国民健康保険料を計算する
  click gokei0 -> calc:国民健康保険料を計算する
  click gokei0 -> calc:国民健康保険料を計算する
  click gokei0 -> calc:国民健康保険料を計算する
  click gokei0 -> calc:国民健康保険料を計算する
  click gokei0 -> calc:国民健康保険料を計算する
  click gokei0 -> calc:国民健康保険料を計算する
  click gokei0 -> calc:国民健康保険料を計算する
  click gokei0 -> calc:国民健康保険料を計算する
  click gokei0 -> calc:国民健康保険料を計算する
  click gokei0 -> calc:国民健康保険料を計算する
  click gokei0 -> calc:国民健康保険料を計算する
  click gokei0 -> calc:国民健康保険料を計算する
  click gokei0 -> calc:国民健康保険料を計算する
  click gokei0 -> calc:国民健康保険料を計算する
  click gokei0 -> calc:国民健康保険料を計算する
  click gokei0 -> calc:国民健康保険料を計算する
  click gokei0 -> calc:国民健康保険料を計算する
  click gokei0 -> calc:国民健康保険料を計算する
  click gokei0 -> calc:国民健康保険料を計算する
  click gokei0 -> calc:国民健康保険料を計算する
  click gokei0 -> calc:国民健康保険料を計算する
  click gokei0 -> calc:国民健康保険料を計算する
  click gokei0 -> calc:国民健康保険料を計算する
  click gokei0 -> calc:国民健康保険料を計算する
  click gokei0 -> calc:国民健康保険料を計算する
  click gokei0 -> calc:国民健康保険料を計算する
  click gokei0 -> calc:国民健康保険料を計算する
  click gokei0 -> calc:国民健康保険料を計算する
  click gokei0 -> calc:国民健康保険料を計算する
  click gokei0 -> calc:国民健康保険料を計算する
  click gokei0 -> calc:国民健康保険料を計算する
  click gokei0 -> calc:国民健康保険料を計算する
  click gokei0 -> calc:国民健康保険料を計算する
  click gokei0 -> calc:国民健康保険料を計算する
  click gokei0 -> calc:国民健康保険料を計算する
  click gokei0 -> calc:国民健康保険料を計算する
  click gokei0 -> calc:国民健康保険料を計算する
  click gokei0 -> calc:国民健康保険料を計算する
  click gokei0 -> calc:国民健康保険料を計算する
  click gokei0 -> calc:国民健康保険料を計算する
  click gokei0 -> calc:国民健康保険料を計算する
  click gokei0 -> calc:国民健康保険料を計算する
  click gokei0 -> calc:国民健康保険料を計算する
  click gokei0 -> calc:国民健康保険料を計算する
  click gokei0 -> calc:国民健康保険料を計算する
  click gokei0 -> calc:国民健康保険料を計算する
  click gokei0 -> calc:国民健康保険料を計算する
  click gokei0 -> calc:国民健康保険料を計算する
  click gokei0 -> calc:国民健康保険料を計算する
  click gokei0 -> calc:国民健康保険料を計算する
  click gokei0 -> calc:国民健康保険料を計算する
  click gokei0 -> calc:国民健康保険料を計算する
  click gokei0 -> calc:国民健康保険料を計算する
  click gokei0 -> calc:国民健康保険料を計算する
  click gokei0 -> calc:国民健康保険料を計算する
  click gokei0 -> calc:国民健康保険料を計算する
  click gokei0 -> calc:国民健康保険料を計算する
  click gokei0 -> calc:国民健康保険料を計算する
  click gokei0 -> calc:国民健康保険料を計算する
  click gokei0 -> calc:国民健康保険料を計算する
  click gokei0 -> calc:国民健康保険料を計算する
  click gokei0 -> calc:国民健康保険料を計算する
  click gokei0 -> calc:国民健康保険料を計算する
  click gokei0 -> calc:国民健康保険料を計算する
  click gokei0 -> calc:国民健康保険料を計算する
  click gokei0 -> calc:国民健康保険料を計算する
  click gokei0 -> calc:国民健康保険料を計算する
  click gokei0 -> calc:国民健康保険料を計算する
  click gokei0 -> calc:国民健康保険料を計算する
  click gokei0 -> calc:国民健康保険料を計算する
  click gokei0 -> calc:国民健康保険料を計算する
  click gokei0 -> calc:国民健康保険料を計算する
  click gokei0 -> calc:国民健康保険料を計算する
  click gokei0 -> calc:国民健康保険料を計算する
  click gokei0 -> calc:国民健康保険料を計算する
  click gokei0 -> calc:国民健康保険料を計算する
  click gokei0 -> calc:国民健康保険料を計算する
  click gokei0 -> calc:国民健康保険料を計算する
  click gokei0 -> calc:国民健康保険料を計算する
  click gokei0 -> calc:国民健康保険料を計算する
  click gokei0 -> calc:国民健康保険料を計算する
  click gokei0 -> calc:国民健康保険料を計算する
  click gokei0 -> calc:国民健康保険料を計算する
  click gokei0 -> calc:国民健康保険料を計算する
  click gokei0 -> calc:国民健康保険料を計算する
  click gokei0 -> calc:国民健康保険料を計算する
  click gokei0 -> calc:国民健康保険料を計算する
  click gokei0 -> calc:国民健康保険料を計算する
  click gokei0 -> calc:国民健康保険料を計算する
  click gokei0 -> calc:国民健康保険料を計算する
  click gokei0 -> calc:国民健康保険料を計算する
  click gokei0 -> calc:国民健康保険料を計算する
  click gokei0 -> calc:国民健康保険料を計算する
  click gokei0 -> calc:国民健康保険料を計算する
  click gokei0 -> calc:国民健康保険料を計算する
  click gokei0 -> calc:国民健康保険料を計算する
  click gokei0 -> calc:国民健康保険料を計算する
  click gokei0 -> calc:国民健康保険料を計算する
  click gokei0 -> calc:国民健康保険料を計算する
  click gokei0 -> calc:国民健康保険料を計算する
  click gokei0 -> calc:国民健康保険料を計算する
  click gokei0 -> calc:国民健康保険料を計算する
  click gokei0 -> calc:国民健康保険料を計算する
  click gokei0 -> calc:国民健康保険料を計算する
  click gokei0 -> calc:国民健康保険料を計算する
  click gokei0 -> calc:国民健康保険料を計算する
  click gokei0 -> calc:国民健康保険料を計算する
  click gokei0 -> calc:国民健康保険料を計算する
  click gokei0 -> calc:国民健康保険料を計算する
  click gokei0 -> calc:国民健康保険料を計算する
  click gokei0 -> calc:国民健康保険料を計算する
  click gokei0 -> calc:国民健康保険料を計算する
  click gokei0 -> calc:国民健康保険料を計算する
  click gokei0 -> calc:国民健康保険料を計算する
  click gokei0 -> calc:国民健康保険料を計算する
  click gokei0 -> calc:国民健康保険料を計算する
  click gokei0 -> calc:国民健康保険料を計算する
  click gokei0 -> calc:国民健康保険料を計算する
  click gokei0 -> calc:国民健康保険料を計算する
  click gokei0 -> calc:国民健康保険料を計算する
  click gokei0 -> calc:国民健康保険料を計算する
  click gokei0 -> calc:国民健康保険料を計算する
  click gokei0 -> calc:国民健康保険料を計算する
  click gokei0 -> calc:国民健康保険料を計算する
  click gokei0 -> calc:国民健康保険料を計算する
  click gokei0 -> calc:国民健康保険料を計算する
  click gokei0 -> calc:国民健康保険料を計算する
  click gokei0 -> calc:国民健康保険料を計算する
  click gokei0 -> calc:国民健康保険料を計算する
  click gokei0 -> calc:国民健康保険料を計算する
  click gokei0 -> calc:国民健康保険料を計算する
  click gokei0 -> calc:国民健康保険料を計算する
  click gokei0 -> calc:国民健康保険料を計算する
  click gokei0 -> calc:国民健康保険料を計算する
  click gokei0 -> calc:国民健康保険料を計算する
  click gokei0 -> calc:国民健康保険料を計算する
  click gokei0 -> calc:国民健康保険料を計算する
  click gokei0 -> calc:国民健康保険料を計算する
  click gokei0 -> calc:国民健康保険料を計算する
  click gokei0 -> calc:国民健康保険料を計算する
  click gokei0 -> calc:国民健康保険料を計算する
  click gokei0 -> calc:国民健康保険料を計算する
  click gokei0 -> calc:国民健康保険料を計算する
  click gokei0 -> calc:国民健康保険料を計算する
  click gokei0 -> calc:国民健康保険料を計算する
  click gokei0 -> calc:国民健康保険料を計算する
  click gokei0 -> calc:国民健康保険料を計算する
  click gokei0 -> calc:国民健康保険料を計算する
  click gokei0 -> calc:国民健康保険料を計算する
  click gokei0 -> calc:国民健康保険料を計算する
  click gokei0 -> calc:国民健康保険料を計算する
  click gokei0 -> calc:国民健康保険料を計算する
  click gokei0 -> calc:国民健康保険料を計算する
  click gokei0 -> calc:国民健康保険料を計算する
  click gokei0 -> calc:国民健康保険料を計算する
  click gokei0 -> calc:国民健康保険料を計算する
  click gokei0 -> calc:国民健康保険料を計算する
  click gokei0 -> calc:国民健康保険料を計算する
  click gokei0 -> calc:国民健康保険料を計算する
  click gokei0 -> calc:国民健康保険料を計算する
  click gokei0 -> calc:国民健康保険料を計算する
  click gokei0 -> calc:国民健康保険料を計算する
  click gokei0 -> calc:国民健康保険料を計算する
  click gokei0 -> calc:国民健康保険料を計算する
  click gokei0 -> calc:国民健康保険料を計算する
  click gokei0 -> calc:国民健康保険料を計算する
  click gokei0 -> calc:国民健康保険料を計算する
  click gokei0 -> calc:国民健康保険料を計算する
  click gokei0 -> calc:国民健康保険料を計算する
  click gokei0 -> calc:国民健康保険料を計算する
  click gokei0 -> calc:国民健康保険料を計算する
  click gokei0 -> calc:国民健康保険料を計算する
  click gokei0 -> calc:国民健康保険料を計算する
  click gokei0 -> calc:国民健康保険料を計算する
  click gokei0 -> calc:国民健康保険料を計算する
  click gokei0 -> calc:国民健康保険料を計算する
  click gokei0 -> calc:国民健康保険料を計算する
  click gokei0 -> calc:国民健康保険料を計算する
  click gokei0 -> calc:国民健康保険料を計算する
  click gokei0 -> calc:国民健康保険料を計算する
  click gokei0 -> calc:国民健康保険料を計算する
  click gokei0 -> calc:国民健康保険料を計算する
  click gokei0 -> calc:国民健康保険料を計算する
  click gokei0 -> calc:国民健康保険料を計算する
  click gokei0 -> calc:国民健康保険料を計算する
  click gokei0 -> calc:国民健康保険料を計算する
  click gokei0 -> calc:国民健康保険料を計算する
  click gokei0 -> calc:国民健康保険料を計算する
  click gokei0 -> calc:国民健康保険料を計算する
  click gokei0 -> calc:国民健康保険料を計算する
  click gokei0 -> calc:国民健康保険料を計算する
  click gokei0 -> calc:国民健康保険料を計算する
  click gokei0 -> calc:国民健康保険料を計算する
  click gokei0 -> calc:国民健康保険料を計算する
  click gokei0 -> calc:国民健康保険料を計算する
  click gokei0 -> calc:国民健康保険料を計算する
  click gokei0 -> calc:国民健康保険料を計算する
  click gokei0 -> calc:国民健康保険料を計算する
  click gokei0 -> calc:国民健康保険料を計算する
  click gokei0 -> calc:国民健康保険料を計算する
  click gokei0 -> calc:国民健康保険料を計算する
  click gokei0 -> calc:国民健康保険料を計算する
  click gokei0 -> calc:国民健康保険料を計算する
  click gokei0 -> calc:国民健康保険料を計算する
  click gokei0 -> calc:国民健康保険料を計算する
  click gokei0 -> calc:国民健康保険料を計算する
  click gokei0 -> calc:国民健康保険料を計算する
  click gokei0 -> calc:国民健康保険料を計算する
  click gokei0 -> calc:国民健康保険料を計算する
  click gokei0 -> calc:国民健康保険料を計算する
  click gokei0 -> calc:国民健康保険料を計算する
  click gokei0 -> calc:国民健康保険料を計算する
  click gokei0 -> calc:国民健康保険料を計算する
  click gokei0 -> calc:国民健康保険料を計算する
  click gokei0 -> calc:国民健康保険料を計算する
  click gokei0 -> calc:国民健康保険料を計算する
  click gokei0 -> calc:国民健康保険料を計算する
  click gokei0 -> calc:国民健康保険料を計算する
  click gokei0 -> calc:国民健康保険料を計算する
  click gokei0 -> calc:国民健康保険料を計算する
  click gokei0 -> calc:国民健康保険料を計算する
  click gokei0 -> calc:国民健康保険料を計算する
  click gokei0 -> calc:国民健康保険料を計算する
  click gokei0 -> calc:国民健康保険料を計算する
  click gokei0 -> calc:国民健康保険料を計算する
  click gokei0 -> calc:国民健康保険料を計算する
  click gokei0 -> calc:国民健康保険料を計算する
  click gokei0 -> calc:国民健康保険料を計算する
  click gokei0 -> calc:国民健康保険料を計算する
  click gokei0 -> calc:国民健康保険料を計算する
  click gokei0 -> calc:国民健康保険料を計算する
  click gokei0 -> calc:国民健康保険料を計算する
  click gokei0 -> calc:国民健康保険料を計算する
  click gokei0 -> calc:国民健康保険料を計算する
  click gokei0 -> calc:国民健康保険料を計算する
  click gokei0 -> calc:国民健康保険料を計算する
  click gokei0 -> calc:国民健康保険料を計算する
  click gokei0 -> calc:国民健康保険料を計算する
  click gokei0 -> calc:国民健康保険料を計算する
  click gokei0 -> calc:国民健康保険料を計算する
  click gokei0 -> calc:国民健康保険料を計算する
  click gokei0 -> calc:国民健康保険料を計算する
  click gokei0 -> calc:国民健康保険料を計算する
  click gokei0 -> calc:国民健康保険料を計算する
  click gokei0 -> calc:国民健康保険料を計算する
  click gokei0 -> calc:国民健康保険料を計算する
  click gokei0 -> calc:国民健康保険料を計算する
  click gokei0 -> calc:国民健康保険料を計算する
  click gokei0 -> calc:国民健康保険料を計算する
  click gokei0 -> calc:国民健康保険料を計算する
  click gokei0 -> calc:国民健康保険料を計算する
  click gokei0 -> calc:国民健康保険料を計算する
  click gokei0 -> calc:国民健康保険料を計算する
  click gokei0 -> calc:国民健康保険料を計算する
  click gokei0 -> calc:国民健康保険料を計算する
  click gokei0 -> calc:国民健康保険料を計算する
  click gokei0 -> calc:国民健康保険料を計算する
  click gokei0 -> calc:国民健康保険料を計算する
  click gokei0 -> calc:国民健康保険料を計算する
  click gokei0 -> calc:国民健康保険料を計算する
  click gokei0 -> calc:国民健康保険料を計算する
  click gokei0 -> calc:国民健康保険料を計算する
  click gokei0 -> calc:国民健康保険料を計算する
  click gokei0 -> calc:国民健康保険料を計算する
  click gokei0 -> calc:国民健康保険料を計算する
  click gokei0 -> calc:国民健康保険料を計算する
  click gokei0 -> calc:国民健康保険料を計算する
  click gokei0 -> calc:国民健康保険料を計算する
  click gokei0 -> calc:国民健康保険料を計算する
  click gokei0 -> calc:国民健康保険料を計算する
  click gokei0 -> calc:国民健康保険料を計算する
  click gokei0 -> calc:国民健康保険料を計算する
  click gokei0 -> calc:国民健康保険料を計算する
  click gokei0 -> calc:国民健康保険料を計算する
  click gokei0 -> calc:国民健康保険料を計算する
  click gokei0 -> calc:国民健康保険料を計算する
  click gokei0 -> calc:国民健康保険料を計算する
  click gokei0 -> calc:国民健康保険料を計算する
  click gokei0 -> calc:国民健康保険料を計算する
  click gokei0 -> calc:国民健康保険料を計算する
  click gokei0 -> calc:国民健康保険料を計算する
  click gokei0 -> calc:国民健康保険料を計算する
  click gokei0 -> calc:国民健康保険料を計算する
  click gokei0 -> calc:国民健康保険料を計算する
  click gokei0 -> calc:国民健康保険料を計算する
  click gokei0 -> calc:国民健康保険料を計算する
  click gokei0 -> calc:国民健康保険料を計算する
  click gokei0 -> calc:国民健康保険料を計算する
  click gokei0 -> calc:国民健康保険料を計算する
  click gokei0 -> calc:国民健康保険料を計算する
  click gokei0 -> calc:国民健康保険料を計算する
  click gokei0 -> calc:国民健康保険料を計算する
  click gokei0 -> calc:国民健康保険料を計算する
  click gokei0 -> calc:国民健康保険料を計算する
  click gokei0 -> calc:国民健康保険料を計算する
  click gokei0 -> calc:国民健康保険料を計算する
  click gokei0 -> calc:国民健康保険料を計算する
  click gokei0 -> calc:国民健康保険料を計算する
  click gokei0 -> calc:国民健康保険料を計算する
  click gokei0 -> calc:国民健康保険料を計算する
  click gokei0 -> calc:国民健康保険料を計算する
  click gokei0 -> calc:国民健康保険料を計算する
  click gokei0 -> calc:国民健康保険料を計算する
  click gokei0 -> calc:国民健康保険料を計算する
  click gokei0 -> calc:国民健康保険料を計算する
  click gokei0 -> calc:国民健康保険料を計算する
  click gokei0 -> calc:国民健康保険料を計算する
  click gokei0 -> calc:国民健康保険料を計算する
  click gokei0 -> calc:国民健康保険料を計算する
  click gokei0 -> calc:国民健康保険料を計算する
  click gokei0 -> calc:国民健康保険料を計算する
  click gokei0 -> calc:国民健康保険料を計算する
  click gokei0 -> calc:国民健康保険料を計算する
  click gokei0 -> calc:国民健康保険料を計算する
  click gokei0 -> calc:国民健康保険料を計算する
  click gokei0 -> calc:国民健康保険料を計算する
  click gokei0 -> calc:国民健康保険料を計算する
  click gokei0 -> calc:国民健康保険料を計算する
  click gokei0 -> calc:国民健康保険料を計算する
  click gokei0 -> calc:国民健康保険料を計算する
  click gokei0 -> calc:国民健康保険料を計算する
  click gokei0 -> calc:国民健康保険料を計算する
  click gokei0 -> calc:国民健康保険料を計算する
  click gokei0 -> calc:国民健康保険料を計算する
  click gokei0 -> calc:国民健康保険料を計算する
  click gokei0 -> calc:国民健康保険料を計算する
  click gokei0 -> calc:国民健康保険料を計算する
  click gokei0 -> calc:国民健康保険料を計算する
  click gokei0 -> calc:国民健康保険料を計算する
  click gokei0 -> calc:国民健康保険料を計算する
  click gokei0 -> calc:国民健康保険料を計算する
  click gokei0 -> calc:国民健康保険料を計算する
  click gokei0 -> calc:国民健康保険料を計算する
  click gokei0 -> calc:国民健康保険料を計算する
  click gokei0 -> calc:国民健康保険料を計算する
  click gokei0 -> calc:国民健康保険料を計算する
  click gokei0 -> calc:国民健康保険料を計算する
  click gokei0 -> calc:国民健康保険料を計算する
  click gokei0 -> calc:国民健康保険料を計算する
  click gokei0 -> calc:国民健康保険料を計算する
  click gokei0 -> calc:国民健康保険料を計算する
  click gokei0 -> calc:国民健康保険料を計算する
  click gokei0 -> calc:国民健康保険料を計算する
  click gokei0 -> calc:国民健康保険料を計算する
  click gokei0 -> calc:国民健康保険料を計算する
  click gokei0 -> calc:国民健康保険料を計算する
  click gokei0 -> calc:国民健康保険料を計算する
  click gokei0 -> calc:国民健康保険料を計算する
  click gokei0 -> calc:国民健康保険料を計算する
  click gokei0 -> calc:国民健康保険料を計算する
  click gokei0 -> calc:国民健康保険料を計算する
  click gokei0 -> calc:国民健康保険料を計算する
  click gokei0 -> calc:国民健康保険料を計算する
  click gokei0 -> calc:国民健康保険料を計算する
  click gokei0 -> calc:国民健康保険料を計算する
  click gokei0 -> calc:国民健康保険料を計算する
  click gokei0 -> calc:国民健康保険料を計算する
  click gokei0 -> calc:国民健康保険料を計算する
  click gokei0 -> calc:国民健康保険料を計算する
  click gokei0 -> calc:国民健康保険料を計算する
  click gokei0 -> calc:国民健康保険料を計算する
  click gokei0 -> calc:国民健康保険料を計算する
  click gokei0 -> calc:国民健康保険料を計算する
  click gokei0 -> calc:国民健康保険料を計算する
  click gokei0 -> calc:国民健康保険料を計算する
  click gokei0 -> calc:国民健康保険料を計算する
  click gokei0 -> calc:国民健康保険料を計算する
  click gokei0 -> calc:国民健康保険料を計算する
  click gokei0 -> calc:国民健康保険料を計算する
  click null -> calc:国民健康保険料を計算する
kokuho#gokei0: 動く（shotoku0=5000000）
  click kyuyo0 -> calc:国民健康保険料を計算する
  click kyuyo0 -> calc:国民健康保険料を計算する
  click null -> calc:国民健康保険料を計算する
kokuho#kyuyo0: 動く（既定）
  click setainushiIs -> calc:国民健康保険料を計算する
  click setainushiIs -> calc:国民健康保険料を計算する
  click setainushiIs -> calc:国民健康保険料を計算する
  click setainushiIs -> calc:国民健康保険料を計算する
  click setainushiIs -> calc:国民健康保険料を計算する
  click setainushiIs -> calc:国民健康保険料を計算する
  click setainushiIs -> calc:国民健康保険料を計算する
  click setainushiIs -> calc:国民健康保険料を計算する
  click setainushiIs -> calc:国民健康保険料を計算する
  click setainushiIs -> calc:国民健康保険料を計算する
  click setainushiIs -> calc:国民健康保険料を計算する
  click setainushiIs -> calc:国民健康保険料を計算する
  click setainushiIs -> calc:国民健康保険料を計算する
  click setainushiIs -> calc:国民健康保険料を計算する
  click setainushiIs -> calc:国民健康保険料を計算する
  click setainushiIs -> calc:国民健康保険料を計算する
  click setainushiIs -> calc:国民健康保険料を計算する
  click setainushiIs -> calc:国民健康保険料を計算する
  click null -> calc:国民健康保険料を計算する
kokuho#setainushiIs: 動く（setainushiKyuyo=1）
  click setainushiShotoku -> calc:国民健康保険料を計算する
  click setainushiShotoku -> calc:国民健康保険料を計算する
  click setainushiShotoku -> calc:国民健康保険料を計算する
  click setainushiShotoku -> calc:国民健康保険料を計算する
  click setainushiShotoku -> calc:国民健康保険料を計算する
  click setainushiShotoku -> calc:国民健康保険料を計算する
  click setainushiShotoku -> calc:国民健康保険料を計算する
  click setainushiShotoku -> calc:国民健康保険料を計算する
  click setainushiShotoku -> calc:国民健康保険料を計算する
  click setainushiShotoku -> calc:国民健康保険料を計算する
  click setainushiShotoku -> calc:国民健康保険料を計算する
  click setainushiShotoku -> calc:国民健康保険料を計算する
  click setainushiShotoku -> calc:国民健康保険料を計算する
  click setainushiShotoku -> calc:国民健康保険料を計算する
  click setainushiShotoku -> calc:国民健康保険料を計算する
  click setainushiShotoku -> calc:国民健康保険料を計算する
  click setainushiShotoku -> calc:国民健康保険料を計算する
  click setainushiShotoku -> calc:国民健康保険料を計算する
  click setainushiShotoku -> calc:国民健康保険料を計算する
  click setainushiShotoku -> calc:国民健康保険料を計算する
  click setainushiShotoku -> calc:国民健康保険料を計算する
  click setainushiShotoku -> calc:国民健康保険料を計算する
  click setainushiShotoku -> calc:国民健康保険料を計算する
  click setainushiShotoku -> calc:国民健康保険料を計算する
  click setainushiShotoku -> calc:国民健康保険料を計算する
  click setainushiShotoku -> calc:国民健康保険料を計算する
  click setainushiShotoku -> calc:国民健康保険料を計算する
  click setainushiShotoku -> calc:国民健康保険料を計算する
  click setainushiShotoku -> calc:国民健康保険料を計算する
  click setainushiShotoku -> calc:国民健康保険料を計算する
  click setainushiShotoku -> calc:国民健康保険料を計算する
  click setainushiShotoku -> calc:国民健康保険料を計算する
  click setainushiShotoku -> calc:国民健康保険料を計算する
  click setainushiShotoku -> calc:国民健康保険料を計算する
  click setainushiShotoku -> calc:国民健康保険料を計算する
  click setainushiShotoku -> calc:国民健康保険料を計算する
  click setainushiShotoku -> calc:国民健康保険料を計算する
  click setainushiShotoku -> calc:国民健康保険料を計算する
  click setainushiShotoku -> calc:国民健康保険料を計算する
  click setainushiShotoku -> calc:国民健康保険料を計算する
  click setainushiShotoku -> calc:国民健康保険料を計算する
  click setainushiShotoku -> calc:国民健康保険料を計算する
  click setainushiShotoku -> calc:国民健康保険料を計算する
  click setainushiShotoku -> calc:国民健康保険料を計算する
  click setainushiShotoku -> calc:国民健康保険料を計算する
  click setainushiShotoku -> calc:国民健康保険料を計算する
  click setainushiShotoku -> calc:国民健康保険料を計算する
  click setainushiShotoku -> calc:国民健康保険料を計算する
  click setainushiShotoku -> calc:国民健康保険料を計算する
  click setainushiShotoku -> calc:国民健康保険料を計算する
  click setainushiShotoku -> calc:国民健康保険料を計算する
  click setainushiShotoku -> calc:国民健康保険料を計算する
  click setainushiShotoku -> calc:国民健康保険料を計算する
  click setainushiShotoku -> calc:国民健康保険料を計算する
  click setainushiShotoku -> calc:国民健康保険料を計算する
  click setainushiShotoku -> calc:国民健康保険料を計算する
  click setainushiShotoku -> calc:国民健康保険料を計算する
  click setainushiShotoku -> calc:国民健康保険料を計算する
  click setainushiShotoku -> calc:国民健康保険料を計算する
  click setainushiShotoku -> calc:国民健康保険料を計算する
  click setainushiShotoku -> calc:国民健康保険料を計算する
  click setainushiShotoku -> calc:国民健康保険料を計算する
  click setainushiShotoku -> calc:国民健康保険料を計算する
  click setainushiShotoku -> calc:国民健康保険料を計算する
  click setainushiShotoku -> calc:国民健康保険料を計算する
  click setainushiShotoku -> calc:国民健康保険料を計算する
  click setainushiShotoku -> calc:国民健康保険料を計算する
  click setainushiShotoku -> calc:国民健康保険料を計算する
  click setainushiShotoku -> calc:国民健康保険料を計算する
  click setainushiShotoku -> calc:国民健康保険料を計算する
  click setainushiShotoku -> calc:国民健康保険料を計算する
  click setainushiShotoku -> calc:国民健康保険料を計算する
  click setainushiShotoku -> calc:国民健康保険料を計算する
  click setainushiShotoku -> calc:国民健康保険料を計算する
  click setainushiShotoku -> calc:国民健康保険料を計算する
  click setainushiShotoku -> calc:国民健康保険料を計算する
  click setainushiShotoku -> calc:国民健康保険料を計算する
  click setainushiShotoku -> calc:国民健康保険料を計算する
  click setainushiShotoku -> calc:国民健康保険料を計算する
  click null -> calc:国民健康保険料を計算する
kokuho#setainushiShotoku: 動く（setainushiIs=0）
  click setainushiKyuyo -> calc:国民健康保険料を計算する
  click setainushiKyuyo -> calc:国民健康保険料を計算する
  click setainushiKyuyo -> calc:国民健康保険料を計算する
  click setainushiKyuyo -> calc:国民健康保険料を計算する
  click setainushiKyuyo -> calc:国民健康保険料を計算する
  click setainushiKyuyo -> calc:国民健康保険料を計算する
  click setainushiKyuyo -> calc:国民健康保険料を計算する
  click setainushiKyuyo -> calc:国民健康保険料を計算する
  click setainushiKyuyo -> calc:国民健康保険料を計算する
  click setainushiKyuyo -> calc:国民健康保険料を計算する
  click setainushiKyuyo -> calc:国民健康保険料を計算する
  click setainushiKyuyo -> calc:国民健康保険料を計算する
  click setainushiKyuyo -> calc:国民健康保険料を計算する
  click setainushiKyuyo -> calc:国民健康保険料を計算する
  click setainushiKyuyo -> calc:国民健康保険料を計算する
  click setainushiKyuyo -> calc:国民健康保険料を計算する
  click setainushiKyuyo -> calc:国民健康保険料を計算する
  click setainushiKyuyo -> calc:国民健康保険料を計算する
  click null -> calc:国民健康保険料を計算する
kokuho#setainushiKyuyo: 動く（setainushiIs=0）
  click tokuteiN -> calc:国民健康保険料を計算する
  click tokuteiN -> calc:国民健康保険料を計算する
  click null -> calc:国民健康保険料を計算する
kokuho#tokuteiN: 動く（既定）
  click tokuteiShotoku -> calc:国民健康保険料を計算する
  click tokuteiShotoku -> calc:国民健康保険料を計算する
  click tokuteiShotoku -> calc:国民健康保険料を計算する
  click tokuteiShotoku -> calc:国民健康保険料を計算する
  click tokuteiShotoku -> calc:国民健康保険料を計算する
  click tokuteiShotoku -> calc:国民健康保険料を計算する
  click tokuteiShotoku -> calc:国民健康保険料を計算する
  click tokuteiShotoku -> calc:国民健康保険料を計算する
  click tokuteiShotoku -> calc:国民健康保険料を計算する
  click tokuteiShotoku -> calc:国民健康保険料を計算する
  click tokuteiShotoku -> calc:国民健康保険料を計算する
  click tokuteiShotoku -> calc:国民健康保険料を計算する
  click tokuteiShotoku -> calc:国民健康保険料を計算する
  click tokuteiShotoku -> calc:国民健康保険料を計算する
  click tokuteiShotoku -> calc:国民健康保険料を計算する
  click tokuteiShotoku -> calc:国民健康保険料を計算する
  click tokuteiShotoku -> calc:国民健康保険料を計算する
  click tokuteiShotoku -> calc:国民健康保険料を計算する
  click tokuteiShotoku -> calc:国民健康保険料を計算する
  click tokuteiShotoku -> calc:国民健康保険料を計算する
  click tokuteiShotoku -> calc:国民健康保険料を計算する
  click tokuteiShotoku -> calc:国民健康保険料を計算する
  click tokuteiShotoku -> calc:国民健康保険料を計算する
  click tokuteiShotoku -> calc:国民健康保険料を計算する
  click tokuteiShotoku -> calc:国民健康保険料を計算する
  click tokuteiShotoku -> calc:国民健康保険料を計算する
  click tokuteiShotoku -> calc:国民健康保険料を計算する
  click tokuteiShotoku -> calc:国民健康保険料を計算する
  click tokuteiShotoku -> calc:国民健康保険料を計算する
  click tokuteiShotoku -> calc:国民健康保険料を計算する
  click tokuteiShotoku -> calc:国民健康保険料を計算する
  click tokuteiShotoku -> calc:国民健康保険料を計算する
  click tokuteiShotoku -> calc:国民健康保険料を計算する
  click tokuteiShotoku -> calc:国民健康保険料を計算する
  click tokuteiShotoku -> calc:国民健康保険料を計算する
  click tokuteiShotoku -> calc:国民健康保険料を計算する
  click tokuteiShotoku -> calc:国民健康保険料を計算する
  click tokuteiShotoku -> calc:国民健康保険料を計算する
  click tokuteiShotoku -> calc:国民健康保険料を計算する
  click tokuteiShotoku -> calc:国民健康保険料を計算する
  click tokuteiShotoku -> calc:国民健康保険料を計算する
  click tokuteiShotoku -> calc:国民健康保険料を計算する
  click tokuteiShotoku -> calc:国民健康保険料を計算する
  click tokuteiShotoku -> calc:国民健康保険料を計算する
  click tokuteiShotoku -> calc:国民健康保険料を計算する
  click tokuteiShotoku -> calc:国民健康保険料を計算する
  click tokuteiShotoku -> calc:国民健康保険料を計算する
  click tokuteiShotoku -> calc:国民健康保険料を計算する
  click tokuteiShotoku -> calc:国民健康保険料を計算する
  click tokuteiShotoku -> calc:国民健康保険料を計算する
  click tokuteiShotoku -> calc:国民健康保険料を計算する
  click tokuteiShotoku -> calc:国民健康保険料を計算する
  click tokuteiShotoku -> calc:国民健康保険料を計算する
  click tokuteiShotoku -> calc:国民健康保険料を計算する
  click tokuteiShotoku -> calc:国民健康保険料を計算する
  click tokuteiShotoku -> calc:国民健康保険料を計算する
  click tokuteiShotoku -> calc:国民健康保険料を計算する
  click tokuteiShotoku -> calc:国民健康保険料を計算する
  click tokuteiShotoku -> calc:国民健康保険料を計算する
  click tokuteiShotoku -> calc:国民健康保険料を計算する
  click tokuteiShotoku -> calc:国民健康保険料を計算する
  click tokuteiShotoku -> calc:国民健康保険料を計算する
  click tokuteiShotoku -> calc:国民健康保険料を計算する
  click tokuteiShotoku -> calc:国民健康保険料を計算する
  click tokuteiShotoku -> calc:国民健康保険料を計算する
  click tokuteiShotoku -> calc:国民健康保険料を計算する
  click tokuteiShotoku -> calc:国民健康保険料を計算する
  click tokuteiShotoku -> calc:国民健康保険料を計算する
  click tokuteiShotoku -> calc:国民健康保険料を計算する
  click tokuteiShotoku -> calc:国民健康保険料を計算する
  click tokuteiShotoku -> calc:国民健康保険料を計算する
  click tokuteiShotoku -> calc:国民健康保険料を計算する
  click tokuteiShotoku -> calc:国民健康保険料を計算する
  click tokuteiShotoku -> calc:国民健康保険料を計算する
  click tokuteiShotoku -> calc:国民健康保険料を計算する
  click tokuteiShotoku -> calc:国民健康保険料を計算する
  click tokuteiShotoku -> calc:国民健康保険料を計算する
  click tokuteiShotoku -> calc:国民健康保険料を計算する
  click tokuteiShotoku -> calc:国民健康保険料を計算する
  click tokuteiShotoku -> calc:国民健康保険料を計算する
  click tokuteiShotoku -> calc:国民健康保険料を計算する
  click tokuteiShotoku -> calc:国民健康保険料を計算する
  click tokuteiShotoku -> calc:国民健康保険料を計算する
  click tokuteiShotoku -> calc:国民健康保険料を計算する
  click tokuteiShotoku -> calc:国民健康保険料を計算する
  click tokuteiShotoku -> calc:国民健康保険料を計算する
  click tokuteiShotoku -> calc:国民健康保険料を計算する
  click tokuteiShotoku -> calc:国民健康保険料を計算する
  click tokuteiShotoku -> calc:国民健康保険料を計算する
  click tokuteiShotoku -> calc:国民健康保険料を計算する
  click tokuteiShotoku -> calc:国民健康保険料を計算する
  click tokuteiShotoku -> calc:国民健康保険料を計算する
  click tokuteiShotoku -> calc:国民健康保険料を計算する
  click tokuteiShotoku -> calc:国民健康保険料を計算する
  click tokuteiShotoku -> calc:国民健康保険料を計算する
  click tokuteiShotoku -> calc:国民健康保険料を計算する
  click tokuteiShotoku -> calc:国民健康保険料を計算する
  click tokuteiShotoku -> calc:国民健康保険料を計算する
  click tokuteiShotoku -> calc:国民健康保険料を計算する
  click tokuteiShotoku -> calc:国民健康保険料を計算する
  click tokuteiShotoku -> calc:国民健康保険料を計算する
  click tokuteiShotoku -> calc:国民健康保険料を計算する
  click tokuteiShotoku -> calc:国民健康保険料を計算する
  click tokuteiShotoku -> calc:国民健康保険料を計算する
  click tokuteiShotoku -> calc:国民健康保険料を計算する
  click tokuteiShotoku -> calc:国民健康保険料を計算する
  click tokuteiShotoku -> calc:国民健康保険料を計算する
  click tokuteiShotoku -> calc:国民健康保険料を計算する
  click tokuteiShotoku -> calc:国民健康保険料を計算する
  click tokuteiShotoku -> calc:国民健康保険料を計算する
  click tokuteiShotoku -> calc:国民健康保険料を計算する
  click tokuteiShotoku -> calc:国民健康保険料を計算する
  click tokuteiShotoku -> calc:国民健康保険料を計算する
  click tokuteiShotoku -> calc:国民健康保険料を計算する
  click tokuteiShotoku -> calc:国民健康保険料を計算する
  click tokuteiShotoku -> calc:国民健康保険料を計算する
  click tokuteiShotoku -> calc:国民健康保険料を計算する
  click tokuteiShotoku -> calc:国民健康保険料を計算する
  click tokuteiShotoku -> calc:国民健康保険料を計算する
  click tokuteiShotoku -> calc:国民健康保険料を計算する
  click tokuteiShotoku -> calc:国民健康保険料を計算する
  click tokuteiShotoku -> calc:国民健康保険料を計算する
  click tokuteiShotoku -> calc:国民健康保険料を計算する
  click tokuteiShotoku -> calc:国民健康保険料を計算する
  click tokuteiShotoku -> calc:国民健康保険料を計算する
  click tokuteiShotoku -> calc:国民健康保険料を計算する
  click tokuteiShotoku -> calc:国民健康保険料を計算する
  click tokuteiShotoku -> calc:国民健康保険料を計算する
  click tokuteiShotoku -> calc:国民健康保険料を計算する
  click tokuteiShotoku -> calc:国民健康保険料を計算する
  click tokuteiShotoku -> calc:国民健康保険料を計算する
  click tokuteiShotoku -> calc:国民健康保険料を計算する
  click tokuteiShotoku -> calc:国民健康保険料を計算する
  click tokuteiShotoku -> calc:国民健康保険料を計算する
  click tokuteiShotoku -> calc:国民健康保険料を計算する
  click tokuteiShotoku -> calc:国民健康保険料を計算する
  click tokuteiShotoku -> calc:国民健康保険料を計算する
  click tokuteiShotoku -> calc:国民健康保険料を計算する
  click tokuteiShotoku -> calc:国民健康保険料を計算する
  click tokuteiShotoku -> calc:国民健康保険料を計算する
  click tokuteiShotoku -> calc:国民健康保険料を計算する
  click tokuteiShotoku -> calc:国民健康保険料を計算する
  click tokuteiShotoku -> calc:国民健康保険料を計算する
  click tokuteiShotoku -> calc:国民健康保険料を計算する
  click tokuteiShotoku -> calc:国民健康保険料を計算する
  click tokuteiShotoku -> calc:国民健康保険料を計算する
  click tokuteiShotoku -> calc:国民健康保険料を計算する
  click tokuteiShotoku -> calc:国民健康保険料を計算する
  click tokuteiShotoku -> calc:国民健康保険料を計算する
  click tokuteiShotoku -> calc:国民健康保険料を計算する
  click tokuteiShotoku -> calc:国民健康保険料を計算する
  click tokuteiShotoku -> calc:国民健康保険料を計算する
  click tokuteiShotoku -> calc:国民健康保険料を計算する
  click tokuteiShotoku -> calc:国民健康保険料を計算する
  click tokuteiShotoku -> calc:国民健康保険料を計算する
  click tokuteiShotoku -> calc:国民健康保険料を計算する
  click tokuteiShotoku -> calc:国民健康保険料を計算する
  click tokuteiShotoku -> calc:国民健康保険料を計算する
  click tokuteiShotoku -> calc:国民健康保険料を計算する
  click tokuteiShotoku -> calc:国民健康保険料を計算する
  click tokuteiShotoku -> calc:国民健康保険料を計算する
  click tokuteiShotoku -> calc:国民健康保険料を計算する
  click tokuteiShotoku -> calc:国民健康保険料を計算する
  click tokuteiShotoku -> calc:国民健康保険料を計算する
  click tokuteiShotoku -> calc:国民健康保険料を計算する
  click tokuteiShotoku -> calc:国民健康保険料を計算する
  click tokuteiShotoku -> calc:国民健康保険料を計算する
  click tokuteiShotoku -> calc:国民健康保険料を計算する
  click tokuteiShotoku -> calc:国民健康保険料を計算する
  click tokuteiShotoku -> calc:国民健康保険料を計算する
  click tokuteiShotoku -> calc:国民健康保険料を計算する
  click tokuteiShotoku -> calc:国民健康保険料を計算する
  click tokuteiShotoku -> calc:国民健康保険料を計算する
  click tokuteiShotoku -> calc:国民健康保険料を計算する
  click tokuteiShotoku -> calc:国民健康保険料を計算する
  click tokuteiShotoku -> calc:国民健康保険料を計算する
  click tokuteiShotoku -> calc:国民健康保険料を計算する
  click tokuteiShotoku -> calc:国民健康保険料を計算する
  click tokuteiShotoku -> calc:国民健康保険料を計算する
  click tokuteiShotoku -> calc:国民健康保険料を計算する
  click tokuteiShotoku -> calc:国民健康保険料を計算する
  click tokuteiShotoku -> calc:国民健康保険料を計算する
  click tokuteiShotoku -> calc:国民健康保険料を計算する
  click tokuteiShotoku -> calc:国民健康保険料を計算する
  click tokuteiShotoku -> calc:国民健康保険料を計算する
  click tokuteiShotoku -> calc:国民健康保険料を計算する
  click tokuteiShotoku -> calc:国民健康保険料を計算する
  click tokuteiShotoku -> calc:国民健康保険料を計算する
  click tokuteiShotoku -> calc:国民健康保険料を計算する
  click tokuteiShotoku -> calc:国民健康保険料を計算する
  click tokuteiShotoku -> calc:国民健康保険料を計算する
  click tokuteiShotoku -> calc:国民健康保険料を計算する
  click tokuteiShotoku -> calc:国民健康保険料を計算する
  click tokuteiShotoku -> calc:国民健康保険料を計算する
  click tokuteiShotoku -> calc:国民健康保険料を計算する
  click tokuteiShotoku -> calc:国民健康保険料を計算する
  click tokuteiShotoku -> calc:国民健康保険料を計算する
  click tokuteiShotoku -> calc:国民健康保険料を計算する
  click tokuteiShotoku -> calc:国民健康保険料を計算する
  click tokuteiShotoku -> calc:国民健康保険料を計算する
  click tokuteiShotoku -> calc:国民健康保険料を計算する
  click tokuteiShotoku -> calc:国民健康保険料を計算する
  click tokuteiShotoku -> calc:国民健康保険料を計算する
  click tokuteiShotoku -> calc:国民健康保険料を計算する
  click tokuteiShotoku -> calc:国民健康保険料を計算する
  click tokuteiShotoku -> calc:国民健康保険料を計算する
  click tokuteiShotoku -> calc:国民健康保険料を計算する
  click tokuteiShotoku -> calc:国民健康保険料を計算する
  click tokuteiShotoku -> calc:国民健康保険料を計算する
  click tokuteiShotoku -> calc:国民健康保険料を計算する
  click tokuteiShotoku -> calc:国民健康保険料を計算する
  click tokuteiShotoku -> calc:国民健康保険料を計算する
  click tokuteiShotoku -> calc:国民健康保険料を計算する
  click tokuteiShotoku -> calc:国民健康保険料を計算する
  click tokuteiShotoku -> calc:国民健康保険料を計算する
  click tokuteiShotoku -> calc:国民健康保険料を計算する
  click tokuteiShotoku -> calc:国民健康保険料を計算する
  click tokuteiShotoku -> calc:国民健康保険料を計算する
  click tokuteiShotoku -> calc:国民健康保険料を計算する
  click tokuteiShotoku -> calc:国民健康保険料を計算する
  click tokuteiShotoku -> calc:国民健康保険料を計算する
  click tokuteiShotoku -> calc:国民健康保険料を計算する
  click tokuteiShotoku -> calc:国民健康保険料を計算する
  click tokuteiShotoku -> calc:国民健康保険料を計算する
  click tokuteiShotoku -> calc:国民健康保険料を計算する
  click tokuteiShotoku -> calc:国民健康保険料を計算する
  click tokuteiShotoku -> calc:国民健康保険料を計算する
  click tokuteiShotoku -> calc:国民健康保険料を計算する
  click tokuteiShotoku -> calc:国民健康保険料を計算する
  click tokuteiShotoku -> calc:国民健康保険料を計算する
  click tokuteiShotoku -> calc:国民健康保険料を計算する
  click tokuteiShotoku -> calc:国民健康保険料を計算する
  click tokuteiShotoku -> calc:国民健康保険料を計算する
  click tokuteiShotoku -> calc:国民健康保険料を計算する
  click tokuteiShotoku -> calc:国民健康保険料を計算する
  click tokuteiShotoku -> calc:国民健康保険料を計算する
  click tokuteiShotoku -> calc:国民健康保険料を計算する
  click tokuteiShotoku -> calc:国民健康保険料を計算する
  click tokuteiShotoku -> calc:国民健康保険料を計算する
  click tokuteiShotoku -> calc:国民健康保険料を計算する
  click tokuteiShotoku -> calc:国民健康保険料を計算する
  click tokuteiShotoku -> calc:国民健康保険料を計算する
  click tokuteiShotoku -> calc:国民健康保険料を計算する
  click tokuteiShotoku -> calc:国民健康保険料を計算する
  click tokuteiShotoku -> calc:国民健康保険料を計算する
  click tokuteiShotoku -> calc:国民健康保険料を計算する
  click tokuteiShotoku -> calc:国民健康保険料を計算する
  click tokuteiShotoku -> calc:国民健康保険料を計算する
  click tokuteiShotoku -> calc:国民健康保険料を計算する
  click tokuteiShotoku -> calc:国民健康保険料を計算する
  click tokuteiShotoku -> calc:国民健康保険料を計算する
  click tokuteiShotoku -> calc:国民健康保険料を計算する
  click tokuteiShotoku -> calc:国民健康保険料を計算する
  click tokuteiShotoku -> calc:国民健康保険料を計算する
  click tokuteiShotoku -> calc:国民健康保険料を計算する
  click tokuteiShotoku -> calc:国民健康保険料を計算する
  click tokuteiShotoku -> calc:国民健康保険料を計算する
  click tokuteiShotoku -> calc:国民健康保険料を計算する
  click tokuteiShotoku -> calc:国民健康保険料を計算する
  click tokuteiShotoku -> calc:国民健康保険料を計算する
  click tokuteiShotoku -> calc:国民健康保険料を計算する
  click tokuteiShotoku -> calc:国民健康保険料を計算する
  click tokuteiShotoku -> calc:国民健康保険料を計算する
  click tokuteiShotoku -> calc:国民健康保険料を計算する
  click tokuteiShotoku -> calc:国民健康保険料を計算する
  click tokuteiShotoku -> calc:国民健康保険料を計算する
  click tokuteiShotoku -> calc:国民健康保険料を計算する
  click tokuteiShotoku -> calc:国民健康保険料を計算する
  click tokuteiShotoku -> calc:国民健康保険料を計算する
  click tokuteiShotoku -> calc:国民健康保険料を計算する
  click tokuteiShotoku -> calc:国民健康保険料を計算する
  click tokuteiShotoku -> calc:国民健康保険料を計算する
  click tokuteiShotoku -> calc:国民健康保険料を計算する
  click tokuteiShotoku -> calc:国民健康保険料を計算する
  click tokuteiShotoku -> calc:国民健康保険料を計算する
  click tokuteiShotoku -> calc:国民健康保険料を計算する
  click tokuteiShotoku -> calc:国民健康保険料を計算する
  click tokuteiShotoku -> calc:国民健康保険料を計算する
  click tokuteiShotoku -> calc:国民健康保険料を計算する
  click tokuteiShotoku -> calc:国民健康保険料を計算する
  click tokuteiShotoku -> calc:国民健康保険料を計算する
  click tokuteiShotoku -> calc:国民健康保険料を計算する
  click tokuteiShotoku -> calc:国民健康保険料を計算する
  click tokuteiShotoku -> calc:国民健康保険料を計算する
  click tokuteiShotoku -> calc:国民健康保険料を計算する
  click tokuteiShotoku -> calc:国民健康保険料を計算する
  click tokuteiShotoku -> calc:国民健康保険料を計算する
  click tokuteiShotoku -> calc:国民健康保険料を計算する
  click tokuteiShotoku -> calc:国民健康保険料を計算する
  click tokuteiShotoku -> calc:国民健康保険料を計算する
  click tokuteiShotoku -> calc:国民健康保険料を計算する
  click tokuteiShotoku -> calc:国民健康保険料を計算する
  click tokuteiShotoku -> calc:国民健康保険料を計算する
  click tokuteiShotoku -> calc:国民健康保険料を計算する
  click tokuteiShotoku -> calc:国民健康保険料を計算する
  click tokuteiShotoku -> calc:国民健康保険料を計算する
  click tokuteiShotoku -> calc:国民健康保険料を計算する
  click tokuteiShotoku -> calc:国民健康保険料を計算する
  click tokuteiShotoku -> calc:国民健康保険料を計算する
  click tokuteiShotoku -> calc:国民健康保険料を計算する
  click tokuteiShotoku -> calc:国民健康保険料を計算する
  click tokuteiShotoku -> calc:国民健康保険料を計算する
  click tokuteiShotoku -> calc:国民健康保険料を計算する
  click tokuteiShotoku -> calc:国民健康保険料を計算する
  click tokuteiShotoku -> calc:国民健康保険料を計算する
  click tokuteiShotoku -> calc:国民健康保険料を計算する
  click tokuteiShotoku -> calc:国民健康保険料を計算する
  click tokuteiShotoku -> calc:国民健康保険料を計算する
  click tokuteiShotoku -> calc:国民健康保険料を計算する
  click tokuteiShotoku -> calc:国民健康保険料を計算する
  click tokuteiShotoku -> calc:国民健康保険料を計算する
  click tokuteiShotoku -> calc:国民健康保険料を計算する
  click tokuteiShotoku -> calc:国民健康保険料を計算する
  click tokuteiShotoku -> calc:国民健康保険料を計算する
  click tokuteiShotoku -> calc:国民健康保険料を計算する
  click tokuteiShotoku -> calc:国民健康保険料を計算する
  click tokuteiShotoku -> calc:国民健康保険料を計算する
  click tokuteiShotoku -> calc:国民健康保険料を計算する
  click tokuteiShotoku -> calc:国民健康保険料を計算する
  click tokuteiShotoku -> calc:国民健康保険料を計算する
  click tokuteiShotoku -> calc:国民健康保険料を計算する
  click tokuteiShotoku -> calc:国民健康保険料を計算する
  click tokuteiShotoku -> calc:国民健康保険料を計算する
  click tokuteiShotoku -> calc:国民健康保険料を計算する
  click tokuteiShotoku -> calc:国民健康保険料を計算する
  click tokuteiShotoku -> calc:国民健康保険料を計算する
  click tokuteiShotoku -> calc:国民健康保険料を計算する
  click tokuteiShotoku -> calc:国民健康保険料を計算する
  click tokuteiShotoku -> calc:国民健康保険料を計算する
  click tokuteiShotoku -> calc:国民健康保険料を計算する
  click tokuteiShotoku -> calc:国民健康保険料を計算する
  click tokuteiShotoku -> calc:国民健康保険料を計算する
  click tokuteiShotoku -> calc:国民健康保険料を計算する
  click tokuteiShotoku -> calc:国民健康保険料を計算する
  click tokuteiShotoku -> calc:国民健康保険料を計算する
  click tokuteiShotoku -> calc:国民健康保険料を計算する
  click tokuteiShotoku -> calc:国民健康保険料を計算する
  click tokuteiShotoku -> calc:国民健康保険料を計算する
  click tokuteiShotoku -> calc:国民健康保険料を計算する
  click tokuteiShotoku -> calc:国民健康保険料を計算する
  click tokuteiShotoku -> calc:国民健康保険料を計算する
  click tokuteiShotoku -> calc:国民健康保険料を計算する
  click tokuteiShotoku -> calc:国民健康保険料を計算する
  click tokuteiShotoku -> calc:国民健康保険料を計算する
  click tokuteiShotoku -> calc:国民健康保険料を計算する
  click tokuteiShotoku -> calc:国民健康保険料を計算する
  click tokuteiShotoku -> calc:国民健康保険料を計算する
  click tokuteiShotoku -> calc:国民健康保険料を計算する
  click tokuteiShotoku -> calc:国民健康保険料を計算する
  click tokuteiShotoku -> calc:国民健康保険料を計算する
  click tokuteiShotoku -> calc:国民健康保険料を計算する
  click tokuteiShotoku -> calc:国民健康保険料を計算する
  click tokuteiShotoku -> calc:国民健康保険料を計算する
  click tokuteiShotoku -> calc:国民健康保険料を計算する
  click tokuteiShotoku -> calc:国民健康保険料を計算する
  click tokuteiShotoku -> calc:国民健康保険料を計算する
  click tokuteiShotoku -> calc:国民健康保険料を計算する
  click tokuteiShotoku -> calc:国民健康保険料を計算する
  click tokuteiShotoku -> calc:国民健康保険料を計算する
  click tokuteiShotoku -> calc:国民健康保険料を計算する
  click tokuteiShotoku -> calc:国民健康保険料を計算する
  click tokuteiShotoku -> calc:国民健康保険料を計算する
  click tokuteiShotoku -> calc:国民健康保険料を計算する
  click tokuteiShotoku -> calc:国民健康保険料を計算する
  click tokuteiShotoku -> calc:国民健康保険料を計算する
  click tokuteiShotoku -> calc:国民健康保険料を計算する
  click tokuteiShotoku -> calc:国民健康保険料を計算する
  click tokuteiShotoku -> calc:国民健康保険料を計算する
  click tokuteiShotoku -> calc:国民健康保険料を計算する
  click tokuteiShotoku -> calc:国民健康保険料を計算する
  click tokuteiShotoku -> calc:国民健康保険料を計算する
  click tokuteiShotoku -> calc:国民健康保険料を計算する
  click tokuteiShotoku -> calc:国民健康保険料を計算する
  click tokuteiShotoku -> calc:国民健康保険料を計算する
  click tokuteiShotoku -> calc:国民健康保険料を計算する
  click tokuteiShotoku -> calc:国民健康保険料を計算する
  click tokuteiShotoku -> calc:国民健康保険料を計算する
  click tokuteiShotoku -> calc:国民健康保険料を計算する
  click tokuteiShotoku -> calc:国民健康保険料を計算する
  click tokuteiShotoku -> calc:国民健康保険料を計算する
  click tokuteiShotoku -> calc:国民健康保険料を計算する
  click tokuteiShotoku -> calc:国民健康保険料を計算する
  click tokuteiShotoku -> calc:国民健康保険料を計算する
  click tokuteiShotoku -> calc:国民健康保険料を計算する
  click tokuteiShotoku -> calc:国民健康保険料を計算する
  click tokuteiShotoku -> calc:国民健康保険料を計算する
  click tokuteiShotoku -> calc:国民健康保険料を計算する
  click tokuteiShotoku -> calc:国民健康保険料を計算する
  click tokuteiShotoku -> calc:国民健康保険料を計算する
  click tokuteiShotoku -> calc:国民健康保険料を計算する
  click tokuteiShotoku -> calc:国民健康保険料を計算する
  click tokuteiShotoku -> calc:国民健康保険料を計算する
  click tokuteiShotoku -> calc:国民健康保険料を計算する
  click tokuteiShotoku -> calc:国民健康保険料を計算する
  click tokuteiShotoku -> calc:国民健康保険料を計算する
  click tokuteiShotoku -> calc:国民健康保険料を計算する
  click tokuteiShotoku -> calc:国民健康保険料を計算する
  click tokuteiShotoku -> calc:国民健康保険料を計算する
  click tokuteiShotoku -> calc:国民健康保険料を計算する
  click tokuteiShotoku -> calc:国民健康保険料を計算する
  click tokuteiShotoku -> calc:国民健康保険料を計算する
  click tokuteiShotoku -> calc:国民健康保険料を計算する
  click tokuteiShotoku -> calc:国民健康保険料を計算する
  click tokuteiShotoku -> calc:国民健康保険料を計算する
  click tokuteiShotoku -> calc:国民健康保険料を計算する
  click tokuteiShotoku -> calc:国民健康保険料を計算する
  click tokuteiShotoku -> calc:国民健康保険料を計算する
  click tokuteiShotoku -> calc:国民健康保険料を計算する
  click tokuteiShotoku -> calc:国民健康保険料を計算する
  click tokuteiShotoku -> calc:国民健康保険料を計算する
  click tokuteiShotoku -> calc:国民健康保険料を計算する
  click tokuteiShotoku -> calc:国民健康保険料を計算する
  click tokuteiShotoku -> calc:国民健康保険料を計算する
  click tokuteiShotoku -> calc:国民健康保険料を計算する
  click tokuteiShotoku -> calc:国民健康保険料を計算する
  click tokuteiShotoku -> calc:国民健康保険料を計算する
  click tokuteiShotoku -> calc:国民健康保険料を計算する
  click tokuteiShotoku -> calc:国民健康保険料を計算する
  click tokuteiShotoku -> calc:国民健康保険料を計算する
  click tokuteiShotoku -> calc:国民健康保険料を計算する
  click tokuteiShotoku -> calc:国民健康保険料を計算する
  click tokuteiShotoku -> calc:国民健康保険料を計算する
  click tokuteiShotoku -> calc:国民健康保険料を計算する
  click tokuteiShotoku -> calc:国民健康保険料を計算する
  click tokuteiShotoku -> calc:国民健康保険料を計算する
  click tokuteiShotoku -> calc:国民健康保険料を計算する
  click tokuteiShotoku -> calc:国民健康保険料を計算する
  click tokuteiShotoku -> calc:国民健康保険料を計算する
  click tokuteiShotoku -> calc:国民健康保険料を計算する
  click tokuteiShotoku -> calc:国民健康保険料を計算する
  click tokuteiShotoku -> calc:国民健康保険料を計算する
  click tokuteiShotoku -> calc:国民健康保険料を計算する
  click tokuteiShotoku -> calc:国民健康保険料を計算する
  click tokuteiShotoku -> calc:国民健康保険料を計算する
  click tokuteiShotoku -> calc:国民健康保険料を計算する
  click tokuteiShotoku -> calc:国民健康保険料を計算する
  click tokuteiShotoku -> calc:国民健康保険料を計算する
  click tokuteiShotoku -> calc:国民健康保険料を計算する
  click tokuteiShotoku -> calc:国民健康保険料を計算する
  click tokuteiShotoku -> calc:国民健康保険料を計算する
  click tokuteiShotoku -> calc:国民健康保険料を計算する
  click tokuteiShotoku -> calc:国民健康保険料を計算する
  click tokuteiShotoku -> calc:国民健康保険料を計算する
  click tokuteiShotoku -> calc:国民健康保険料を計算する
  click tokuteiShotoku -> calc:国民健康保険料を計算する
  click tokuteiShotoku -> calc:国民健康保険料を計算する
  click tokuteiShotoku -> calc:国民健康保険料を計算する
  click tokuteiShotoku -> calc:国民健康保険料を計算する
  click tokuteiShotoku -> calc:国民健康保険料を計算する
  click tokuteiShotoku -> calc:国民健康保険料を計算する
  click tokuteiShotoku -> calc:国民健康保険料を計算する
  click tokuteiShotoku -> calc:国民健康保険料を計算する
  click tokuteiShotoku -> calc:国民健康保険料を計算する
  click tokuteiShotoku -> calc:国民健康保険料を計算する
  click tokuteiShotoku -> calc:国民健康保険料を計算する
  click tokuteiShotoku -> calc:国民健康保険料を計算する
  click tokuteiShotoku -> calc:国民健康保険料を計算する
  click tokuteiShotoku -> calc:国民健康保険料を計算する
  click tokuteiShotoku -> calc:国民健康保険料を計算する
  click tokuteiShotoku -> calc:国民健康保険料を計算する
  click tokuteiShotoku -> calc:国民健康保険料を計算する
  click tokuteiShotoku -> calc:国民健康保険料を計算する
  click tokuteiShotoku -> calc:国民健康保険料を計算する
  click tokuteiShotoku -> calc:国民健康保険料を計算する
  click tokuteiShotoku -> calc:国民健康保険料を計算する
  click tokuteiShotoku -> calc:国民健康保険料を計算する
  click tokuteiShotoku -> calc:国民健康保険料を計算する
  click tokuteiShotoku -> calc:国民健康保険料を計算する
  click tokuteiShotoku -> calc:国民健康保険料を計算する
  click tokuteiShotoku -> calc:国民健康保険料を計算する
  click tokuteiShotoku -> calc:国民健康保険料を計算する
  click tokuteiShotoku -> calc:国民健康保険料を計算する
  click tokuteiShotoku -> calc:国民健康保険料を計算する
  click tokuteiShotoku -> calc:国民健康保険料を計算する
  click tokuteiShotoku -> calc:国民健康保険料を計算する
  click tokuteiShotoku -> calc:国民健康保険料を計算する
  click tokuteiShotoku -> calc:国民健康保険料を計算する
  click tokuteiShotoku -> calc:国民健康保険料を計算する
  click tokuteiShotoku -> calc:国民健康保険料を計算する
  click tokuteiShotoku -> calc:国民健康保険料を計算する
  click tokuteiShotoku -> calc:国民健康保険料を計算する
  click tokuteiShotoku -> calc:国民健康保険料を計算する
  click tokuteiShotoku -> calc:国民健康保険料を計算する
  click tokuteiShotoku -> calc:国民健康保険料を計算する
  click tokuteiShotoku -> calc:国民健康保険料を計算する
  click tokuteiShotoku -> calc:国民健康保険料を計算する
  click tokuteiShotoku -> calc:国民健康保険料を計算する
  click tokuteiShotoku -> calc:国民健康保険料を計算する
  click tokuteiShotoku -> calc:国民健康保険料を計算する
  click tokuteiShotoku -> calc:国民健康保険料を計算する
  click tokuteiShotoku -> calc:国民健康保険料を計算する
  click tokuteiShotoku -> calc:国民健康保険料を計算する
  click tokuteiShotoku -> calc:国民健康保険料を計算する
  click tokuteiShotoku -> calc:国民健康保険料を計算する
  click tokuteiShotoku -> calc:国民健康保険料を計算する
  click tokuteiShotoku -> calc:国民健康保険料を計算する
  click tokuteiShotoku -> calc:国民健康保険料を計算する
  click tokuteiShotoku -> calc:国民健康保険料を計算する
  click tokuteiShotoku -> calc:国民健康保険料を計算する
  click tokuteiShotoku -> calc:国民健康保険料を計算する
  click tokuteiShotoku -> calc:国民健康保険料を計算する
  click tokuteiShotoku -> calc:国民健康保険料を計算する
  click tokuteiShotoku -> calc:国民健康保険料を計算する
  click tokuteiShotoku -> calc:国民健康保険料を計算する
  click tokuteiShotoku -> calc:国民健康保険料を計算する
  click tokuteiShotoku -> calc:国民健康保険料を計算する
  click tokuteiShotoku -> calc:国民健康保険料を計算する
  click tokuteiShotoku -> calc:国民健康保険料を計算する
  click tokuteiShotoku -> calc:国民健康保険料を計算する
  click tokuteiShotoku -> calc:国民健康保険料を計算する
  click tokuteiShotoku -> calc:国民健康保険料を計算する
  click tokuteiShotoku -> calc:国民健康保険料を計算する
  click tokuteiShotoku -> calc:国民健康保険料を計算する
  click tokuteiShotoku -> calc:国民健康保険料を計算する
  click tokuteiShotoku -> calc:国民健康保険料を計算する
  click tokuteiShotoku -> calc:国民健康保険料を計算する
  click tokuteiShotoku -> calc:国民健康保険料を計算する
  click tokuteiShotoku -> calc:国民健康保険料を計算する
  click tokuteiShotoku -> calc:国民健康保険料を計算する
  click tokuteiShotoku -> calc:国民健康保険料を計算する
  click tokuteiShotoku -> calc:国民健康保険料を計算する
  click tokuteiShotoku -> calc:国民健康保険料を計算する
  click tokuteiShotoku -> calc:国民健康保険料を計算する
  click tokuteiShotoku -> calc:国民健康保険料を計算する
  click tokuteiShotoku -> calc:国民健康保険料を計算する
  click tokuteiShotoku -> calc:国民健康保険料を計算する
  click tokuteiShotoku -> calc:国民健康保険料を計算する
  click tokuteiShotoku -> calc:国民健康保険料を計算する
  click tokuteiShotoku -> calc:国民健康保険料を計算する
  click null -> calc:国民健康保険料を計算する
kokuho#tokuteiShotoku: 動く（tokuteiN=8）
  click tokuteiKyuyo -> calc:国民健康保険料を計算する
  click tokuteiKyuyo -> calc:国民健康保険料を計算する
  click tokuteiKyuyo -> calc:国民健康保険料を計算する
  click tokuteiKyuyo -> calc:国民健康保険料を計算する
  click tokuteiKyuyo -> calc:国民健康保険料を計算する
  click tokuteiKyuyo -> calc:国民健康保険料を計算する
  click tokuteiKyuyo -> calc:国民健康保険料を計算する
  click tokuteiKyuyo -> calc:国民健康保険料を計算する
  click tokuteiKyuyo -> calc:国民健康保険料を計算する
  click tokuteiKyuyo -> calc:国民健康保険料を計算する
  click tokuteiKyuyo -> calc:国民健康保険料を計算する
  click tokuteiKyuyo -> calc:国民健康保険料を計算する
  click tokuteiKyuyo -> calc:国民健康保険料を計算する
  click tokuteiKyuyo -> calc:国民健康保険料を計算する
  click tokuteiKyuyo -> calc:国民健康保険料を計算する
  click tokuteiKyuyo -> calc:国民健康保険料を計算する
  click tokuteiKyuyo -> calc:国民健康保険料を計算する
  click tokuteiKyuyo -> calc:国民健康保険料を計算する
  click tokuteiKyuyo -> calc:国民健康保険料を計算する
  click tokuteiKyuyo -> calc:国民健康保険料を計算する
  click tokuteiKyuyo -> calc:国民健康保険料を計算する
  click tokuteiKyuyo -> calc:国民健康保険料を計算する
  click tokuteiKyuyo -> calc:国民健康保険料を計算する
  click tokuteiKyuyo -> calc:国民健康保険料を計算する
  click tokuteiKyuyo -> calc:国民健康保険料を計算する
  click tokuteiKyuyo -> calc:国民健康保険料を計算する
  click tokuteiKyuyo -> calc:国民健康保険料を計算する
  click tokuteiKyuyo -> calc:国民健康保険料を計算する
  click tokuteiKyuyo -> calc:国民健康保険料を計算する
  click tokuteiKyuyo -> calc:国民健康保険料を計算する
  click tokuteiKyuyo -> calc:国民健康保険料を計算する
  click tokuteiKyuyo -> calc:国民健康保険料を計算する
  click tokuteiKyuyo -> calc:国民健康保険料を計算する
  click tokuteiKyuyo -> calc:国民健康保険料を計算する
  click tokuteiKyuyo -> calc:国民健康保険料を計算する
  click tokuteiKyuyo -> calc:国民健康保険料を計算する
  click tokuteiKyuyo -> calc:国民健康保険料を計算する
  click tokuteiKyuyo -> calc:国民健康保険料を計算する
  click tokuteiKyuyo -> calc:国民健康保険料を計算する
  click tokuteiKyuyo -> calc:国民健康保険料を計算する
  click tokuteiKyuyo -> calc:国民健康保険料を計算する
  click tokuteiKyuyo -> calc:国民健康保険料を計算する
  click tokuteiKyuyo -> calc:国民健康保険料を計算する
  click tokuteiKyuyo -> calc:国民健康保険料を計算する
  click tokuteiKyuyo -> calc:国民健康保険料を計算する
  click tokuteiKyuyo -> calc:国民健康保険料を計算する
  click tokuteiKyuyo -> calc:国民健康保険料を計算する
  click tokuteiKyuyo -> calc:国民健康保険料を計算する
  click tokuteiKyuyo -> calc:国民健康保険料を計算する
  click tokuteiKyuyo -> calc:国民健康保険料を計算する
  click tokuteiKyuyo -> calc:国民健康保険料を計算する
  click tokuteiKyuyo -> calc:国民健康保険料を計算する
  click tokuteiKyuyo -> calc:国民健康保険料を計算する
  click tokuteiKyuyo -> calc:国民健康保険料を計算する
  click tokuteiKyuyo -> calc:国民健康保険料を計算する
  click tokuteiKyuyo -> calc:国民健康保険料を計算する
  click tokuteiKyuyo -> calc:国民健康保険料を計算する
  click tokuteiKyuyo -> calc:国民健康保険料を計算する
  click tokuteiKyuyo -> calc:国民健康保険料を計算する
  click tokuteiKyuyo -> calc:国民健康保険料を計算する
  click tokuteiKyuyo -> calc:国民健康保険料を計算する
  click tokuteiKyuyo -> calc:国民健康保険料を計算する
  click tokuteiKyuyo -> calc:国民健康保険料を計算する
  click tokuteiKyuyo -> calc:国民健康保険料を計算する
  click tokuteiKyuyo -> calc:国民健康保険料を計算する
  click tokuteiKyuyo -> calc:国民健康保険料を計算する
  click tokuteiKyuyo -> calc:国民健康保険料を計算する
  click tokuteiKyuyo -> calc:国民健康保険料を計算する
  click tokuteiKyuyo -> calc:国民健康保険料を計算する
  click tokuteiKyuyo -> calc:国民健康保険料を計算する
  click tokuteiKyuyo -> calc:国民健康保険料を計算する
  click tokuteiKyuyo -> calc:国民健康保険料を計算する
  click tokuteiKyuyo -> calc:国民健康保険料を計算する
  click tokuteiKyuyo -> calc:国民健康保険料を計算する
  click tokuteiKyuyo -> calc:国民健康保険料を計算する
  click tokuteiKyuyo -> calc:国民健康保険料を計算する
  click tokuteiKyuyo -> calc:国民健康保険料を計算する
  click tokuteiKyuyo -> calc:国民健康保険料を計算する
  click tokuteiKyuyo -> calc:国民健康保険料を計算する
  click tokuteiKyuyo -> calc:国民健康保険料を計算する
  click tokuteiKyuyo -> calc:国民健康保険料を計算する
  click tokuteiKyuyo -> calc:国民健康保険料を計算する
  click tokuteiKyuyo -> calc:国民健康保険料を計算する
  click tokuteiKyuyo -> calc:国民健康保険料を計算する
  click tokuteiKyuyo -> calc:国民健康保険料を計算する
  click tokuteiKyuyo -> calc:国民健康保険料を計算する
  click tokuteiKyuyo -> calc:国民健康保険料を計算する
  click tokuteiKyuyo -> calc:国民健康保険料を計算する
  click tokuteiKyuyo -> calc:国民健康保険料を計算する
  click tokuteiKyuyo -> calc:国民健康保険料を計算する
  click tokuteiKyuyo -> calc:国民健康保険料を計算する
  click tokuteiKyuyo -> calc:国民健康保険料を計算する
  click tokuteiKyuyo -> calc:国民健康保険料を計算する
  click tokuteiKyuyo -> calc:国民健康保険料を計算する
  click tokuteiKyuyo -> calc:国民健康保険料を計算する
  click tokuteiKyuyo -> calc:国民健康保険料を計算する
  click tokuteiKyuyo -> calc:国民健康保険料を計算する
  click tokuteiKyuyo -> calc:国民健康保険料を計算する
  click tokuteiKyuyo -> calc:国民健康保険料を計算する
  click tokuteiKyuyo -> calc:国民健康保険料を計算する
  click tokuteiKyuyo -> calc:国民健康保険料を計算する
  click tokuteiKyuyo -> calc:国民健康保険料を計算する
  click tokuteiKyuyo -> calc:国民健康保険料を計算する
  click tokuteiKyuyo -> calc:国民健康保険料を計算する
  click tokuteiKyuyo -> calc:国民健康保険料を計算する
  click tokuteiKyuyo -> calc:国民健康保険料を計算する
  click tokuteiKyuyo -> calc:国民健康保険料を計算する
  click tokuteiKyuyo -> calc:国民健康保険料を計算する
  click tokuteiKyuyo -> calc:国民健康保険料を計算する
  click tokuteiKyuyo -> calc:国民健康保険料を計算する
  click tokuteiKyuyo -> calc:国民健康保険料を計算する
  click tokuteiKyuyo -> calc:国民健康保険料を計算する
  click tokuteiKyuyo -> calc:国民健康保険料を計算する
  click tokuteiKyuyo -> calc:国民健康保険料を計算する
  click tokuteiKyuyo -> calc:国民健康保険料を計算する
  click tokuteiKyuyo -> calc:国民健康保険料を計算する
  click tokuteiKyuyo -> calc:国民健康保険料を計算する
  click tokuteiKyuyo -> calc:国民健康保険料を計算する
  click tokuteiKyuyo -> calc:国民健康保険料を計算する
  click tokuteiKyuyo -> calc:国民健康保険料を計算する
  click tokuteiKyuyo -> calc:国民健康保険料を計算する
  click tokuteiKyuyo -> calc:国民健康保険料を計算する
  click tokuteiKyuyo -> calc:国民健康保険料を計算する
  click tokuteiKyuyo -> calc:国民健康保険料を計算する
  click tokuteiKyuyo -> calc:国民健康保険料を計算する
  click tokuteiKyuyo -> calc:国民健康保険料を計算する
  click tokuteiKyuyo -> calc:国民健康保険料を計算する
  click tokuteiKyuyo -> calc:国民健康保険料を計算する
  click tokuteiKyuyo -> calc:国民健康保険料を計算する
  click tokuteiKyuyo -> calc:国民健康保険料を計算する
  click tokuteiKyuyo -> calc:国民健康保険料を計算する
  click tokuteiKyuyo -> calc:国民健康保険料を計算する
  click tokuteiKyuyo -> calc:国民健康保険料を計算する
  click tokuteiKyuyo -> calc:国民健康保険料を計算する
  click tokuteiKyuyo -> calc:国民健康保険料を計算する
  click tokuteiKyuyo -> calc:国民健康保険料を計算する
  click tokuteiKyuyo -> calc:国民健康保険料を計算する
  click tokuteiKyuyo -> calc:国民健康保険料を計算する
  click tokuteiKyuyo -> calc:国民健康保険料を計算する
  click tokuteiKyuyo -> calc:国民健康保険料を計算する
  click tokuteiKyuyo -> calc:国民健康保険料を計算する
  click tokuteiKyuyo -> calc:国民健康保険料を計算する
  click tokuteiKyuyo -> calc:国民健康保険料を計算する
  click tokuteiKyuyo -> calc:国民健康保険料を計算する
  click tokuteiKyuyo -> calc:国民健康保険料を計算する
  click tokuteiKyuyo -> calc:国民健康保険料を計算する
  click tokuteiKyuyo -> calc:国民健康保険料を計算する
  click tokuteiKyuyo -> calc:国民健康保険料を計算する
  click tokuteiKyuyo -> calc:国民健康保険料を計算する
  click tokuteiKyuyo -> calc:国民健康保険料を計算する
  click tokuteiKyuyo -> calc:国民健康保険料を計算する
  click tokuteiKyuyo -> calc:国民健康保険料を計算する
  click tokuteiKyuyo -> calc:国民健康保険料を計算する
  click tokuteiKyuyo -> calc:国民健康保険料を計算する
  click tokuteiKyuyo -> calc:国民健康保険料を計算する
  click tokuteiKyuyo -> calc:国民健康保険料を計算する
  click tokuteiKyuyo -> calc:国民健康保険料を計算する
  click tokuteiKyuyo -> calc:国民健康保険料を計算する
  click tokuteiKyuyo -> calc:国民健康保険料を計算する
  click tokuteiKyuyo -> calc:国民健康保険料を計算する
  click tokuteiKyuyo -> calc:国民健康保険料を計算する
  click tokuteiKyuyo -> calc:国民健康保険料を計算する
  click tokuteiKyuyo -> calc:国民健康保険料を計算する
  click tokuteiKyuyo -> calc:国民健康保険料を計算する
  click tokuteiKyuyo -> calc:国民健康保険料を計算する
  click tokuteiKyuyo -> calc:国民健康保険料を計算する
  click tokuteiKyuyo -> calc:国民健康保険料を計算する
  click tokuteiKyuyo -> calc:国民健康保険料を計算する
  click tokuteiKyuyo -> calc:国民健康保険料を計算する
  click tokuteiKyuyo -> calc:国民健康保険料を計算する
  click tokuteiKyuyo -> calc:国民健康保険料を計算する
  click tokuteiKyuyo -> calc:国民健康保険料を計算する
  click tokuteiKyuyo -> calc:国民健康保険料を計算する
  click tokuteiKyuyo -> calc:国民健康保険料を計算する
  click tokuteiKyuyo -> calc:国民健康保険料を計算する
  click tokuteiKyuyo -> calc:国民健康保険料を計算する
  click tokuteiKyuyo -> calc:国民健康保険料を計算する
  click tokuteiKyuyo -> calc:国民健康保険料を計算する
  click tokuteiKyuyo -> calc:国民健康保険料を計算する
  click tokuteiKyuyo -> calc:国民健康保険料を計算する
  click tokuteiKyuyo -> calc:国民健康保険料を計算する
  click tokuteiKyuyo -> calc:国民健康保険料を計算する
  click tokuteiKyuyo -> calc:国民健康保険料を計算する
  click tokuteiKyuyo -> calc:国民健康保険料を計算する
  click tokuteiKyuyo -> calc:国民健康保険料を計算する
  click tokuteiKyuyo -> calc:国民健康保険料を計算する
  click tokuteiKyuyo -> calc:国民健康保険料を計算する
  click tokuteiKyuyo -> calc:国民健康保険料を計算する
  click tokuteiKyuyo -> calc:国民健康保険料を計算する
  click tokuteiKyuyo -> calc:国民健康保険料を計算する
  click tokuteiKyuyo -> calc:国民健康保険料を計算する
  click tokuteiKyuyo -> calc:国民健康保険料を計算する
  click tokuteiKyuyo -> calc:国民健康保険料を計算する
  click tokuteiKyuyo -> calc:国民健康保険料を計算する
  click tokuteiKyuyo -> calc:国民健康保険料を計算する
  click tokuteiKyuyo -> calc:国民健康保険料を計算する
  click tokuteiKyuyo -> calc:国民健康保険料を計算する
  click tokuteiKyuyo -> calc:国民健康保険料を計算する
  click tokuteiKyuyo -> calc:国民健康保険料を計算する
  click tokuteiKyuyo -> calc:国民健康保険料を計算する
  click tokuteiKyuyo -> calc:国民健康保険料を計算する
  click tokuteiKyuyo -> calc:国民健康保険料を計算する
  click tokuteiKyuyo -> calc:国民健康保険料を計算する
  click tokuteiKyuyo -> calc:国民健康保険料を計算する
  click tokuteiKyuyo -> calc:国民健康保険料を計算する
  click tokuteiKyuyo -> calc:国民健康保険料を計算する
  click tokuteiKyuyo -> calc:国民健康保険料を計算する
  click tokuteiKyuyo -> calc:国民健康保険料を計算する
  click tokuteiKyuyo -> calc:国民健康保険料を計算する
  click tokuteiKyuyo -> calc:国民健康保険料を計算する
  click tokuteiKyuyo -> calc:国民健康保険料を計算する
  click tokuteiKyuyo -> calc:国民健康保険料を計算する
  click tokuteiKyuyo -> calc:国民健康保険料を計算する
  click tokuteiKyuyo -> calc:国民健康保険料を計算する
  click tokuteiKyuyo -> calc:国民健康保険料を計算する
  click tokuteiKyuyo -> calc:国民健康保険料を計算する
  click tokuteiKyuyo -> calc:国民健康保険料を計算する
  click tokuteiKyuyo -> calc:国民健康保険料を計算する
  click tokuteiKyuyo -> calc:国民健康保険料を計算する
  click tokuteiKyuyo -> calc:国民健康保険料を計算する
  click tokuteiKyuyo -> calc:国民健康保険料を計算する
  click tokuteiKyuyo -> calc:国民健康保険料を計算する
  click tokuteiKyuyo -> calc:国民健康保険料を計算する
  click tokuteiKyuyo -> calc:国民健康保険料を計算する
  click tokuteiKyuyo -> calc:国民健康保険料を計算する
  click tokuteiKyuyo -> calc:国民健康保険料を計算する
  click tokuteiKyuyo -> calc:国民健康保険料を計算する
  click tokuteiKyuyo -> calc:国民健康保険料を計算する
  click tokuteiKyuyo -> calc:国民健康保険料を計算する
  click tokuteiKyuyo -> calc:国民健康保険料を計算する
  click tokuteiKyuyo -> calc:国民健康保険料を計算する
  click tokuteiKyuyo -> calc:国民健康保険料を計算する
  click tokuteiKyuyo -> calc:国民健康保険料を計算する
  click tokuteiKyuyo -> calc:国民健康保険料を計算する
  click tokuteiKyuyo -> calc:国民健康保険料を計算する
  click tokuteiKyuyo -> calc:国民健康保険料を計算する
  click tokuteiKyuyo -> calc:国民健康保険料を計算する
  click tokuteiKyuyo -> calc:国民健康保険料を計算する
  click tokuteiKyuyo -> calc:国民健康保険料を計算する
  click tokuteiKyuyo -> calc:国民健康保険料を計算する
  click tokuteiKyuyo -> calc:国民健康保険料を計算する
  click tokuteiKyuyo -> calc:国民健康保険料を計算する
  click tokuteiKyuyo -> calc:国民健康保険料を計算する
  click tokuteiKyuyo -> calc:国民健康保険料を計算する
  click tokuteiKyuyo -> calc:国民健康保険料を計算する
  click tokuteiKyuyo -> calc:国民健康保険料を計算する
  click tokuteiKyuyo -> calc:国民健康保険料を計算する
  click tokuteiKyuyo -> calc:国民健康保険料を計算する
  click tokuteiKyuyo -> calc:国民健康保険料を計算する
  click tokuteiKyuyo -> calc:国民健康保険料を計算する
  click tokuteiKyuyo -> calc:国民健康保険料を計算する
  click tokuteiKyuyo -> calc:国民健康保険料を計算する
  click tokuteiKyuyo -> calc:国民健康保険料を計算する
  click tokuteiKyuyo -> calc:国民健康保険料を計算する
  click tokuteiKyuyo -> calc:国民健康保険料を計算する
  click tokuteiKyuyo -> calc:国民健康保険料を計算する
  click tokuteiKyuyo -> calc:国民健康保険料を計算する
  click tokuteiKyuyo -> calc:国民健康保険料を計算する
  click tokuteiKyuyo -> calc:国民健康保険料を計算する
  click tokuteiKyuyo -> calc:国民健康保険料を計算する
  click tokuteiKyuyo -> calc:国民健康保険料を計算する
  click tokuteiKyuyo -> calc:国民健康保険料を計算する
  click tokuteiKyuyo -> calc:国民健康保険料を計算する
  click tokuteiKyuyo -> calc:国民健康保険料を計算する
  click tokuteiKyuyo -> calc:国民健康保険料を計算する
  click tokuteiKyuyo -> calc:国民健康保険料を計算する
  click tokuteiKyuyo -> calc:国民健康保険料を計算する
  click tokuteiKyuyo -> calc:国民健康保険料を計算する
  click tokuteiKyuyo -> calc:国民健康保険料を計算する
  click tokuteiKyuyo -> calc:国民健康保険料を計算する
  click tokuteiKyuyo -> calc:国民健康保険料を計算する
  click tokuteiKyuyo -> calc:国民健康保険料を計算する
  click tokuteiKyuyo -> calc:国民健康保険料を計算する
  click tokuteiKyuyo -> calc:国民健康保険料を計算する
  click tokuteiKyuyo -> calc:国民健康保険料を計算する
  click tokuteiKyuyo -> calc:国民健康保険料を計算する
  click tokuteiKyuyo -> calc:国民健康保険料を計算する
  click tokuteiKyuyo -> calc:国民健康保険料を計算する
  click tokuteiKyuyo -> calc:国民健康保険料を計算する
  click tokuteiKyuyo -> calc:国民健康保険料を計算する
  click tokuteiKyuyo -> calc:国民健康保険料を計算する
  click tokuteiKyuyo -> calc:国民健康保険料を計算する
  click tokuteiKyuyo -> calc:国民健康保険料を計算する
  click tokuteiKyuyo -> calc:国民健康保険料を計算する
  click tokuteiKyuyo -> calc:国民健康保険料を計算する
  click tokuteiKyuyo -> calc:国民健康保険料を計算する
  click tokuteiKyuyo -> calc:国民健康保険料を計算する
  click tokuteiKyuyo -> calc:国民健康保険料を計算する
  click tokuteiKyuyo -> calc:国民健康保険料を計算する
  click tokuteiKyuyo -> calc:国民健康保険料を計算する
  click tokuteiKyuyo -> calc:国民健康保険料を計算する
  click tokuteiKyuyo -> calc:国民健康保険料を計算する
  click tokuteiKyuyo -> calc:国民健康保険料を計算する
  click tokuteiKyuyo -> calc:国民健康保険料を計算する
  click tokuteiKyuyo -> calc:国民健康保険料を計算する
  click tokuteiKyuyo -> calc:国民健康保険料を計算する
  click tokuteiKyuyo -> calc:国民健康保険料を計算する
  click tokuteiKyuyo -> calc:国民健康保険料を計算する
  click tokuteiKyuyo -> calc:国民健康保険料を計算する
  click tokuteiKyuyo -> calc:国民健康保険料を計算する
  click tokuteiKyuyo -> calc:国民健康保険料を計算する
  click tokuteiKyuyo -> calc:国民健康保険料を計算する
  click tokuteiKyuyo -> calc:国民健康保険料を計算する
  click tokuteiKyuyo -> calc:国民健康保険料を計算する
  click tokuteiKyuyo -> calc:国民健康保険料を計算する
  click tokuteiKyuyo -> calc:国民健康保険料を計算する
  click tokuteiKyuyo -> calc:国民健康保険料を計算する
  click tokuteiKyuyo -> calc:国民健康保険料を計算する
  click tokuteiKyuyo -> calc:国民健康保険料を計算する
  click tokuteiKyuyo -> calc:国民健康保険料を計算する
  click tokuteiKyuyo -> calc:国民健康保険料を計算する
  click tokuteiKyuyo -> calc:国民健康保険料を計算する
  click tokuteiKyuyo -> calc:国民健康保険料を計算する
  click tokuteiKyuyo -> calc:国民健康保険料を計算する
  click tokuteiKyuyo -> calc:国民健康保険料を計算する
  click tokuteiKyuyo -> calc:国民健康保険料を計算する
  click tokuteiKyuyo -> calc:国民健康保険料を計算する
  click tokuteiKyuyo -> calc:国民健康保険料を計算する
  click tokuteiKyuyo -> calc:国民健康保険料を計算する
  click tokuteiKyuyo -> calc:国民健康保険料を計算する
  click tokuteiKyuyo -> calc:国民健康保険料を計算する
  click tokuteiKyuyo -> calc:国民健康保険料を計算する
  click tokuteiKyuyo -> calc:国民健康保険料を計算する
  click tokuteiKyuyo -> calc:国民健康保険料を計算する
  click tokuteiKyuyo -> calc:国民健康保険料を計算する
  click tokuteiKyuyo -> calc:国民健康保険料を計算する
  click tokuteiKyuyo -> calc:国民健康保険料を計算する
  click tokuteiKyuyo -> calc:国民健康保険料を計算する
  click tokuteiKyuyo -> calc:国民健康保険料を計算する
  click tokuteiKyuyo -> calc:国民健康保険料を計算する
  click tokuteiKyuyo -> calc:国民健康保険料を計算する
  click tokuteiKyuyo -> calc:国民健康保険料を計算する
  click tokuteiKyuyo -> calc:国民健康保険料を計算する
  click tokuteiKyuyo -> calc:国民健康保険料を計算する
  click tokuteiKyuyo -> calc:国民健康保険料を計算する
  click tokuteiKyuyo -> calc:国民健康保険料を計算する
  click tokuteiKyuyo -> calc:国民健康保険料を計算する
  click tokuteiKyuyo -> calc:国民健康保険料を計算する
  click tokuteiKyuyo -> calc:国民健康保険料を計算する
  click tokuteiKyuyo -> calc:国民健康保険料を計算する
  click tokuteiKyuyo -> calc:国民健康保険料を計算する
  click tokuteiKyuyo -> calc:国民健康保険料を計算する
  click tokuteiKyuyo -> calc:国民健康保険料を計算する
  click tokuteiKyuyo -> calc:国民健康保険料を計算する
  click tokuteiKyuyo -> calc:国民健康保険料を計算する
  click tokuteiKyuyo -> calc:国民健康保険料を計算する
  click tokuteiKyuyo -> calc:国民健康保険料を計算する
  click tokuteiKyuyo -> calc:国民健康保険料を計算する
  click tokuteiKyuyo -> calc:国民健康保険料を計算する
  click tokuteiKyuyo -> calc:国民健康保険料を計算する
  click null -> calc:国民健康保険料を計算する
kokuho#tokuteiKyuyo: 動く（tokuteiN=8）
  click niniTodofuken -> calc:国民健康保険料を計算する
  click niniTodofuken -> calc:国民健康保険料を計算する
  click null -> calc:国民健康保険料を計算する
kokuho#niniTodofuken: 動く（既定）
  click niniHyojun -> calc:国民健康保険料を計算する
  click niniHyojun -> calc:国民健康保険料を計算する
  click null -> calc:国民健康保険料を計算する
kokuho#niniHyojun: 動く（既定）
  click niniAge -> calc:国民健康保険料を計算する
  click niniAge -> calc:国民健康保険料を計算する
  click null -> calc:国民健康保険料を計算する
kokuho#niniAge: 動く（既定）
  click null -> calc:免除・猶予に該当するか判定する
  click student -> calc:免除・猶予に該当するか判定する
  click student -> calc:免除・猶予に該当するか判定する
  click null -> calc:免除・猶予に該当するか判定する
kokunen-menjo#student: 動く（既定）
  click age -> calc:免除・猶予に該当するか判定する
  click age -> calc:免除・猶予に該当するか判定する
  click null -> calc:免除・猶予に該当するか判定する
kokunen-menjo#age: 動く（既定）
  click shotoku -> calc:免除・猶予に該当するか判定する
  click shotoku -> calc:免除・猶予に該当するか判定する
  click null -> calc:免除・猶予に該当するか判定する
kokunen-menjo#shotoku: 動く（既定）
  click in-kojo -> calc:免除・猶予に該当するか判定する
  click in-kojo -> calc:免除・猶予に該当するか判定する
  click null -> calc:免除・猶予に該当するか判定する
kokunen-menjo#in-kojo: 動く（既定）
  click f_ippan -> calc:免除・猶予に該当するか判定する
  click f_ippan -> calc:免除・猶予に該当するか判定する
  click null -> calc:免除・猶予に該当するか判定する
kokunen-menjo#f_ippan: 動く（既定）
  click f_tokutei -> calc:免除・猶予に該当するか判定する
  click f_tokutei -> calc:免除・猶予に該当するか判定する
  click null -> calc:免除・猶予に該当するか判定する
kokunen-menjo#f_tokutei: 動く（既定）
  click f_rojin -> calc:免除・猶予に該当するか判定する
  click f_rojin -> calc:免除・猶予に該当するか判定する
  click null -> calc:免除・猶予に該当するか判定する
kokunen-menjo#f_rojin: 動く（既定）
  click c_shogaisha -> calc:免除・猶予に該当するか判定する
  click c_shogaisha -> calc:免除・猶予に該当するか判定する
  click null -> calc:免除・猶予に該当するか判定する
kokunen-menjo#c_shogaisha: 動く（既定）
  click c_toku_shogaisha -> calc:免除・猶予に該当するか判定する
  click c_toku_shogaisha -> calc:免除・猶予に該当するか判定する
  click null -> calc:免除・猶予に該当するか判定する
kokunen-menjo#c_toku_shogaisha: 動く（既定）
  click c_kafu -> calc:免除・猶予に該当するか判定する
  click c_kafu -> calc:免除・猶予に該当するか判定する
  click null -> calc:免除・猶予に該当するか判定する
kokunen-menjo#c_kafu: 動く（既定）
  click c_hitorioya -> calc:免除・猶予に該当するか判定する
  click c_hitorioya -> calc:免除・猶予に該当するか判定する
  click null -> calc:免除・猶予に該当するか判定する
kokunen-menjo#c_hitorioya: 動く（既定）
  click c_kinro_gakusei -> calc:免除・猶予に該当するか判定する
  click c_kinro_gakusei -> calc:免除・猶予に該当するか判定する
  click null -> calc:免除・猶予に該当するか判定する
kokunen-menjo#c_kinro_gakusei: 動く（既定）
  click has_setainushi -> calc:免除・猶予に該当するか判定する
  click has_setainushi -> calc:免除・猶予に該当するか判定する
  click null -> calc:免除・猶予に該当するか判定する
kokunen-menjo#has_setainushi: 動く（既定）
  click has_haigusha -> calc:免除・猶予に該当するか判定する
  click has_haigusha -> calc:免除・猶予に該当するか判定する
  click null -> calc:免除・猶予に該当するか判定する
kokunen-menjo#has_haigusha: 動く（既定）
  click null -> calc:年税額を計算する
  click landValue -> calc:年税額を計算する
  click landValue -> calc:年税額を計算する
  click null -> calc:年税額を計算する
kotei-shisanzei#landValue: 動く（既定）
  click landArea -> calc:年税額を計算する
  click landArea -> calc:年税額を計算する
  click null -> calc:年税額を計算する
kotei-shisanzei#landArea: 動く（既定）
  click isResidential -> calc:年税額を計算する
  click isResidential -> calc:年税額を計算する
  click null -> calc:年税額を計算する
kotei-shisanzei#isResidential: 動く（既定）
  click units -> calc:年税額を計算する
  click units -> calc:年税額を計算する
  click null -> calc:年税額を計算する
kotei-shisanzei#units: 動く（既定）
  click houseValue -> calc:年税額を計算する
  click houseValue -> calc:年税額を計算する
  click null -> calc:年税額を計算する
kotei-shisanzei#houseValue: 動く（既定）
  click houseFloorArea -> calc:年税額を計算する
  click houseFloorArea -> calc:年税額を計算する
  click houseFloorArea -> calc:年税額を計算する
  click houseFloorArea -> calc:年税額を計算する
  click null -> calc:年税額を計算する
kotei-shisanzei#houseFloorArea: 動く（既定）
  click in-shinchiku -> calc:年税額を計算する
  click in-shinchiku -> calc:年税額を計算する
  click null -> calc:年税額を計算する
kotei-shisanzei#in-shinchiku: 動く（既定）
  click koteiRate -> calc:年税額を計算する
  click koteiRate -> calc:年税額を計算する
  click null -> calc:年税額を計算する
kotei-shisanzei#koteiRate: 動く（既定）
  click toshiRate -> calc:年税額を計算する
  click toshiRate -> calc:年税額を計算する
  click null -> calc:年税額を計算する
kotei-shisanzei#toshiRate: 動く（既定）
  click null -> calc:受給見込額を計算する
  click birth -> calc:受給見込額を計算する
  click birth -> calc:受給見込額を計算する
  click birth -> calc:受給見込額を計算する
  click birth -> calc:受給見込額を計算する
  click birth -> calc:受給見込額を計算する
  click null -> calc:受給見込額を計算する
nenkin#birth: 動く（既定）
  click startAge -> calc:受給見込額を計算する
  click startAge -> calc:受給見込額を計算する
  click null -> calc:受給見込額を計算する
nenkin#startAge: 動く（既定）
  click startMonth -> calc:受給見込額を計算する
  click startMonth -> calc:受給見込額を計算する
  click null -> calc:受給見込額を計算する
nenkin#startMonth: 動く（既定）
  click paid -> calc:受給見込額を計算する
  click paid -> calc:受給見込額を計算する
  click null -> calc:受給見込額を計算する
nenkin#paid: 動く（既定）
  click menjo_1_4 -> calc:受給見込額を計算する
  click menjo_1_4 -> calc:受給見込額を計算する
  click null -> calc:受給見込額を計算する
nenkin#menjo_1_4: 動く（既定）
  click menjo_half -> calc:受給見込額を計算する
  click menjo_half -> calc:受給見込額を計算する
  click null -> calc:受給見込額を計算する
nenkin#menjo_half: 動く（既定）
  click menjo_3_4 -> calc:受給見込額を計算する
  click menjo_3_4 -> calc:受給見込額を計算する
  click null -> calc:受給見込額を計算する
nenkin#menjo_3_4: 動く（既定）
  click menjo_full -> calc:受給見込額を計算する
  click menjo_full -> calc:受給見込額を計算する
  click null -> calc:受給見込額を計算する
nenkin#menjo_full: 動く（既定）
  click fukaMonths -> calc:受給見込額を計算する
  click fukaMonths -> calc:受給見込額を計算する
  click null -> calc:受給見込額を計算する
nenkin#fukaMonths: 動く（既定）
  click menjoPreH21 -> calc:受給見込額を計算する
  click menjoPreH21 -> calc:受給見込額を計算する
  click null -> calc:受給見込額を計算する
nenkin#menjoPreH21: 動く（既定）
  click preAvg -> calc:受給見込額を計算する
  click preAvg -> calc:受給見込額を計算する
  click null -> calc:受給見込額を計算する
nenkin#preAvg: 動く（既定）
  click preMonths -> calc:受給見込額を計算する
  click preMonths -> calc:受給見込額を計算する
  click null -> calc:受給見込額を計算する
nenkin#preMonths: 動く（既定）
  click postAvg -> calc:受給見込額を計算する
  click postAvg -> calc:受給見込額を計算する
  click null -> calc:受給見込額を計算する
nenkin#postAvg: 動く（既定）
  click postMonths -> calc:受給見込額を計算する
  click postMonths -> calc:受給見込額を計算する
  click null -> calc:受給見込額を計算する
nenkin#postMonths: 動く（既定）
  click null -> calc:産後パパ育休の給付金を計算する
  click monthly -> calc:産後パパ育休の給付金を計算する
  click monthly -> calc:産後パパ育休の給付金を計算する
  click null -> calc:産後パパ育休の給付金を計算する
papa-ikukyu#monthly: 動く（既定）
  click leaveDays -> calc:産後パパ育休の給付金を計算する
  click leaveDays -> calc:産後パパ育休の給付金を計算する
  click null -> calc:産後パパ育休の給付金を計算する
papa-ikukyu#leaveDays: 動く（既定）
  click otherEligibleDays -> calc:産後パパ育休の給付金を計算する
  click otherEligibleDays -> calc:産後パパ育休の給付金を計算する
  click otherEligibleDays -> calc:産後パパ育休の給付金を計算する
  click otherEligibleDays -> calc:産後パパ育休の給付金を計算する
  click otherEligibleDays -> calc:産後パパ育休の給付金を計算する
  click otherEligibleDays -> calc:産後パパ育休の給付金を計算する
  click otherEligibleDays -> calc:産後パパ育休の給付金を計算する
  click otherEligibleDays -> calc:産後パパ育休の給付金を計算する
  click otherEligibleDays -> calc:産後パパ育休の給付金を計算する
  click otherEligibleDays -> calc:産後パパ育休の給付金を計算する
  click otherEligibleDays -> calc:産後パパ育休の給付金を計算する
  click otherEligibleDays -> calc:産後パパ育休の給付金を計算する
  click otherEligibleDays -> calc:産後パパ育休の給付金を計算する
  click otherEligibleDays -> calc:産後パパ育休の給付金を計算する
  click otherEligibleDays -> calc:産後パパ育休の給付金を計算する
  click otherEligibleDays -> calc:産後パパ育休の給付金を計算する
  click otherEligibleDays -> calc:産後パパ育休の給付金を計算する
  click otherEligibleDays -> calc:産後パパ育休の給付金を計算する
  click otherEligibleDays -> calc:産後パパ育休の給付金を計算する
  click otherEligibleDays -> calc:産後パパ育休の給付金を計算する
  click otherEligibleDays -> calc:産後パパ育休の給付金を計算する
  click otherEligibleDays -> calc:産後パパ育休の給付金を計算する
  click otherEligibleDays -> calc:産後パパ育休の給付金を計算する
  click otherEligibleDays -> calc:産後パパ育休の給付金を計算する
  click otherEligibleDays -> calc:産後パパ育休の給付金を計算する
  click otherEligibleDays -> calc:産後パパ育休の給付金を計算する
  click otherEligibleDays -> calc:産後パパ育休の給付金を計算する
  click otherEligibleDays -> calc:産後パパ育休の給付金を計算する
  click otherEligibleDays -> calc:産後パパ育休の給付金を計算する
  click otherEligibleDays -> calc:産後パパ育休の給付金を計算する
  click otherEligibleDays -> calc:産後パパ育休の給付金を計算する
  click otherEligibleDays -> calc:産後パパ育休の給付金を計算する
  click otherEligibleDays -> calc:産後パパ育休の給付金を計算する
  click otherEligibleDays -> calc:産後パパ育休の給付金を計算する
  click otherEligibleDays -> calc:産後パパ育休の給付金を計算する
  click otherEligibleDays -> calc:産後パパ育休の給付金を計算する
  click otherEligibleDays -> calc:産後パパ育休の給付金を計算する
  click otherEligibleDays -> calc:産後パパ育休の給付金を計算する
  click otherEligibleDays -> calc:産後パパ育休の給付金を計算する
  click otherEligibleDays -> calc:産後パパ育休の給付金を計算する
  click otherEligibleDays -> calc:産後パパ育休の給付金を計算する
  click otherEligibleDays -> calc:産後パパ育休の給付金を計算する
  click otherEligibleDays -> calc:産後パパ育休の給付金を計算する
  click otherEligibleDays -> calc:産後パパ育休の給付金を計算する
  click otherEligibleDays -> calc:産後パパ育休の給付金を計算する
  click otherEligibleDays -> calc:産後パパ育休の給付金を計算する
  click otherEligibleDays -> calc:産後パパ育休の給付金を計算する
  click otherEligibleDays -> calc:産後パパ育休の給付金を計算する
  click otherEligibleDays -> calc:産後パパ育休の給付金を計算する
  click otherEligibleDays -> calc:産後パパ育休の給付金を計算する
  click otherEligibleDays -> calc:産後パパ育休の給付金を計算する
  click otherEligibleDays -> calc:産後パパ育休の給付金を計算する
  click otherEligibleDays -> calc:産後パパ育休の給付金を計算する
  click otherEligibleDays -> calc:産後パパ育休の給付金を計算する
  click otherEligibleDays -> calc:産後パパ育休の給付金を計算する
  click otherEligibleDays -> calc:産後パパ育休の給付金を計算する
  click otherEligibleDays -> calc:産後パパ育休の給付金を計算する
  click otherEligibleDays -> calc:産後パパ育休の給付金を計算する
  click otherEligibleDays -> calc:産後パパ育休の給付金を計算する
  click otherEligibleDays -> calc:産後パパ育休の給付金を計算する
  click otherEligibleDays -> calc:産後パパ育休の給付金を計算する
  click otherEligibleDays -> calc:産後パパ育休の給付金を計算する
  click otherEligibleDays -> calc:産後パパ育休の給付金を計算する
  click otherEligibleDays -> calc:産後パパ育休の給付金を計算する
  click otherEligibleDays -> calc:産後パパ育休の給付金を計算する
  click otherEligibleDays -> calc:産後パパ育休の給付金を計算する
  click otherEligibleDays -> calc:産後パパ育休の給付金を計算する
  click otherEligibleDays -> calc:産後パパ育休の給付金を計算する
  click otherEligibleDays -> calc:産後パパ育休の給付金を計算する
  click otherEligibleDays -> calc:産後パパ育休の給付金を計算する
  click otherEligibleDays -> calc:産後パパ育休の給付金を計算する
  click otherEligibleDays -> calc:産後パパ育休の給付金を計算する
  click otherEligibleDays -> calc:産後パパ育休の給付金を計算する
  click otherEligibleDays -> calc:産後パパ育休の給付金を計算する
  click otherEligibleDays -> calc:産後パパ育休の給付金を計算する
  click otherEligibleDays -> calc:産後パパ育休の給付金を計算する
  click otherEligibleDays -> calc:産後パパ育休の給付金を計算する
  click otherEligibleDays -> calc:産後パパ育休の給付金を計算する
  click otherEligibleDays -> calc:産後パパ育休の給付金を計算する
  click otherEligibleDays -> calc:産後パパ育休の給付金を計算する
  click otherEligibleDays -> calc:産後パパ育休の給付金を計算する
  click otherEligibleDays -> calc:産後パパ育休の給付金を計算する
  click otherEligibleDays -> calc:産後パパ育休の給付金を計算する
  click otherEligibleDays -> calc:産後パパ育休の給付金を計算する
  click otherEligibleDays -> calc:産後パパ育休の給付金を計算する
  click otherEligibleDays -> calc:産後パパ育休の給付金を計算する
  click otherEligibleDays -> calc:産後パパ育休の給付金を計算する
  click otherEligibleDays -> calc:産後パパ育休の給付金を計算する
  click null -> calc:産後パパ育休の給付金を計算する
papa-ikukyu#otherEligibleDays: 動く（leaveDays=3）
  click shienPaidDays -> calc:産後パパ育休の給付金を計算する
  click shienPaidDays -> calc:産後パパ育休の給付金を計算する
  click null -> calc:産後パパ育休の給付金を計算する
papa-ikukyu#shienPaidDays: 動く（既定）
  click workDays -> calc:産後パパ育休の給付金を計算する
  click workDays -> calc:産後パパ育休の給付金を計算する
  click workDays -> calc:産後パパ育休の給付金を計算する
  click workDays -> calc:産後パパ育休の給付金を計算する
  click workDays -> calc:産後パパ育休の給付金を計算する
  click workDays -> calc:産後パパ育休の給付金を計算する
  click workDays -> calc:産後パパ育休の給付金を計算する
  click workDays -> calc:産後パパ育休の給付金を計算する
  click workDays -> calc:産後パパ育休の給付金を計算する
  click workDays -> calc:産後パパ育休の給付金を計算する
  click workDays -> calc:産後パパ育休の給付金を計算する
  click workDays -> calc:産後パパ育休の給付金を計算する
  click workDays -> calc:産後パパ育休の給付金を計算する
  click workDays -> calc:産後パパ育休の給付金を計算する
  click workDays -> calc:産後パパ育休の給付金を計算する
  click workDays -> calc:産後パパ育休の給付金を計算する
  click workDays -> calc:産後パパ育休の給付金を計算する
  click workDays -> calc:産後パパ育休の給付金を計算する
  click workDays -> calc:産後パパ育休の給付金を計算する
  click workDays -> calc:産後パパ育休の給付金を計算する
  click workDays -> calc:産後パパ育休の給付金を計算する
  click workDays -> calc:産後パパ育休の給付金を計算する
  click workDays -> calc:産後パパ育休の給付金を計算する
  click workDays -> calc:産後パパ育休の給付金を計算する
  click workDays -> calc:産後パパ育休の給付金を計算する
  click workDays -> calc:産後パパ育休の給付金を計算する
  click workDays -> calc:産後パパ育休の給付金を計算する
  click workDays -> calc:産後パパ育休の給付金を計算する
  click workDays -> calc:産後パパ育休の給付金を計算する
  click workDays -> calc:産後パパ育休の給付金を計算する
  click workDays -> calc:産後パパ育休の給付金を計算する
  click workDays -> calc:産後パパ育休の給付金を計算する
  click workDays -> calc:産後パパ育休の給付金を計算する
  click workDays -> calc:産後パパ育休の給付金を計算する
  click workDays -> calc:産後パパ育休の給付金を計算する
  click workDays -> calc:産後パパ育休の給付金を計算する
  click workDays -> calc:産後パパ育休の給付金を計算する
  click workDays -> calc:産後パパ育休の給付金を計算する
  click workDays -> calc:産後パパ育休の給付金を計算する
  click workDays -> calc:産後パパ育休の給付金を計算する
  click workDays -> calc:産後パパ育休の給付金を計算する
  click workDays -> calc:産後パパ育休の給付金を計算する
  click workDays -> calc:産後パパ育休の給付金を計算する
  click workDays -> calc:産後パパ育休の給付金を計算する
  click workDays -> calc:産後パパ育休の給付金を計算する
  click workDays -> calc:産後パパ育休の給付金を計算する
  click workDays -> calc:産後パパ育休の給付金を計算する
  click workDays -> calc:産後パパ育休の給付金を計算する
  click workDays -> calc:産後パパ育休の給付金を計算する
  click workDays -> calc:産後パパ育休の給付金を計算する
  click workDays -> calc:産後パパ育休の給付金を計算する
  click null -> calc:産後パパ育休の給付金を計算する
papa-ikukyu#workDays: 動く（leaveDays=14）
  click workHours -> calc:産後パパ育休の給付金を計算する
  click workHours -> calc:産後パパ育休の給付金を計算する
  click null -> calc:産後パパ育休の給付金を計算する
papa-ikukyu#workHours: 動く（既定）
  click wage -> calc:産後パパ育休の給付金を計算する
  click wage -> calc:産後パパ育休の給付金を計算する
  click null -> calc:産後パパ育休の給付金を計算する
papa-ikukyu#wage: 動く（既定）
  click spouse -> calc:産後パパ育休の給付金を計算する
  click spouse -> calc:産後パパ育休の給付金を計算する
  click spouse -> calc:産後パパ育休の給付金を計算する
  click spouse -> calc:産後パパ育休の給付金を計算する
  click spouse -> calc:産後パパ育休の給付金を計算する
  click spouse -> calc:産後パパ育休の給付金を計算する
  click spouse -> calc:産後パパ育休の給付金を計算する
  click spouse -> calc:産後パパ育休の給付金を計算する
  click null -> calc:産後パパ育休の給付金を計算する
papa-ikukyu#spouse: 動く（既定）
  click null -> calc:計算する
  click age -> calc:計算する
  click age -> calc:計算する
  click age -> calc:計算する
  click null -> calc:計算する
saishushoku#age: 動く（既定）
  click monthly -> calc:計算する
  click monthly -> calc:計算する
  click null -> calc:計算する
saishushoku#monthly: 動く（既定）
  click period -> calc:計算する
  click period -> calc:計算する
  click null -> calc:計算する
saishushoku#period: 動く（既定）
  click reason -> calc:計算する
  click reason -> calc:計算する
  click null -> calc:計算する
saishushoku#reason: 動く（既定）
  click konnan -> calc:計算する
  click konnan -> calc:計算する
  click null -> calc:計算する
saishushoku#konnan: 動く（既定）
  click remaining -> calc:計算する
  click remaining -> calc:計算する
  click null -> calc:計算する
saishushoku#remaining: 動く（既定）
  click cond-afterWaiting -> calc:計算する
  click cond-afterWaiting -> calc:計算する
  click null -> calc:計算する
saishushoku#cond-afterWaiting: 動く（既定）
  click cond-overOneYear -> calc:計算する
  click cond-overOneYear -> calc:計算する
  click null -> calc:計算する
saishushoku#cond-overOneYear: 動く（既定）
  click cond-notPrevEmployer -> calc:計算する
  click cond-notPrevEmployer -> calc:計算する
  click null -> calc:計算する
saishushoku#cond-notPrevEmployer: 動く（既定）
  click cond-noRecentBenefit -> calc:計算する
  click cond-noRecentBenefit -> calc:計算する
  click null -> calc:計算する
saishushoku#cond-noRecentBenefit: 動く（既定）
  click cond-notPreArranged -> calc:計算する
  click cond-notPreArranged -> calc:計算する
  click null -> calc:計算する
saishushoku#cond-notPreArranged: 動く（既定）
  click cond-insured -> calc:計算する
  click cond-insured -> calc:計算する
  click null -> calc:計算する
saishushoku#cond-insured: 動く（既定）
  click cond-introduced -> calc:計算する
  click cond-introduced -> calc:計算する
  click null -> calc:計算する
saishushoku#cond-introduced: 動く（既定）
  click null -> run:最低賃金を下回っていないか判定す
  click pref -> run:最低賃金を下回っていないか判定す
  click pref -> run:最低賃金を下回っていないか判定す
  click null -> run:最低賃金を下回っていないか判定す
saitei-chingin#pref: 動く（既定）
  click amount -> run:最低賃金を下回っていないか判定す
  click amount -> run:最低賃金を下回っていないか判定す
  click amount -> run:最低賃金を下回っていないか判定す
  click amount -> run:最低賃金を下回っていないか判定す
  click amount -> run:最低賃金を下回っていないか判定す
  click amount -> run:最低賃金を下回っていないか判定す
  click amount -> run:最低賃金を下回っていないか判定す
  click amount -> run:最低賃金を下回っていないか判定す
  click amount -> run:最低賃金を下回っていないか判定す
  click amount -> run:最低賃金を下回っていないか判定す
  click amount -> run:最低賃金を下回っていないか判定す
  click amount -> run:最低賃金を下回っていないか判定す
  click amount -> run:最低賃金を下回っていないか判定す
  click amount -> run:最低賃金を下回っていないか判定す
  click amount -> run:最低賃金を下回っていないか判定す
  click amount -> run:最低賃金を下回っていないか判定す
  click amount -> run:最低賃金を下回っていないか判定す
  click amount -> run:最低賃金を下回っていないか判定す
  click amount -> run:最低賃金を下回っていないか判定す
  click null -> run:最低賃金を下回っていないか判定す
saitei-chingin#amount: 動く（pref=東京）
  click radio:wt -> run:最低賃金を下回っていないか判定す
  click radio:wt -> run:最低賃金を下回っていないか判定す
  click radio:wt -> run:最低賃金を下回っていないか判定す
  click radio:wt -> run:最低賃金を下回っていないか判定す
  click radio:wt -> run:最低賃金を下回っていないか判定す
  click radio:wt -> run:最低賃金を下回っていないか判定す
  click radio:wt -> run:最低賃金を下回っていないか判定す
  click radio:wt -> run:最低賃金を下回っていないか判定す
  click radio:wt -> run:最低賃金を下回っていないか判定す
  click radio:wt -> run:最低賃金を下回っていないか判定す
  click null -> run:最低賃金を下回っていないか判定す
saitei-chingin#radio:wt: 動く（pref=東京）
  click null -> 
  click year -> 
  click year -> 
  click null -> 
santei#year: 動く（既定）
  click shutoku -> 
  click shutoku -> 
  click shutoku -> 
  click shutoku -> 
  click shutoku -> 
  click shutoku -> 
  click shutoku -> 
  click shutoku -> 
  click shutoku -> 
  click null -> 
santei#shutoku: 動く（既定）
  click tanjikan -> 
  click tanjikan -> 
  click null -> 
santei#tanjikan: 動く（既定）
  click zuiji -> 
  click zuiji -> 
  click null -> 
santei#zuiji: 動く（既定）
  click h4 -> 
  click h4 -> 
  click null -> 
santei#h4: 動く（既定）
  click n4 -> 
  click n4 -> 
  click null -> 
santei#n4: 動く（既定）
  click h5 -> 
  click h5 -> 
  click null -> 
santei#h5: 動く（既定）
  click n5 -> 
  click n5 -> 
  click null -> 
santei#n5: 動く（既定）
  click h6 -> 
  click h6 -> 
  click null -> 
santei#h6: 動く（既定）
  click n6 -> 
  click n6 -> 
  click null -> 
santei#n6: 動く（既定）
  click null -> calc:控除額と節税額を計算する
  click ippan_shin -> calc:控除額と節税額を計算する
  click ippan_shin -> calc:控除額と節税額を計算する
  click ippan_shin -> calc:控除額と節税額を計算する
  click ippan_shin -> calc:控除額と節税額を計算する
  click ippan_shin -> calc:控除額と節税額を計算する
  click ippan_shin -> calc:控除額と節税額を計算する
  click ippan_shin -> calc:控除額と節税額を計算する
  click ippan_shin -> calc:控除額と節税額を計算する
  click ippan_shin -> calc:控除額と節税額を計算する
  click ippan_shin -> calc:控除額と節税額を計算する
  click ippan_shin -> calc:控除額と節税額を計算する
  click ippan_shin -> calc:控除額と節税額を計算する
  click ippan_shin -> calc:控除額と節税額を計算する
  click ippan_shin -> calc:控除額と節税額を計算する
  click null -> calc:控除額と節税額を計算する
seimei-hoken-kojo#ippan_shin: 動く（ippan_kyu=）
  click ippan_kyu -> calc:控除額と節税額を計算する
  click ippan_kyu -> calc:控除額と節税額を計算する
  click null -> calc:控除額と節税額を計算する
seimei-hoken-kojo#ippan_kyu: 動く（既定）
  click kaigo -> calc:控除額と節税額を計算する
  click kaigo -> calc:控除額と節税額を計算する
  click null -> calc:控除額と節税額を計算する
seimei-hoken-kojo#kaigo: 動く（既定）
  click nenkin_shin -> calc:控除額と節税額を計算する
  click nenkin_shin -> calc:控除額と節税額を計算する
  click nenkin_shin -> calc:控除額と節税額を計算する
  click nenkin_shin -> calc:控除額と節税額を計算する
  click nenkin_shin -> calc:控除額と節税額を計算する
  click nenkin_shin -> calc:控除額と節税額を計算する
  click nenkin_shin -> calc:控除額と節税額を計算する
  click nenkin_shin -> calc:控除額と節税額を計算する
  click nenkin_shin -> calc:控除額と節税額を計算する
  click nenkin_shin -> calc:控除額と節税額を計算する
  click nenkin_shin -> calc:控除額と節税額を計算する
  click nenkin_shin -> calc:控除額と節税額を計算する
  click nenkin_shin -> calc:控除額と節税額を計算する
  click nenkin_shin -> calc:控除額と節税額を計算する
  click nenkin_shin -> calc:控除額と節税額を計算する
  click nenkin_shin -> calc:控除額と節税額を計算する
  click nenkin_shin -> calc:控除額と節税額を計算する
  click nenkin_shin -> calc:控除額と節税額を計算する
  click nenkin_shin -> calc:控除額と節税額を計算する
  click nenkin_shin -> calc:控除額と節税額を計算する
  click nenkin_shin -> calc:控除額と節税額を計算する
  click nenkin_shin -> calc:控除額と節税額を計算する
  click nenkin_shin -> calc:控除額と節税額を計算する
  click nenkin_shin -> calc:控除額と節税額を計算する
  click nenkin_shin -> calc:控除額と節税額を計算する
  click nenkin_shin -> calc:控除額と節税額を計算する
  click nenkin_shin -> calc:控除額と節税額を計算する
  click nenkin_shin -> calc:控除額と節税額を計算する
  click nenkin_shin -> calc:控除額と節税額を計算する
  click nenkin_shin -> calc:控除額と節税額を計算する
  click nenkin_shin -> calc:控除額と節税額を計算する
  click nenkin_shin -> calc:控除額と節税額を計算する
  click nenkin_shin -> calc:控除額と節税額を計算する
  click nenkin_shin -> calc:控除額と節税額を計算する
  click nenkin_shin -> calc:控除額と節税額を計算する
  click nenkin_shin -> calc:控除額と節税額を計算する
  click nenkin_shin -> calc:控除額と節税額を計算する
  click nenkin_shin -> calc:控除額と節税額を計算する
  click nenkin_shin -> calc:控除額と節税額を計算する
  click nenkin_shin -> calc:控除額と節税額を計算する
  click nenkin_shin -> calc:控除額と節税額を計算する
  click nenkin_shin -> calc:控除額と節税額を計算する
  click nenkin_shin -> calc:控除額と節税額を計算する
  click nenkin_shin -> calc:控除額と節税額を計算する
  click nenkin_shin -> calc:控除額と節税額を計算する
  click nenkin_shin -> calc:控除額と節税額を計算する
  click nenkin_shin -> calc:控除額と節税額を計算する
  click nenkin_shin -> calc:控除額と節税額を計算する
  click nenkin_shin -> calc:控除額と節税額を計算する
  click nenkin_shin -> calc:控除額と節税額を計算する
  click nenkin_shin -> calc:控除額と節税額を計算する
  click nenkin_shin -> calc:控除額と節税額を計算する
  click nenkin_shin -> calc:控除額と節税額を計算する
  click nenkin_shin -> calc:控除額と節税額を計算する
  click nenkin_shin -> calc:控除額と節税額を計算する
  click nenkin_shin -> calc:控除額と節税額を計算する
  click nenkin_shin -> calc:控除額と節税額を計算する
  click nenkin_shin -> calc:控除額と節税額を計算する
  click nenkin_shin -> calc:控除額と節税額を計算する
  click nenkin_shin -> calc:控除額と節税額を計算する
  click nenkin_shin -> calc:控除額と節税額を計算する
  click nenkin_shin -> calc:控除額と節税額を計算する
  click nenkin_shin -> calc:控除額と節税額を計算する
  click nenkin_shin -> calc:控除額と節税額を計算する
  click nenkin_shin -> calc:控除額と節税額を計算する
  click nenkin_shin -> calc:控除額と節税額を計算する
  click nenkin_shin -> calc:控除額と節税額を計算する
  click nenkin_shin -> calc:控除額と節税額を計算する
  click nenkin_shin -> calc:控除額と節税額を計算する
  click nenkin_shin -> calc:控除額と節税額を計算する
  click nenkin_shin -> calc:控除額と節税額を計算する
  click nenkin_shin -> calc:控除額と節税額を計算する
  click nenkin_shin -> calc:控除額と節税額を計算する
  click nenkin_shin -> calc:控除額と節税額を計算する
  click nenkin_shin -> calc:控除額と節税額を計算する
  click nenkin_shin -> calc:控除額と節税額を計算する
  click nenkin_shin -> calc:控除額と節税額を計算する
  click nenkin_shin -> calc:控除額と節税額を計算する
  click nenkin_shin -> calc:控除額と節税額を計算する
  click nenkin_shin -> calc:控除額と節税額を計算する
  click nenkin_shin -> calc:控除額と節税額を計算する
  click nenkin_shin -> calc:控除額と節税額を計算する
  click nenkin_shin -> calc:控除額と節税額を計算する
  click nenkin_shin -> calc:控除額と節税額を計算する
  click nenkin_shin -> calc:控除額と節税額を計算する
  click nenkin_shin -> calc:控除額と節税額を計算する
  click nenkin_shin -> calc:控除額と節税額を計算する
  click nenkin_shin -> calc:控除額と節税額を計算する
  click nenkin_shin -> calc:控除額と節税額を計算する
  click nenkin_shin -> calc:控除額と節税額を計算する
  click nenkin_shin -> calc:控除額と節税額を計算する
  click nenkin_shin -> calc:控除額と節税額を計算する
  click nenkin_shin -> calc:控除額と節税額を計算する
  click nenkin_shin -> calc:控除額と節税額を計算する
  click nenkin_shin -> calc:控除額と節税額を計算する
  click null -> calc:控除額と節税額を計算する
seimei-hoken-kojo#nenkin_shin: 動く（nenkin_kyu=）
  click nenkin_kyu -> calc:控除額と節税額を計算する
  click nenkin_kyu -> calc:控除額と節税額を計算する
  click null -> calc:控除額と節税額を計算する
seimei-hoken-kojo#nenkin_kyu: 動く（既定）
  click in-tokurei -> calc:控除額と節税額を計算する
  click in-tokurei -> calc:控除額と節税額を計算する
  click null -> calc:控除額と節税額を計算する
seimei-hoken-kojo#in-tokurei: 動く（既定）
  click kazei -> calc:控除額と節税額を計算する
  click kazei -> calc:控除額と節税額を計算する
  click null -> calc:控除額と節税額を計算する
seimei-hoken-kojo#kazei: 動く（既定）
  click null -> calc:3通りを比較する
  click assets -> calc:3通りを比較する
  click assets -> calc:3通りを比較する
  click null -> calc:3通りを比較する
seizen-zoyo#assets: 動く（既定）
  click haiguusha -> calc:3通りを比較する
  click haiguusha -> calc:3通りを比較する
  click null -> calc:3通りを比較する
seizen-zoyo#haiguusha: 動く（既定）
  click ko -> calc:3通りを比較する
  click ko -> calc:3通りを比較する
  click null -> calc:3通りを比較する
seizen-zoyo#ko: 動く（既定）
  click jyuzo -> calc:3通りを比較する
  click jyuzo -> calc:3通りを比較する
  click null -> calc:3通りを比較する
seizen-zoyo#jyuzo: 動く（既定）
  click zogaku -> calc:3通りを比較する
  click zogaku -> calc:3通りを比較する
  click null -> calc:3通りを比較する
seizen-zoyo#zogaku: 動く（既定）
  click nensu -> calc:3通りを比較する
  click nensu -> calc:3通りを比較する
  click null -> calc:3通りを比較する
seizen-zoyo#nensu: 動く（既定）
  click gap -> calc:3通りを比較する
  click gap -> calc:3通りを比較する
  click null -> calc:3通りを比較する
seizen-zoyo#gap: 動く（既定）
  click adult18 -> calc:3通りを比較する
  click adult18 -> calc:3通りを比較する
  click null -> calc:3通りを比較する
seizen-zoyo#adult18: 動く（既定）
  click donor60 -> calc:3通りを比較する
  click donor60 -> calc:3通りを比較する
  click null -> calc:3通りを比較する
seizen-zoyo#donor60: 動く（既定）
  click null -> calc:計算する
  click invoice -> calc:計算する
  click invoice -> calc:計算する
  click null -> calc:計算する
senpou-futan#invoice: 動く（既定）
  click bankPreset -> calc:計算する
  click bankPreset -> calc:計算する
  click null -> calc:計算する
senpou-futan#bankPreset: 動く（既定）
  click feeUnder -> calc:計算する
  click feeUnder -> calc:計算する
  click null -> calc:計算する
senpou-futan#feeUnder: 動く（既定）
  click feeOver -> calc:計算する
  click feeOver -> calc:計算する
  click null -> calc:計算する
senpou-futan#feeOver: 動く（既定）
  click chkInvoice -> check:差額を判定する
  click chkInvoice -> check:差額を判定する
  click null -> calc:計算する
senpou-futan#chkInvoice: 動く（既定）
  click chkReceived -> check:差額を判定する
  click chkReceived -> check:差額を判定する
  click null -> calc:計算する
senpou-futan#chkReceived: 動く（既定）
  click radio:method -> calc:計算する
  click radio:method -> calc:計算する
  click null -> calc:計算する
senpou-futan#radio:method: 動く（既定）
  click null -> calc:計算する
  click monthly -> calc:計算する
  click monthly -> calc:計算する
  click null -> calc:計算する
shakai-hoken#monthly: 動く（既定）
  click pref -> calc:計算する
  click pref -> calc:計算する
  click null -> calc:計算する
shakai-hoken#pref: 動く（既定）
  click age -> calc:計算する
  click age -> calc:計算する
  click null -> calc:計算する
shakai-hoken#age: 動く（既定）
  click gyoshu -> calc:計算する
  click gyoshu -> calc:計算する
  click null -> calc:計算する
shakai-hoken#gyoshu: 動く（既定）
  click bonus -> calc:計算する
  click bonus -> calc:計算する
  click null -> calc:計算する
shakai-hoken#bonus: 動く（既定）
  click yearpaid -> calc:計算する
  click yearpaid -> calc:計算する
  click yearpaid -> calc:計算する
  click yearpaid -> calc:計算する
  click null -> calc:計算する
shakai-hoken#yearpaid: 動く（既定）
  click null -> calc:向こう12ヶ月の支払日を計算
  click closing -> calc:向こう12ヶ月の支払日を計算
  click closing -> calc:向こう12ヶ月の支払日を計算
  click null -> calc:向こう12ヶ月の支払日を計算
shiharai-site#closing: 動く（既定）
  click offset -> calc:向こう12ヶ月の支払日を計算
  click offset -> calc:向こう12ヶ月の支払日を計算
  click null -> calc:向こう12ヶ月の支払日を計算
shiharai-site#offset: 動く（既定）
  click payday -> calc:向こう12ヶ月の支払日を計算
  click payday -> calc:向こう12ヶ月の支払日を計算
  click null -> calc:向こう12ヶ月の支払日を計算
shiharai-site#payday: 動く（既定）
  click radio:adjust -> calc:向こう12ヶ月の支払日を計算
  click radio:adjust -> calc:向こう12ヶ月の支払日を計算
  click null -> calc:向こう12ヶ月の支払日を計算
shiharai-site#radio:adjust: 動く（既定）
  click null -> calc:傷病手当金を計算する
  click startDate -> calc:傷病手当金を計算する
  click startDate -> calc:傷病手当金を計算する
  click null -> calc:傷病手当金を計算する
shobyo#startDate: 動く（既定）
  click monthly -> calc:傷病手当金を計算する
  click monthly -> calc:傷病手当金を計算する
  click monthly -> calc:傷病手当金を計算する
  click monthly -> calc:傷病手当金を計算する
  click monthly -> calc:傷病手当金を計算する
  click monthly -> calc:傷病手当金を計算する
  click monthly -> calc:傷病手当金を計算する
  click monthly -> calc:傷病手当金を計算する
  click monthly -> calc:傷病手当金を計算する
  click monthly -> calc:傷病手当金を計算する
  click monthly -> calc:傷病手当金を計算する
  click monthly -> calc:傷病手当金を計算する
  click monthly -> calc:傷病手当金を計算する
  click monthly -> calc:傷病手当金を計算する
  click monthly -> calc:傷病手当金を計算する
  click monthly -> calc:傷病手当金を計算する
  click monthly -> calc:傷病手当金を計算する
  click monthly -> calc:傷病手当金を計算する
  click monthly -> calc:傷病手当金を計算する
  click monthly -> calc:傷病手当金を計算する
  click monthly -> calc:傷病手当金を計算する
  click monthly -> calc:傷病手当金を計算する
  click monthly -> calc:傷病手当金を計算する
  click monthly -> calc:傷病手当金を計算する
  click monthly -> calc:傷病手当金を計算する
  click monthly -> calc:傷病手当金を計算する
  click monthly -> calc:傷病手当金を計算する
  click monthly -> calc:傷病手当金を計算する
  click monthly -> calc:傷病手当金を計算する
  click monthly -> calc:傷病手当金を計算する
  click monthly -> calc:傷病手当金を計算する
  click monthly -> calc:傷病手当金を計算する
  click monthly -> calc:傷病手当金を計算する
  click monthly -> calc:傷病手当金を計算する
  click monthly -> calc:傷病手当金を計算する
  click monthly -> calc:傷病手当金を計算する
  click monthly -> calc:傷病手当金を計算する
  click monthly -> calc:傷病手当金を計算する
  click monthly -> calc:傷病手当金を計算する
  click monthly -> calc:傷病手当金を計算する
  click monthly -> calc:傷病手当金を計算する
  click monthly -> calc:傷病手当金を計算する
  click monthly -> calc:傷病手当金を計算する
  click monthly -> calc:傷病手当金を計算する
  click monthly -> calc:傷病手当金を計算する
  click monthly -> calc:傷病手当金を計算する
  click monthly -> calc:傷病手当金を計算する
  click monthly -> calc:傷病手当金を計算する
  click monthly -> calc:傷病手当金を計算する
  click monthly -> calc:傷病手当金を計算する
  click monthly -> calc:傷病手当金を計算する
  click monthly -> calc:傷病手当金を計算する
  click monthly -> calc:傷病手当金を計算する
  click monthly -> calc:傷病手当金を計算する
  click monthly -> calc:傷病手当金を計算する
  click monthly -> calc:傷病手当金を計算する
  click monthly -> calc:傷病手当金を計算する
  click monthly -> calc:傷病手当金を計算する
  click monthly -> calc:傷病手当金を計算する
  click monthly -> calc:傷病手当金を計算する
  click monthly -> calc:傷病手当金を計算する
  click monthly -> calc:傷病手当金を計算する
  click monthly -> calc:傷病手当金を計算する
  click monthly -> calc:傷病手当金を計算する
  click monthly -> calc:傷病手当金を計算する
  click monthly -> calc:傷病手当金を計算する
  click monthly -> calc:傷病手当金を計算する
  click monthly -> calc:傷病手当金を計算する
  click monthly -> calc:傷病手当金を計算する
  click monthly -> calc:傷病手当金を計算する
  click monthly -> calc:傷病手当金を計算する
  click monthly -> calc:傷病手当金を計算する
  click monthly -> calc:傷病手当金を計算する
  click null -> calc:傷病手当金を計算する
shobyo#monthly: 動く（standards=）
  click months -> calc:傷病手当金を計算する
  click months -> calc:傷病手当金を計算する
  click months -> calc:傷病手当金を計算する
  click months -> calc:傷病手当金を計算する
  click months -> calc:傷病手当金を計算する
  click months -> calc:傷病手当金を計算する
  click months -> calc:傷病手当金を計算する
  click months -> calc:傷病手当金を計算する
  click months -> calc:傷病手当金を計算する
  click months -> calc:傷病手当金を計算する
  click months -> calc:傷病手当金を計算する
  click months -> calc:傷病手当金を計算する
  click months -> calc:傷病手当金を計算する
  click months -> calc:傷病手当金を計算する
  click months -> calc:傷病手当金を計算する
  click months -> calc:傷病手当金を計算する
  click months -> calc:傷病手当金を計算する
  click months -> calc:傷病手当金を計算する
  click months -> calc:傷病手当金を計算する
  click months -> calc:傷病手当金を計算する
  click months -> calc:傷病手当金を計算する
  click months -> calc:傷病手当金を計算する
  click months -> calc:傷病手当金を計算する
  click months -> calc:傷病手当金を計算する
  click months -> calc:傷病手当金を計算する
  click months -> calc:傷病手当金を計算する
  click months -> calc:傷病手当金を計算する
  click months -> calc:傷病手当金を計算する
  click months -> calc:傷病手当金を計算する
  click months -> calc:傷病手当金を計算する
  click months -> calc:傷病手当金を計算する
  click months -> calc:傷病手当金を計算する
  click months -> calc:傷病手当金を計算する
  click months -> calc:傷病手当金を計算する
  click months -> calc:傷病手当金を計算する
  click months -> calc:傷病手当金を計算する
  click months -> calc:傷病手当金を計算する
  click months -> calc:傷病手当金を計算する
  click months -> calc:傷病手当金を計算する
  click months -> calc:傷病手当金を計算する
  click months -> calc:傷病手当金を計算する
  click months -> calc:傷病手当金を計算する
  click months -> calc:傷病手当金を計算する
  click months -> calc:傷病手当金を計算する
  click months -> calc:傷病手当金を計算する
  click months -> calc:傷病手当金を計算する
  click months -> calc:傷病手当金を計算する
  click months -> calc:傷病手当金を計算する
  click months -> calc:傷病手当金を計算する
  click months -> calc:傷病手当金を計算する
  click months -> calc:傷病手当金を計算する
  click months -> calc:傷病手当金を計算する
  click months -> calc:傷病手当金を計算する
  click months -> calc:傷病手当金を計算する
  click months -> calc:傷病手当金を計算する
  click months -> calc:傷病手当金を計算する
  click months -> calc:傷病手当金を計算する
  click months -> calc:傷病手当金を計算する
  click months -> calc:傷病手当金を計算する
  click months -> calc:傷病手当金を計算する
  click months -> calc:傷病手当金を計算する
  click months -> calc:傷病手当金を計算する
  click months -> calc:傷病手当金を計算する
  click months -> calc:傷病手当金を計算する
  click months -> calc:傷病手当金を計算する
  click months -> calc:傷病手当金を計算する
  click months -> calc:傷病手当金を計算する
  click months -> calc:傷病手当金を計算する
  click months -> calc:傷病手当金を計算する
  click months -> calc:傷病手当金を計算する
  click months -> calc:傷病手当金を計算する
  click months -> calc:傷病手当金を計算する
  click months -> calc:傷病手当金を計算する
  click months -> calc:傷病手当金を計算する
  click months -> calc:傷病手当金を計算する
  click months -> calc:傷病手当金を計算する
  click months -> calc:傷病手当金を計算する
  click months -> calc:傷病手当金を計算する
  click months -> calc:傷病手当金を計算する
  click months -> calc:傷病手当金を計算する
  click months -> calc:傷病手当金を計算する
  click months -> calc:傷病手当金を計算する
  click months -> calc:傷病手当金を計算する
  click months -> calc:傷病手当金を計算する
  click months -> calc:傷病手当金を計算する
  click months -> calc:傷病手当金を計算する
  click months -> calc:傷病手当金を計算する
  click months -> calc:傷病手当金を計算する
  click months -> calc:傷病手当金を計算する
  click months -> calc:傷病手当金を計算する
  click months -> calc:傷病手当金を計算する
  click months -> calc:傷病手当金を計算する
  click months -> calc:傷病手当金を計算する
  click months -> calc:傷病手当金を計算する
  click months -> calc:傷病手当金を計算する
  click months -> calc:傷病手当金を計算する
  click months -> calc:傷病手当金を計算する
  click months -> calc:傷病手当金を計算する
  click months -> calc:傷病手当金を計算する
  click months -> calc:傷病手当金を計算する
  click months -> calc:傷病手当金を計算する
  click months -> calc:傷病手当金を計算する
  click months -> calc:傷病手当金を計算する
  click months -> calc:傷病手当金を計算する
  click months -> calc:傷病手当金を計算する
  click months -> calc:傷病手当金を計算する
  click months -> calc:傷病手当金を計算する
  click months -> calc:傷病手当金を計算する
  click months -> calc:傷病手当金を計算する
  click months -> calc:傷病手当金を計算する
  click months -> calc:傷病手当金を計算する
  click months -> calc:傷病手当金を計算する
  click months -> calc:傷病手当金を計算する
  click months -> calc:傷病手当金を計算する
  click months -> calc:傷病手当金を計算する
  click months -> calc:傷病手当金を計算する
  click months -> calc:傷病手当金を計算する
  click months -> calc:傷病手当金を計算する
  click months -> calc:傷病手当金を計算する
  click months -> calc:傷病手当金を計算する
  click months -> calc:傷病手当金を計算する
  click months -> calc:傷病手当金を計算する
  click months -> calc:傷病手当金を計算する
  click months -> calc:傷病手当金を計算する
  click months -> calc:傷病手当金を計算する
  click months -> calc:傷病手当金を計算する
  click months -> calc:傷病手当金を計算する
  click months -> calc:傷病手当金を計算する
  click months -> calc:傷病手当金を計算する
  click months -> calc:傷病手当金を計算する
  click months -> calc:傷病手当金を計算する
  click months -> calc:傷病手当金を計算する
  click months -> calc:傷病手当金を計算する
  click months -> calc:傷病手当金を計算する
  click months -> calc:傷病手当金を計算する
  click months -> calc:傷病手当金を計算する
  click months -> calc:傷病手当金を計算する
  click months -> calc:傷病手当金を計算する
  click months -> calc:傷病手当金を計算する
  click months -> calc:傷病手当金を計算する
  click months -> calc:傷病手当金を計算する
  click months -> calc:傷病手当金を計算する
  click months -> calc:傷病手当金を計算する
  click months -> calc:傷病手当金を計算する
  click months -> calc:傷病手当金を計算する
  click months -> calc:傷病手当金を計算する
  click months -> calc:傷病手当金を計算する
  click months -> calc:傷病手当金を計算する
  click months -> calc:傷病手当金を計算する
  click months -> calc:傷病手当金を計算する
  click months -> calc:傷病手当金を計算する
  click months -> calc:傷病手当金を計算する
  click months -> calc:傷病手当金を計算する
  click months -> calc:傷病手当金を計算する
  click months -> calc:傷病手当金を計算する
  click months -> calc:傷病手当金を計算する
  click months -> calc:傷病手当金を計算する
  click months -> calc:傷病手当金を計算する
  click months -> calc:傷病手当金を計算する
  click months -> calc:傷病手当金を計算する
  click months -> calc:傷病手当金を計算する
  click months -> calc:傷病手当金を計算する
  click months -> calc:傷病手当金を計算する
  click months -> calc:傷病手当金を計算する
  click months -> calc:傷病手当金を計算する
  click months -> calc:傷病手当金を計算する
  click months -> calc:傷病手当金を計算する
  click months -> calc:傷病手当金を計算する
  click months -> calc:傷病手当金を計算する
  click months -> calc:傷病手当金を計算する
  click months -> calc:傷病手当金を計算する
  click months -> calc:傷病手当金を計算する
  click months -> calc:傷病手当金を計算する
  click months -> calc:傷病手当金を計算する
  click months -> calc:傷病手当金を計算する
  click months -> calc:傷病手当金を計算する
  click months -> calc:傷病手当金を計算する
  click months -> calc:傷病手当金を計算する
  click months -> calc:傷病手当金を計算する
  click months -> calc:傷病手当金を計算する
  click months -> calc:傷病手当金を計算する
  click months -> calc:傷病手当金を計算する
  click months -> calc:傷病手当金を計算する
  click months -> calc:傷病手当金を計算する
  click months -> calc:傷病手当金を計算する
  click months -> calc:傷病手当金を計算する
  click months -> calc:傷病手当金を計算する
  click months -> calc:傷病手当金を計算する
  click months -> calc:傷病手当金を計算する
  click months -> calc:傷病手当金を計算する
  click months -> calc:傷病手当金を計算する
  click months -> calc:傷病手当金を計算する
  click months -> calc:傷病手当金を計算する
  click months -> calc:傷病手当金を計算する
  click months -> calc:傷病手当金を計算する
  click months -> calc:傷病手当金を計算する
  click months -> calc:傷病手当金を計算する
  click months -> calc:傷病手当金を計算する
  click months -> calc:傷病手当金を計算する
  click months -> calc:傷病手当金を計算する
  click months -> calc:傷病手当金を計算する
  click months -> calc:傷病手当金を計算する
  click months -> calc:傷病手当金を計算する
  click months -> calc:傷病手当金を計算する
  click months -> calc:傷病手当金を計算する
  click months -> calc:傷病手当金を計算する
  click months -> calc:傷病手当金を計算する
  click months -> calc:傷病手当金を計算する
  click months -> calc:傷病手当金を計算する
  click months -> calc:傷病手当金を計算する
  click months -> calc:傷病手当金を計算する
  click months -> calc:傷病手当金を計算する
  click months -> calc:傷病手当金を計算する
  click months -> calc:傷病手当金を計算する
  click months -> calc:傷病手当金を計算する
  click months -> calc:傷病手当金を計算する
  click months -> calc:傷病手当金を計算する
  click months -> calc:傷病手当金を計算する
  click months -> calc:傷病手当金を計算する
  click months -> calc:傷病手当金を計算する
  click months -> calc:傷病手当金を計算する
  click months -> calc:傷病手当金を計算する
  click months -> calc:傷病手当金を計算する
  click months -> calc:傷病手当金を計算する
  click months -> calc:傷病手当金を計算する
  click months -> calc:傷病手当金を計算する
  click months -> calc:傷病手当金を計算する
  click months -> calc:傷病手当金を計算する
  click months -> calc:傷病手当金を計算する
  click months -> calc:傷病手当金を計算する
  click months -> calc:傷病手当金を計算する
  click months -> calc:傷病手当金を計算する
  click months -> calc:傷病手当金を計算する
  click months -> calc:傷病手当金を計算する
  click months -> calc:傷病手当金を計算する
  click months -> calc:傷病手当金を計算する
  click months -> calc:傷病手当金を計算する
  click months -> calc:傷病手当金を計算する
  click months -> calc:傷病手当金を計算する
  click months -> calc:傷病手当金を計算する
  click months -> calc:傷病手当金を計算する
  click months -> calc:傷病手当金を計算する
  click months -> calc:傷病手当金を計算する
  click months -> calc:傷病手当金を計算する
  click months -> calc:傷病手当金を計算する
  click months -> calc:傷病手当金を計算する
  click months -> calc:傷病手当金を計算する
  click months -> calc:傷病手当金を計算する
  click months -> calc:傷病手当金を計算する
  click months -> calc:傷病手当金を計算する
  click months -> calc:傷病手当金を計算する
  click months -> calc:傷病手当金を計算する
  click months -> calc:傷病手当金を計算する
  click months -> calc:傷病手当金を計算する
  click months -> calc:傷病手当金を計算する
  click months -> calc:傷病手当金を計算する
  click months -> calc:傷病手当金を計算する
  click months -> calc:傷病手当金を計算する
  click months -> calc:傷病手当金を計算する
  click months -> calc:傷病手当金を計算する
  click months -> calc:傷病手当金を計算する
  click months -> calc:傷病手当金を計算する
  click months -> calc:傷病手当金を計算する
  click months -> calc:傷病手当金を計算する
  click months -> calc:傷病手当金を計算する
  click months -> calc:傷病手当金を計算する
  click months -> calc:傷病手当金を計算する
  click months -> calc:傷病手当金を計算する
  click months -> calc:傷病手当金を計算する
  click months -> calc:傷病手当金を計算する
  click months -> calc:傷病手当金を計算する
  click months -> calc:傷病手当金を計算する
  click months -> calc:傷病手当金を計算する
  click months -> calc:傷病手当金を計算する
  click months -> calc:傷病手当金を計算する
  click months -> calc:傷病手当金を計算する
  click months -> calc:傷病手当金を計算する
  click months -> calc:傷病手当金を計算する
  click months -> calc:傷病手当金を計算する
  click months -> calc:傷病手当金を計算する
  click months -> calc:傷病手当金を計算する
  click months -> calc:傷病手当金を計算する
  click months -> calc:傷病手当金を計算する
  click months -> calc:傷病手当金を計算する
  click months -> calc:傷病手当金を計算する
  click months -> calc:傷病手当金を計算する
  click months -> calc:傷病手当金を計算する
  click months -> calc:傷病手当金を計算する
  click months -> calc:傷病手当金を計算する
  click months -> calc:傷病手当金を計算する
  click months -> calc:傷病手当金を計算する
  click months -> calc:傷病手当金を計算する
  click months -> calc:傷病手当金を計算する
  click months -> calc:傷病手当金を計算する
  click months -> calc:傷病手当金を計算する
  click months -> calc:傷病手当金を計算する
  click months -> calc:傷病手当金を計算する
  click months -> calc:傷病手当金を計算する
  click months -> calc:傷病手当金を計算する
  click months -> calc:傷病手当金を計算する
  click months -> calc:傷病手当金を計算する
  click months -> calc:傷病手当金を計算する
  click months -> calc:傷病手当金を計算する
  click months -> calc:傷病手当金を計算する
  click months -> calc:傷病手当金を計算する
  click months -> calc:傷病手当金を計算する
  click months -> calc:傷病手当金を計算する
  click months -> calc:傷病手当金を計算する
  click months -> calc:傷病手当金を計算する
  click months -> calc:傷病手当金を計算する
  click months -> calc:傷病手当金を計算する
  click months -> calc:傷病手当金を計算する
  click months -> calc:傷病手当金を計算する
  click months -> calc:傷病手当金を計算する
  click months -> calc:傷病手当金を計算する
  click months -> calc:傷病手当金を計算する
  click months -> calc:傷病手当金を計算する
  click months -> calc:傷病手当金を計算する
  click months -> calc:傷病手当金を計算する
  click months -> calc:傷病手当金を計算する
  click months -> calc:傷病手当金を計算する
  click months -> calc:傷病手当金を計算する
  click months -> calc:傷病手当金を計算する
  click months -> calc:傷病手当金を計算する
  click months -> calc:傷病手当金を計算する
  click months -> calc:傷病手当金を計算する
  click months -> calc:傷病手当金を計算する
  click months -> calc:傷病手当金を計算する
  click months -> calc:傷病手当金を計算する
  click months -> calc:傷病手当金を計算する
  click months -> calc:傷病手当金を計算する
  click months -> calc:傷病手当金を計算する
  click months -> calc:傷病手当金を計算する
  click months -> calc:傷病手当金を計算する
  click months -> calc:傷病手当金を計算する
  click months -> calc:傷病手当金を計算する
  click months -> calc:傷病手当金を計算する
  click months -> calc:傷病手当金を計算する
  click months -> calc:傷病手当金を計算する
  click months -> calc:傷病手当金を計算する
  click months -> calc:傷病手当金を計算する
  click months -> calc:傷病手当金を計算する
  click months -> calc:傷病手当金を計算する
  click months -> calc:傷病手当金を計算する
  click months -> calc:傷病手当金を計算する
  click months -> calc:傷病手当金を計算する
  click months -> calc:傷病手当金を計算する
  click months -> calc:傷病手当金を計算する
  click months -> calc:傷病手当金を計算する
  click months -> calc:傷病手当金を計算する
  click months -> calc:傷病手当金を計算する
  click months -> calc:傷病手当金を計算する
  click months -> calc:傷病手当金を計算する
  click months -> calc:傷病手当金を計算する
  click months -> calc:傷病手当金を計算する
  click months -> calc:傷病手当金を計算する
  click months -> calc:傷病手当金を計算する
  click months -> calc:傷病手当金を計算する
  click months -> calc:傷病手当金を計算する
  click months -> calc:傷病手当金を計算する
  click months -> calc:傷病手当金を計算する
  click months -> calc:傷病手当金を計算する
  click months -> calc:傷病手当金を計算する
  click months -> calc:傷病手当金を計算する
  click months -> calc:傷病手当金を計算する
  click months -> calc:傷病手当金を計算する
  click months -> calc:傷病手当金を計算する
  click months -> calc:傷病手当金を計算する
  click months -> calc:傷病手当金を計算する
  click months -> calc:傷病手当金を計算する
  click months -> calc:傷病手当金を計算する
  click months -> calc:傷病手当金を計算する
  click months -> calc:傷病手当金を計算する
  click months -> calc:傷病手当金を計算する
  click months -> calc:傷病手当金を計算する
  click months -> calc:傷病手当金を計算する
  click months -> calc:傷病手当金を計算する
  click months -> calc:傷病手当金を計算する
  click months -> calc:傷病手当金を計算する
  click months -> calc:傷病手当金を計算する
  click months -> calc:傷病手当金を計算する
  click months -> calc:傷病手当金を計算する
  click months -> calc:傷病手当金を計算する
  click months -> calc:傷病手当金を計算する
  click months -> calc:傷病手当金を計算する
  click months -> calc:傷病手当金を計算する
  click months -> calc:傷病手当金を計算する
  click months -> calc:傷病手当金を計算する
  click months -> calc:傷病手当金を計算する
  click months -> calc:傷病手当金を計算する
  click months -> calc:傷病手当金を計算する
  click months -> calc:傷病手当金を計算する
  click months -> calc:傷病手当金を計算する
  click months -> calc:傷病手当金を計算する
  click months -> calc:傷病手当金を計算する
  click months -> calc:傷病手当金を計算する
  click null -> calc:傷病手当金を計算する
shobyo#months: 動く（乱数 {"monthly":"1300000","restDays":"1","hoshuNichigaku":"2","standards":""}）
  click restDays -> calc:傷病手当金を計算する
  click restDays -> calc:傷病手当金を計算する
  click null -> calc:傷病手当金を計算する
shobyo#restDays: 動く（既定）
  click usedDays -> calc:傷病手当金を計算する
  click usedDays -> calc:傷病手当金を計算する
  click null -> calc:傷病手当金を計算する
shobyo#usedDays: 動く（既定）
  click taikiDone -> calc:傷病手当金を計算する
  click taikiDone -> calc:傷病手当金を計算する
  click null -> calc:傷病手当金を計算する
shobyo#taikiDone: 動く（既定）
  click ninnikeizoku -> calc:傷病手当金を計算する
  click ninnikeizoku -> calc:傷病手当金を計算する
  click null -> calc:傷病手当金を計算する
shobyo#ninnikeizoku: 動く（既定）
  click taishokugo -> calc:傷病手当金を計算する
  click taishokugo -> calc:傷病手当金を計算する
  click null -> calc:傷病手当金を計算する
shobyo#taishokugo: 動く（既定）
  click continuationMonths -> calc:傷病手当金を計算する
  click continuationMonths -> calc:傷病手当金を計算する
  click continuationMonths -> calc:傷病手当金を計算する
  click continuationMonths -> calc:傷病手当金を計算する
  click continuationMonths -> calc:傷病手当金を計算する
  click continuationMonths -> calc:傷病手当金を計算する
  click continuationMonths -> calc:傷病手当金を計算する
  click continuationMonths -> calc:傷病手当金を計算する
  click continuationMonths -> calc:傷病手当金を計算する
  click continuationMonths -> calc:傷病手当金を計算する
  click continuationMonths -> calc:傷病手当金を計算する
  click continuationMonths -> calc:傷病手当金を計算する
  click continuationMonths -> calc:傷病手当金を計算する
  click continuationMonths -> calc:傷病手当金を計算する
  click continuationMonths -> calc:傷病手当金を計算する
  click continuationMonths -> calc:傷病手当金を計算する
  click continuationMonths -> calc:傷病手当金を計算する
  click continuationMonths -> calc:傷病手当金を計算する
  click continuationMonths -> calc:傷病手当金を計算する
  click continuationMonths -> calc:傷病手当金を計算する
  click continuationMonths -> calc:傷病手当金を計算する
  click continuationMonths -> calc:傷病手当金を計算する
  click continuationMonths -> calc:傷病手当金を計算する
  click continuationMonths -> calc:傷病手当金を計算する
  click continuationMonths -> calc:傷病手当金を計算する
  click continuationMonths -> calc:傷病手当金を計算する
  click continuationMonths -> calc:傷病手当金を計算する
  click continuationMonths -> calc:傷病手当金を計算する
  click continuationMonths -> calc:傷病手当金を計算する
  click continuationMonths -> calc:傷病手当金を計算する
  click continuationMonths -> calc:傷病手当金を計算する
  click continuationMonths -> calc:傷病手当金を計算する
  click continuationMonths -> calc:傷病手当金を計算する
  click continuationMonths -> calc:傷病手当金を計算する
  click continuationMonths -> calc:傷病手当金を計算する
  click continuationMonths -> calc:傷病手当金を計算する
  click continuationMonths -> calc:傷病手当金を計算する
  click continuationMonths -> calc:傷病手当金を計算する
  click continuationMonths -> calc:傷病手当金を計算する
  click continuationMonths -> calc:傷病手当金を計算する
  click continuationMonths -> calc:傷病手当金を計算する
  click continuationMonths -> calc:傷病手当金を計算する
  click continuationMonths -> calc:傷病手当金を計算する
  click continuationMonths -> calc:傷病手当金を計算する
  click continuationMonths -> calc:傷病手当金を計算する
  click continuationMonths -> calc:傷病手当金を計算する
  click continuationMonths -> calc:傷病手当金を計算する
  click continuationMonths -> calc:傷病手当金を計算する
  click continuationMonths -> calc:傷病手当金を計算する
  click continuationMonths -> calc:傷病手当金を計算する
  click continuationMonths -> calc:傷病手当金を計算する
  click continuationMonths -> calc:傷病手当金を計算する
  click continuationMonths -> calc:傷病手当金を計算する
  click continuationMonths -> calc:傷病手当金を計算する
  click continuationMonths -> calc:傷病手当金を計算する
  click continuationMonths -> calc:傷病手当金を計算する
  click continuationMonths -> calc:傷病手当金を計算する
  click continuationMonths -> calc:傷病手当金を計算する
  click continuationMonths -> calc:傷病手当金を計算する
  click continuationMonths -> calc:傷病手当金を計算する
  click continuationMonths -> calc:傷病手当金を計算する
  click continuationMonths -> calc:傷病手当金を計算する
  click continuationMonths -> calc:傷病手当金を計算する
  click continuationMonths -> calc:傷病手当金を計算する
  click continuationMonths -> calc:傷病手当金を計算する
  click continuationMonths -> calc:傷病手当金を計算する
  click continuationMonths -> calc:傷病手当金を計算する
  click continuationMonths -> calc:傷病手当金を計算する
  click continuationMonths -> calc:傷病手当金を計算する
  click continuationMonths -> calc:傷病手当金を計算する
  click continuationMonths -> calc:傷病手当金を計算する
  click continuationMonths -> calc:傷病手当金を計算する
  click continuationMonths -> calc:傷病手当金を計算する
  click continuationMonths -> calc:傷病手当金を計算する
  click continuationMonths -> calc:傷病手当金を計算する
  click continuationMonths -> calc:傷病手当金を計算する
  click continuationMonths -> calc:傷病手当金を計算する
  click continuationMonths -> calc:傷病手当金を計算する
  click continuationMonths -> calc:傷病手当金を計算する
  click continuationMonths -> calc:傷病手当金を計算する
  click continuationMonths -> calc:傷病手当金を計算する
  click continuationMonths -> calc:傷病手当金を計算する
  click continuationMonths -> calc:傷病手当金を計算する
  click continuationMonths -> calc:傷病手当金を計算する
  click continuationMonths -> calc:傷病手当金を計算する
  click continuationMonths -> calc:傷病手当金を計算する
  click continuationMonths -> calc:傷病手当金を計算する
  click continuationMonths -> calc:傷病手当金を計算する
  click continuationMonths -> calc:傷病手当金を計算する
  click continuationMonths -> calc:傷病手当金を計算する
  click continuationMonths -> calc:傷病手当金を計算する
  click null -> calc:傷病手当金を計算する
shobyo#continuationMonths: 動く（taishokugo=__toggle__）
  click hoshuNichigaku -> calc:傷病手当金を計算する
  click hoshuNichigaku -> calc:傷病手当金を計算する
  click null -> calc:傷病手当金を計算する
shobyo#hoshuNichigaku: 動く（既定）
  click shogaiNenkin -> calc:傷病手当金を計算する
  click shogaiNenkin -> calc:傷病手当金を計算する
  click null -> calc:傷病手当金を計算する
shobyo#shogaiNenkin: 動く（既定）
  click roureiNenkin -> calc:傷病手当金を計算する
  click roureiNenkin -> calc:傷病手当金を計算する
  click roureiNenkin -> calc:傷病手当金を計算する
  click roureiNenkin -> calc:傷病手当金を計算する
  click roureiNenkin -> calc:傷病手当金を計算する
  click roureiNenkin -> calc:傷病手当金を計算する
  click roureiNenkin -> calc:傷病手当金を計算する
  click roureiNenkin -> calc:傷病手当金を計算する
  click roureiNenkin -> calc:傷病手当金を計算する
  click roureiNenkin -> calc:傷病手当金を計算する
  click roureiNenkin -> calc:傷病手当金を計算する
  click roureiNenkin -> calc:傷病手当金を計算する
  click roureiNenkin -> calc:傷病手当金を計算する
  click roureiNenkin -> calc:傷病手当金を計算する
  click roureiNenkin -> calc:傷病手当金を計算する
  click roureiNenkin -> calc:傷病手当金を計算する
  click roureiNenkin -> calc:傷病手当金を計算する
  click roureiNenkin -> calc:傷病手当金を計算する
  click roureiNenkin -> calc:傷病手当金を計算する
  click roureiNenkin -> calc:傷病手当金を計算する
  click roureiNenkin -> calc:傷病手当金を計算する
  click roureiNenkin -> calc:傷病手当金を計算する
  click roureiNenkin -> calc:傷病手当金を計算する
  click roureiNenkin -> calc:傷病手当金を計算する
  click roureiNenkin -> calc:傷病手当金を計算する
  click roureiNenkin -> calc:傷病手当金を計算する
  click roureiNenkin -> calc:傷病手当金を計算する
  click roureiNenkin -> calc:傷病手当金を計算する
  click roureiNenkin -> calc:傷病手当金を計算する
  click roureiNenkin -> calc:傷病手当金を計算する
  click roureiNenkin -> calc:傷病手当金を計算する
  click roureiNenkin -> calc:傷病手当金を計算する
  click roureiNenkin -> calc:傷病手当金を計算する
  click roureiNenkin -> calc:傷病手当金を計算する
  click roureiNenkin -> calc:傷病手当金を計算する
  click roureiNenkin -> calc:傷病手当金を計算する
  click roureiNenkin -> calc:傷病手当金を計算する
  click roureiNenkin -> calc:傷病手当金を計算する
  click roureiNenkin -> calc:傷病手当金を計算する
  click roureiNenkin -> calc:傷病手当金を計算する
  click roureiNenkin -> calc:傷病手当金を計算する
  click roureiNenkin -> calc:傷病手当金を計算する
  click roureiNenkin -> calc:傷病手当金を計算する
  click roureiNenkin -> calc:傷病手当金を計算する
  click roureiNenkin -> calc:傷病手当金を計算する
  click roureiNenkin -> calc:傷病手当金を計算する
  click roureiNenkin -> calc:傷病手当金を計算する
  click roureiNenkin -> calc:傷病手当金を計算する
  click roureiNenkin -> calc:傷病手当金を計算する
  click roureiNenkin -> calc:傷病手当金を計算する
  click roureiNenkin -> calc:傷病手当金を計算する
  click roureiNenkin -> calc:傷病手当金を計算する
  click roureiNenkin -> calc:傷病手当金を計算する
  click roureiNenkin -> calc:傷病手当金を計算する
  click roureiNenkin -> calc:傷病手当金を計算する
  click roureiNenkin -> calc:傷病手当金を計算する
  click roureiNenkin -> calc:傷病手当金を計算する
  click roureiNenkin -> calc:傷病手当金を計算する
  click roureiNenkin -> calc:傷病手当金を計算する
  click roureiNenkin -> calc:傷病手当金を計算する
  click roureiNenkin -> calc:傷病手当金を計算する
  click roureiNenkin -> calc:傷病手当金を計算する
  click roureiNenkin -> calc:傷病手当金を計算する
  click roureiNenkin -> calc:傷病手当金を計算する
  click roureiNenkin -> calc:傷病手当金を計算する
  click roureiNenkin -> calc:傷病手当金を計算する
  click roureiNenkin -> calc:傷病手当金を計算する
  click roureiNenkin -> calc:傷病手当金を計算する
  click roureiNenkin -> calc:傷病手当金を計算する
  click roureiNenkin -> calc:傷病手当金を計算する
  click roureiNenkin -> calc:傷病手当金を計算する
  click roureiNenkin -> calc:傷病手当金を計算する
  click roureiNenkin -> calc:傷病手当金を計算する
  click roureiNenkin -> calc:傷病手当金を計算する
  click roureiNenkin -> calc:傷病手当金を計算する
  click roureiNenkin -> calc:傷病手当金を計算する
  click roureiNenkin -> calc:傷病手当金を計算する
  click roureiNenkin -> calc:傷病手当金を計算する
  click roureiNenkin -> calc:傷病手当金を計算する
  click roureiNenkin -> calc:傷病手当金を計算する
  click roureiNenkin -> calc:傷病手当金を計算する
  click roureiNenkin -> calc:傷病手当金を計算する
  click roureiNenkin -> calc:傷病手当金を計算する
  click roureiNenkin -> calc:傷病手当金を計算する
  click roureiNenkin -> calc:傷病手当金を計算する
  click roureiNenkin -> calc:傷病手当金を計算する
  click roureiNenkin -> calc:傷病手当金を計算する
  click roureiNenkin -> calc:傷病手当金を計算する
  click roureiNenkin -> calc:傷病手当金を計算する
  click roureiNenkin -> calc:傷病手当金を計算する
  click roureiNenkin -> calc:傷病手当金を計算する
  click roureiNenkin -> calc:傷病手当金を計算する
  click roureiNenkin -> calc:傷病手当金を計算する
  click roureiNenkin -> calc:傷病手当金を計算する
  click roureiNenkin -> calc:傷病手当金を計算する
  click roureiNenkin -> calc:傷病手当金を計算する
  click roureiNenkin -> calc:傷病手当金を計算する
  click roureiNenkin -> calc:傷病手当金を計算する
  click roureiNenkin -> calc:傷病手当金を計算する
  click roureiNenkin -> calc:傷病手当金を計算する
  click roureiNenkin -> calc:傷病手当金を計算する
  click roureiNenkin -> calc:傷病手当金を計算する
  click roureiNenkin -> calc:傷病手当金を計算する
  click roureiNenkin -> calc:傷病手当金を計算する
  click roureiNenkin -> calc:傷病手当金を計算する
  click roureiNenkin -> calc:傷病手当金を計算する
  click roureiNenkin -> calc:傷病手当金を計算する
  click roureiNenkin -> calc:傷病手当金を計算する
  click roureiNenkin -> calc:傷病手当金を計算する
  click roureiNenkin -> calc:傷病手当金を計算する
  click roureiNenkin -> calc:傷病手当金を計算する
  click roureiNenkin -> calc:傷病手当金を計算する
  click roureiNenkin -> calc:傷病手当金を計算する
  click roureiNenkin -> calc:傷病手当金を計算する
  click roureiNenkin -> calc:傷病手当金を計算する
  click null -> calc:傷病手当金を計算する
shobyo#roureiNenkin: 動く（taishokugo=__toggle__）
  click standards -> calc:傷病手当金を計算する
  click standards -> calc:傷病手当金を計算する
  click null -> calc:傷病手当金を計算する
shobyo#standards: 動く（既定）
  click heikinOverride -> calc:傷病手当金を計算する
  click heikinOverride -> calc:傷病手当金を計算する
  click heikinOverride -> calc:傷病手当金を計算する
  click heikinOverride -> calc:傷病手当金を計算する
  click null -> calc:傷病手当金を計算する
shobyo#heikinOverride: 動く（既定）
  click null -> calc:計算する
  click amount -> calc:計算する
  click amount -> calc:計算する
  click null -> calc:計算する
shohizei#amount: 動く（既定）
  click mode -> calc:計算する
  click mode -> calc:計算する
  click null -> calc:計算する
shohizei#mode: 動く（既定）
  click inv-mode -> inv-calc:請求書の消費税額を計算する
  click inv-mode -> inv-calc:請求書の消費税額を計算する
  click null -> calc:計算する
shohizei#inv-mode: 動く（既定）
  click s10 -> dec-calc:3通りを比較する
  click s10 -> dec-calc:3通りを比較する
  click null -> calc:計算する
shohizei#s10: 動く（既定）
  click s8 -> dec-calc:3通りを比較する
  click s8 -> dec-calc:3通りを比較する
  click s8 -> dec-calc:3通りを比較する
  click null -> calc:計算する
shohizei#s8: 動く（既定）
  click s-inv -> dec-calc:3通りを比較する
  click s-inv -> dec-calc:3通りを比較する
  click null -> calc:計算する
shohizei#s-inv: 動く（既定）
  click p10 -> dec-calc:3通りを比較する
  click p10 -> dec-calc:3通りを比較する
  click null -> calc:計算する
shohizei#p10: 動く（既定）
  click p8 -> dec-calc:3通りを比較する
  click p8 -> dec-calc:3通りを比較する
  click p8 -> dec-calc:3通りを比較する
  click null -> calc:計算する
shohizei#p8: 動く（既定）
  click p-inv -> dec-calc:3通りを比較する
  click p-inv -> dec-calc:3通りを比較する
  click null -> calc:計算する
shohizei#p-inv: 動く（既定）
  click h-sales -> h-calc:4方式を比較する
  click h-sales -> h-calc:4方式を比較する
  click null -> calc:計算する
shohizei#h-sales: 動く（既定）
  click h-purchase -> h-calc:4方式を比較する
  click h-purchase -> h-calc:4方式を比較する
  click null -> calc:計算する
shohizei#h-purchase: 動く（既定）
  click h-kubun -> h-calc:4方式を比較する
  click h-kubun -> h-calc:4方式を比較する
  click null -> calc:計算する
shohizei#h-kubun: 動く（既定）
  click radio:dir -> calc:計算する
  click radio:dir -> calc:計算する
  click null -> calc:計算する
shohizei#radio:dir: 動く（既定）
  click radio:rate -> calc:計算する
  click radio:rate -> calc:計算する
  click null -> calc:計算する
shohizei#radio:rate: 動く（既定）
  click radio:inv-dir -> inv-calc:請求書の消費税額を計算する
  click radio:inv-dir -> inv-calc:請求書の消費税額を計算する
  click null -> calc:計算する
shohizei#radio:inv-dir: 動く（既定）
  click radio:h-kojin -> h-calc:4方式を比較する
  click radio:h-kojin -> h-calc:4方式を比較する
  click null -> calc:計算する
shohizei#radio:h-kojin: 動く（既定）
  click null -> calc:節税額を計算する
  click kazei -> calc:節税額を計算する
  click kazei -> calc:節税額を計算する
  click null -> calc:節税額を計算する
shokibo-kyosai#kazei: 動く（既定）
  click monthly -> calc:節税額を計算する
  click monthly -> calc:節税額を計算する
  click null -> calc:節税額を計算する
shokibo-kyosai#monthly: 動く（既定）
  click null -> calc:減額される金額を計算する
  click jutakuArea -> calc:減額される金額を計算する
  click jutakuArea -> calc:減額される金額を計算する
  click null -> calc:減額される金額を計算する
shokibo-takuchi#jutakuArea: 動く（既定）
  click jutakuValue -> calc:減額される金額を計算する
  click jutakuValue -> calc:減額される金額を計算する
  click null -> calc:減額される金額を計算する
shokibo-takuchi#jutakuValue: 動く（既定）
  click jigyoArea -> calc:減額される金額を計算する
  click jigyoArea -> calc:減額される金額を計算する
  click null -> calc:減額される金額を計算する
shokibo-takuchi#jigyoArea: 動く（既定）
  click jigyoValue -> calc:減額される金額を計算する
  click jigyoValue -> calc:減額される金額を計算する
  click null -> calc:減額される金額を計算する
shokibo-takuchi#jigyoValue: 動く（既定）
  click kashitsukeArea -> calc:減額される金額を計算する
  click kashitsukeArea -> calc:減額される金額を計算する
  click null -> calc:減額される金額を計算する
shokibo-takuchi#kashitsukeArea: 動く（既定）
  click kashitsukeValue -> calc:減額される金額を計算する
  click kashitsukeValue -> calc:減額される金額を計算する
  click null -> calc:減額される金額を計算する
shokibo-takuchi#kashitsukeValue: 動く（既定）
  click null -> calc:出産手当金を計算する
  click yoteibi -> calc:出産手当金を計算する
  click yoteibi -> calc:出産手当金を計算する
  click null -> calc:出産手当金を計算する
shussan#yoteibi: 動く（既定）
  click shussanbi -> calc:出産手当金を計算する
  click shussanbi -> calc:出産手当金を計算する
  click null -> calc:出産手当金を計算する
shussan#shussanbi: 動く（既定）
  click tatai -> calc:出産手当金を計算する
  click tatai -> calc:出産手当金を計算する
  click null -> calc:出産手当金を計算する
shussan#tatai: 動く（既定）
  click monthly -> calc:出産手当金を計算する
  click monthly -> calc:出産手当金を計算する
  click monthly -> calc:出産手当金を計算する
  click monthly -> calc:出産手当金を計算する
  click monthly -> calc:出産手当金を計算する
  click monthly -> calc:出産手当金を計算する
  click monthly -> calc:出産手当金を計算する
  click monthly -> calc:出産手当金を計算する
  click monthly -> calc:出産手当金を計算する
  click monthly -> calc:出産手当金を計算する
  click monthly -> calc:出産手当金を計算する
  click monthly -> calc:出産手当金を計算する
  click monthly -> calc:出産手当金を計算する
  click monthly -> calc:出産手当金を計算する
  click monthly -> calc:出産手当金を計算する
  click monthly -> calc:出産手当金を計算する
  click monthly -> calc:出産手当金を計算する
  click monthly -> calc:出産手当金を計算する
  click monthly -> calc:出産手当金を計算する
  click monthly -> calc:出産手当金を計算する
  click monthly -> calc:出産手当金を計算する
  click monthly -> calc:出産手当金を計算する
  click monthly -> calc:出産手当金を計算する
  click monthly -> calc:出産手当金を計算する
  click monthly -> calc:出産手当金を計算する
  click monthly -> calc:出産手当金を計算する
  click monthly -> calc:出産手当金を計算する
  click monthly -> calc:出産手当金を計算する
  click monthly -> calc:出産手当金を計算する
  click monthly -> calc:出産手当金を計算する
  click monthly -> calc:出産手当金を計算する
  click monthly -> calc:出産手当金を計算する
  click monthly -> calc:出産手当金を計算する
  click monthly -> calc:出産手当金を計算する
  click monthly -> calc:出産手当金を計算する
  click monthly -> calc:出産手当金を計算する
  click monthly -> calc:出産手当金を計算する
  click monthly -> calc:出産手当金を計算する
  click monthly -> calc:出産手当金を計算する
  click monthly -> calc:出産手当金を計算する
  click monthly -> calc:出産手当金を計算する
  click monthly -> calc:出産手当金を計算する
  click monthly -> calc:出産手当金を計算する
  click monthly -> calc:出産手当金を計算する
  click monthly -> calc:出産手当金を計算する
  click monthly -> calc:出産手当金を計算する
  click monthly -> calc:出産手当金を計算する
  click monthly -> calc:出産手当金を計算する
  click monthly -> calc:出産手当金を計算する
  click monthly -> calc:出産手当金を計算する
  click monthly -> calc:出産手当金を計算する
  click monthly -> calc:出産手当金を計算する
  click monthly -> calc:出産手当金を計算する
  click monthly -> calc:出産手当金を計算する
  click monthly -> calc:出産手当金を計算する
  click monthly -> calc:出産手当金を計算する
  click monthly -> calc:出産手当金を計算する
  click monthly -> calc:出産手当金を計算する
  click monthly -> calc:出産手当金を計算する
  click monthly -> calc:出産手当金を計算する
  click monthly -> calc:出産手当金を計算する
  click monthly -> calc:出産手当金を計算する
  click monthly -> calc:出産手当金を計算する
  click monthly -> calc:出産手当金を計算する
  click monthly -> calc:出産手当金を計算する
  click monthly -> calc:出産手当金を計算する
  click monthly -> calc:出産手当金を計算する
  click monthly -> calc:出産手当金を計算する
  click monthly -> calc:出産手当金を計算する
  click monthly -> calc:出産手当金を計算する
  click monthly -> calc:出産手当金を計算する
  click monthly -> calc:出産手当金を計算する
  click monthly -> calc:出産手当金を計算する
  click null -> calc:出産手当金を計算する
shussan#monthly: 動く（standards=）
  click months -> calc:出産手当金を計算する
  click months -> calc:出産手当金を計算する
shussan#months: 動く（when {"standards":"","monthly":"1000000"}）
  click ninnikeizoku -> calc:出産手当金を計算する
  click ninnikeizoku -> calc:出産手当金を計算する
  click null -> calc:出産手当金を計算する
shussan#ninnikeizoku: 動く（既定）
  click taishokugo -> calc:出産手当金を計算する
  click taishokugo -> calc:出産手当金を計算する
  click null -> calc:出産手当金を計算する
shussan#taishokugo: 動く（既定）
  click hoshuNichigaku -> calc:出産手当金を計算する
  click hoshuNichigaku -> calc:出産手当金を計算する
  click null -> calc:出産手当金を計算する
shussan#hoshuNichigaku: 動く（既定）
  click standards -> calc:出産手当金を計算する
  click standards -> calc:出産手当金を計算する
  click null -> calc:出産手当金を計算する
shussan#standards: 動く（既定）
  click heikinOverride -> calc:出産手当金を計算する
  click heikinOverride -> calc:出産手当金を計算する
  click heikinOverride -> calc:出産手当金を計算する
  click heikinOverride -> calc:出産手当金を計算する
  click null -> calc:出産手当金を計算する
shussan#heikinOverride: 動く（既定）
  click null -> calc:登録免許税を計算する
  click kind0 -> calc:登録免許税を計算する
  click kind0 -> calc:登録免許税を計算する
  click null -> calc:登録免許税を計算する
sozoku-toki-menkyozei#kind0: 動く（既定）
  click val0 -> calc:登録免許税を計算する
  click val0 -> calc:登録免許税を計算する
  click null -> calc:登録免許税を計算する
sozoku-toki-menkyozei#val0: 動く（既定）
  click num0 -> calc:登録免許税を計算する
  click num0 -> calc:登録免許税を計算する
  click num0 -> calc:登録免許税を計算する
  click num0 -> calc:登録免許税を計算する
  click num0 -> calc:登録免許税を計算する
  click num0 -> calc:登録免許税を計算する
  click num0 -> calc:登録免許税を計算する
  click num0 -> calc:登録免許税を計算する
  click num0 -> calc:登録免許税を計算する
  click num0 -> calc:登録免許税を計算する
  click num0 -> calc:登録免許税を計算する
  click num0 -> calc:登録免許税を計算する
  click num0 -> calc:登録免許税を計算する
  click num0 -> calc:登録免許税を計算する
  click num0 -> calc:登録免許税を計算する
  click num0 -> calc:登録免許税を計算する
  click num0 -> calc:登録免許税を計算する
  click num0 -> calc:登録免許税を計算する
  click num0 -> calc:登録免許税を計算する
  click num0 -> calc:登録免許税を計算する
  click num0 -> calc:登録免許税を計算する
  click num0 -> calc:登録免許税を計算する
  click num0 -> calc:登録免許税を計算する
  click num0 -> calc:登録免許税を計算する
  click num0 -> calc:登録免許税を計算する
  click num0 -> calc:登録免許税を計算する
  click num0 -> calc:登録免許税を計算する
  click num0 -> calc:登録免許税を計算する
  click num0 -> calc:登録免許税を計算する
  click num0 -> calc:登録免許税を計算する
  click num0 -> calc:登録免許税を計算する
  click num0 -> calc:登録免許税を計算する
  click num0 -> calc:登録免許税を計算する
  click num0 -> calc:登録免許税を計算する
  click num0 -> calc:登録免許税を計算する
  click num0 -> calc:登録免許税を計算する
  click num0 -> calc:登録免許税を計算する
  click num0 -> calc:登録免許税を計算する
  click num0 -> calc:登録免許税を計算する
  click num0 -> calc:登録免許税を計算する
  click num0 -> calc:登録免許税を計算する
  click num0 -> calc:登録免許税を計算する
  click num0 -> calc:登録免許税を計算する
  click num0 -> calc:登録免許税を計算する
  click num0 -> calc:登録免許税を計算する
  click num0 -> calc:登録免許税を計算する
  click num0 -> calc:登録免許税を計算する
  click num0 -> calc:登録免許税を計算する
  click num0 -> calc:登録免許税を計算する
  click num0 -> calc:登録免許税を計算する
  click num0 -> calc:登録免許税を計算する
  click num0 -> calc:登録免許税を計算する
  click num0 -> calc:登録免許税を計算する
  click num0 -> calc:登録免許税を計算する
  click num0 -> calc:登録免許税を計算する
  click num0 -> calc:登録免許税を計算する
  click num0 -> calc:登録免許税を計算する
  click num0 -> calc:登録免許税を計算する
  click num0 -> calc:登録免許税を計算する
  click num0 -> calc:登録免許税を計算する
  click num0 -> calc:登録免許税を計算する
  click num0 -> calc:登録免許税を計算する
  click num0 -> calc:登録免許税を計算する
  click num0 -> calc:登録免許税を計算する
  click num0 -> calc:登録免許税を計算する
  click num0 -> calc:登録免許税を計算する
  click num0 -> calc:登録免許税を計算する
  click num0 -> calc:登録免許税を計算する
  click num0 -> calc:登録免許税を計算する
  click num0 -> calc:登録免許税を計算する
  click num0 -> calc:登録免許税を計算する
  click num0 -> calc:登録免許税を計算する
  click num0 -> calc:登録免許税を計算する
  click num0 -> calc:登録免許税を計算する
  click num0 -> calc:登録免許税を計算する
  click num0 -> calc:登録免許税を計算する
  click num0 -> calc:登録免許税を計算する
  click num0 -> calc:登録免許税を計算する
  click num0 -> calc:登録免許税を計算する
  click num0 -> calc:登録免許税を計算する
  click num0 -> calc:登録免許税を計算する
  click num0 -> calc:登録免許税を計算する
  click num0 -> calc:登録免許税を計算する
  click num0 -> calc:登録免許税を計算する
  click num0 -> calc:登録免許税を計算する
  click num0 -> calc:登録免許税を計算する
  click num0 -> calc:登録免許税を計算する
  click num0 -> calc:登録免許税を計算する
  click null -> calc:登録免許税を計算する
sozoku-toki-menkyozei#num0: 動く（den0=2）
  click den0 -> calc:登録免許税を計算する
  click den0 -> calc:登録免許税を計算する
  click null -> calc:登録免許税を計算する
sozoku-toki-menkyozei#den0: 動く（既定）
  click kind1 -> calc:登録免許税を計算する
  click kind1 -> calc:登録免許税を計算する
  click null -> calc:登録免許税を計算する
sozoku-toki-menkyozei#kind1: 動く（既定）
  click val1 -> calc:登録免許税を計算する
  click val1 -> calc:登録免許税を計算する
  click null -> calc:登録免許税を計算する
sozoku-toki-menkyozei#val1: 動く（既定）
  click num1 -> calc:登録免許税を計算する
  click num1 -> calc:登録免許税を計算する
  click num1 -> calc:登録免許税を計算する
  click num1 -> calc:登録免許税を計算する
  click num1 -> calc:登録免許税を計算する
  click num1 -> calc:登録免許税を計算する
  click num1 -> calc:登録免許税を計算する
  click num1 -> calc:登録免許税を計算する
  click num1 -> calc:登録免許税を計算する
  click num1 -> calc:登録免許税を計算する
  click num1 -> calc:登録免許税を計算する
  click num1 -> calc:登録免許税を計算する
  click num1 -> calc:登録免許税を計算する
  click num1 -> calc:登録免許税を計算する
  click num1 -> calc:登録免許税を計算する
  click num1 -> calc:登録免許税を計算する
  click num1 -> calc:登録免許税を計算する
  click num1 -> calc:登録免許税を計算する
  click num1 -> calc:登録免許税を計算する
  click num1 -> calc:登録免許税を計算する
  click num1 -> calc:登録免許税を計算する
  click num1 -> calc:登録免許税を計算する
  click num1 -> calc:登録免許税を計算する
  click num1 -> calc:登録免許税を計算する
  click num1 -> calc:登録免許税を計算する
  click num1 -> calc:登録免許税を計算する
  click num1 -> calc:登録免許税を計算する
  click num1 -> calc:登録免許税を計算する
  click num1 -> calc:登録免許税を計算する
  click num1 -> calc:登録免許税を計算する
  click num1 -> calc:登録免許税を計算する
  click num1 -> calc:登録免許税を計算する
  click num1 -> calc:登録免許税を計算する
  click num1 -> calc:登録免許税を計算する
  click num1 -> calc:登録免許税を計算する
  click num1 -> calc:登録免許税を計算する
  click num1 -> calc:登録免許税を計算する
  click num1 -> calc:登録免許税を計算する
  click num1 -> calc:登録免許税を計算する
  click num1 -> calc:登録免許税を計算する
  click num1 -> calc:登録免許税を計算する
  click num1 -> calc:登録免許税を計算する
  click num1 -> calc:登録免許税を計算する
  click num1 -> calc:登録免許税を計算する
  click num1 -> calc:登録免許税を計算する
  click num1 -> calc:登録免許税を計算する
  click num1 -> calc:登録免許税を計算する
  click num1 -> calc:登録免許税を計算する
  click num1 -> calc:登録免許税を計算する
  click num1 -> calc:登録免許税を計算する
  click num1 -> calc:登録免許税を計算する
  click num1 -> calc:登録免許税を計算する
  click num1 -> calc:登録免許税を計算する
  click num1 -> calc:登録免許税を計算する
  click num1 -> calc:登録免許税を計算する
  click num1 -> calc:登録免許税を計算する
  click num1 -> calc:登録免許税を計算する
  click num1 -> calc:登録免許税を計算する
  click num1 -> calc:登録免許税を計算する
  click num1 -> calc:登録免許税を計算する
  click num1 -> calc:登録免許税を計算する
  click num1 -> calc:登録免許税を計算する
  click num1 -> calc:登録免許税を計算する
  click num1 -> calc:登録免許税を計算する
  click num1 -> calc:登録免許税を計算する
  click num1 -> calc:登録免許税を計算する
  click num1 -> calc:登録免許税を計算する
  click num1 -> calc:登録免許税を計算する
  click num1 -> calc:登録免許税を計算する
  click num1 -> calc:登録免許税を計算する
  click num1 -> calc:登録免許税を計算する
  click num1 -> calc:登録免許税を計算する
  click num1 -> calc:登録免許税を計算する
  click num1 -> calc:登録免許税を計算する
  click num1 -> calc:登録免許税を計算する
  click num1 -> calc:登録免許税を計算する
  click num1 -> calc:登録免許税を計算する
  click num1 -> calc:登録免許税を計算する
  click num1 -> calc:登録免許税を計算する
  click num1 -> calc:登録免許税を計算する
  click num1 -> calc:登録免許税を計算する
  click num1 -> calc:登録免許税を計算する
  click num1 -> calc:登録免許税を計算する
  click num1 -> calc:登録免許税を計算する
  click num1 -> calc:登録免許税を計算する
  click num1 -> calc:登録免許税を計算する
  click num1 -> calc:登録免許税を計算する
  click num1 -> calc:登録免許税を計算する
  click num1 -> calc:登録免許税を計算する
  click num1 -> calc:登録免許税を計算する
  click num1 -> calc:登録免許税を計算する
  click num1 -> calc:登録免許税を計算する
  click num1 -> calc:登録免許税を計算する
  click num1 -> calc:登録免許税を計算する
  click num1 -> calc:登録免許税を計算する
  click num1 -> calc:登録免許税を計算する
  click num1 -> calc:登録免許税を計算する
  click num1 -> calc:登録免許税を計算する
  click num1 -> calc:登録免許税を計算する
  click num1 -> calc:登録免許税を計算する
  click num1 -> calc:登録免許税を計算する
  click num1 -> calc:登録免許税を計算する
  click num1 -> calc:登録免許税を計算する
  click num1 -> calc:登録免許税を計算する
  click num1 -> calc:登録免許税を計算する
  click num1 -> calc:登録免許税を計算する
  click num1 -> calc:登録免許税を計算する
  click num1 -> calc:登録免許税を計算する
  click num1 -> calc:登録免許税を計算する
  click num1 -> calc:登録免許税を計算する
  click num1 -> calc:登録免許税を計算する
  click num1 -> calc:登録免許税を計算する
  click num1 -> calc:登録免許税を計算する
  click num1 -> calc:登録免許税を計算する
  click num1 -> calc:登録免許税を計算する
  click num1 -> calc:登録免許税を計算する
  click num1 -> calc:登録免許税を計算する
  click num1 -> calc:登録免許税を計算する
  click num1 -> calc:登録免許税を計算する
  click num1 -> calc:登録免許税を計算する
  click num1 -> calc:登録免許税を計算する
  click num1 -> calc:登録免許税を計算する
  click num1 -> calc:登録免許税を計算する
  click num1 -> calc:登録免許税を計算する
  click num1 -> calc:登録免許税を計算する
  click num1 -> calc:登録免許税を計算する
  click num1 -> calc:登録免許税を計算する
  click num1 -> calc:登録免許税を計算する
  click num1 -> calc:登録免許税を計算する
  click num1 -> calc:登録免許税を計算する
  click num1 -> calc:登録免許税を計算する
  click num1 -> calc:登録免許税を計算する
  click num1 -> calc:登録免許税を計算する
  click num1 -> calc:登録免許税を計算する
  click num1 -> calc:登録免許税を計算する
  click num1 -> calc:登録免許税を計算する
  click num1 -> calc:登録免許税を計算する
  click num1 -> calc:登録免許税を計算する
  click num1 -> calc:登録免許税を計算する
  click num1 -> calc:登録免許税を計算する
  click num1 -> calc:登録免許税を計算する
  click num1 -> calc:登録免許税を計算する
  click num1 -> calc:登録免許税を計算する
  click num1 -> calc:登録免許税を計算する
  click num1 -> calc:登録免許税を計算する
  click num1 -> calc:登録免許税を計算する
  click num1 -> calc:登録免許税を計算する
  click num1 -> calc:登録免許税を計算する
  click num1 -> calc:登録免許税を計算する
  click num1 -> calc:登録免許税を計算する
  click num1 -> calc:登録免許税を計算する
  click num1 -> calc:登録免許税を計算する
  click num1 -> calc:登録免許税を計算する
  click num1 -> calc:登録免許税を計算する
  click num1 -> calc:登録免許税を計算する
  click num1 -> calc:登録免許税を計算する
  click num1 -> calc:登録免許税を計算する
  click num1 -> calc:登録免許税を計算する
  click num1 -> calc:登録免許税を計算する
  click num1 -> calc:登録免許税を計算する
  click num1 -> calc:登録免許税を計算する
  click num1 -> calc:登録免許税を計算する
  click num1 -> calc:登録免許税を計算する
  click num1 -> calc:登録免許税を計算する
  click num1 -> calc:登録免許税を計算する
  click num1 -> calc:登録免許税を計算する
  click num1 -> calc:登録免許税を計算する
  click num1 -> calc:登録免許税を計算する
  click num1 -> calc:登録免許税を計算する
  click null -> calc:登録免許税を計算する
sozoku-toki-menkyozei#num1: 動く（den1=2）
  click den1 -> calc:登録免許税を計算する
  click den1 -> calc:登録免許税を計算する
  click null -> calc:登録免許税を計算する
sozoku-toki-menkyozei#den1: 動く（既定）
  click applyDate -> calc:登録免許税を計算する
  click applyDate -> calc:登録免許税を計算する
  click applyDate -> calc:登録免許税を計算する
  click null -> calc:登録免許税を計算する
sozoku-toki-menkyozei#applyDate: 動く（既定）
  click knownDate -> calc:登録免許税を計算する
  click knownDate -> calc:登録免許税を計算する
  click null -> calc:登録免許税を計算する
sozoku-toki-menkyozei#knownDate: 動く（既定）
  click null -> calc:計算する
  click isan -> calc:計算する
  click isan -> calc:計算する
  click null -> calc:計算する
sozokuzei#isan: 動く（既定）
  click bPlus -> bCalc:正味の遺産額を出して上に入れる + calc:計算する
  click bPlus -> bCalc:正味の遺産額を出して上に入れる + calc:計算する
  click null -> calc:計算する
sozokuzei#bPlus: 動く（既定）
  click bHoken -> bCalc:正味の遺産額を出して上に入れる + calc:計算する
  click bHoken -> bCalc:正味の遺産額を出して上に入れる + calc:計算する
  click null -> calc:計算する
sozokuzei#bHoken: 動く（既定）
  click bTaishoku -> bCalc:正味の遺産額を出して上に入れる + calc:計算する
  click bTaishoku -> bCalc:正味の遺産額を出して上に入れる + calc:計算する
  click bTaishoku -> bCalc:正味の遺産額を出して上に入れる + calc:計算する
  click null -> calc:計算する
sozokuzei#bTaishoku: 動く（既定）
  click bSaimu -> bCalc:正味の遺産額を出して上に入れる + calc:計算する
  click bSaimu -> bCalc:正味の遺産額を出して上に入れる + calc:計算する
  click null -> calc:計算する
sozokuzei#bSaimu: 動く（既定）
  click bSoshiki -> bCalc:正味の遺産額を出して上に入れる + calc:計算する
  click bSoshiki -> bCalc:正味の遺産額を出して上に入れる + calc:計算する
  click null -> calc:計算する
sozokuzei#bSoshiki: 動く（既定）
  click haiguusha -> calc:計算する
  click haiguusha -> calc:計算する
  click null -> calc:計算する
sozokuzei#haiguusha: 動く（既定）
  click koReal -> calc:計算する
  click koReal -> calc:計算する
  click null -> calc:計算する
sozokuzei#koReal: 動く（既定）
  click koYoshi -> calc:計算する
  click koYoshi -> calc:計算する
  click null -> calc:計算する
sozokuzei#koYoshi: 動く（既定）
  click oya -> calc:計算する
  click oya -> calc:計算する
  click null -> calc:計算する
sozokuzei#oya: 動く（既定）
  click kyodai -> calc:計算する
  click kyodai -> calc:計算する
  click null -> calc:計算する
sozokuzei#kyodai: 動く（既定）
  click null -> calc:計算する
  click amount -> calc:計算する
  click amount -> calc:計算する
  click null -> calc:計算する
taishokukin#amount: 動く（既定）
  click years -> calc:計算する
  click years -> calc:計算する
  click null -> calc:計算する
taishokukin#years: 動く（既定）
  click months -> calc:計算する
  click months -> calc:計算する
  click null -> calc:計算する
taishokukin#months: 動く（既定）
  click officer -> calc:計算する
  click officer -> calc:計算する
  click officer -> calc:計算する
  click officer -> calc:計算する
  click officer -> calc:計算する
  click officer -> calc:計算する
  click officer -> calc:計算する
  click officer -> calc:計算する
  click officer -> calc:計算する
  click officer -> calc:計算する
  click officer -> calc:計算する
  click officer -> calc:計算する
  click officer -> calc:計算する
  click officer -> calc:計算する
  click officer -> calc:計算する
  click officer -> calc:計算する
  click officer -> calc:計算する
  click officer -> calc:計算する
  click null -> calc:計算する
taishokukin#officer: 動く（years=2）
  click disabled -> calc:計算する
  click disabled -> calc:計算する
  click null -> calc:計算する
taishokukin#disabled: 動く（既定）
  click filed -> calc:計算する
  click filed -> calc:計算する
  click null -> calc:計算する
taishokukin#filed: 動く（既定）
  click null -> calc:計算する
  click pref -> calc:計算する
  click pref -> calc:計算する
  click null -> calc:計算する
tedori#pref: 動く（既定）
  click age -> calc:計算する
  click age -> calc:計算する
  click null -> calc:計算する
tedori#age: 動く（既定）
  click gross -> calc:計算する
  click gross -> calc:計算する
  click null -> calc:計算する
tedori#gross: 動く（既定）
  click dependents -> calc:計算する
  click dependents -> calc:計算する
  click null -> calc:計算する
tedori#dependents: 動く（既定）
  click gyoshu -> calc:計算する
  click gyoshu -> calc:計算する
  click null -> calc:計算する
tedori#gyoshu: 動く（既定）
  click radio:jmode -> calc:計算する
  click radio:jmode -> calc:計算する
  click null -> calc:計算する
tedori#radio:jmode: 動く（既定）
  click null -> calc:登録免許税を計算する
  click tokiBi -> calc:登録免許税を計算する
  click tokiBi -> calc:登録免許税を計算する
  click null -> calc:登録免許税を計算する
toroku-menkyozei#tokiBi: 動く（既定）
  click shutokuBi -> calc:登録免許税を計算する
  click shutokuBi -> calc:登録免許税を計算する
  click null -> calc:登録免許税を計算する
toroku-menkyozei#shutokuBi: 動く（既定）
  click tokiShurui -> calc:登録免許税を計算する
  click tokiShurui -> calc:登録免許税を計算する
  click null -> calc:登録免許税を計算する
toroku-menkyozei#tokiShurui: 動く（既定）
  click in-genin -> calc:登録免許税を計算する
  click in-genin -> calc:登録免許税を計算する
  click null -> calc:登録免許税を計算する
toroku-menkyozei#in-genin: 動く（既定）
  click tochiKagaku -> calc:登録免許税を計算する
  click tochiKagaku -> calc:登録免許税を計算する
  click null -> calc:登録免許税を計算する
toroku-menkyozei#tochiKagaku: 動く（既定）
  click tochiMochibun -> calc:登録免許税を計算する
  click tochiMochibun -> calc:登録免許税を計算する
  click null -> calc:登録免許税を計算する
toroku-menkyozei#tochiMochibun: 動く（既定）
  click tatemonoKagaku -> calc:登録免許税を計算する
  click tatemonoKagaku -> calc:登録免許税を計算する
  click null -> calc:登録免許税を計算する
toroku-menkyozei#tatemonoKagaku: 動く（既定）
  click tatemonoMochibun -> calc:登録免許税を計算する
  click tatemonoMochibun -> calc:登録免許税を計算する
  click null -> calc:登録免許税を計算する
toroku-menkyozei#tatemonoMochibun: 動く（既定）
  click kojinKyoju -> calc:登録免許税を計算する
  click kojinKyoju -> calc:登録免許税を計算する
  click null -> calc:登録免許税を計算する
toroku-menkyozei#kojinKyoju: 動く（既定）
  click yukamenseki -> calc:登録免許税を計算する
  click yukamenseki -> calc:登録免許税を計算する
  click null -> calc:登録免許税を計算する
toroku-menkyozei#yukamenseki: 動く（既定）
  click in-chuko -> calc:登録免許税を計算する
  click in-chuko -> calc:登録免許税を計算する
  click in-chuko -> calc:登録免許税を計算する
  click in-chuko -> calc:登録免許税を計算する
  click in-chuko -> calc:登録免許税を計算する
  click in-chuko -> calc:登録免許税を計算する
  click in-chuko -> calc:登録免許税を計算する
  click in-chuko -> calc:登録免許税を計算する
  click in-chuko -> calc:登録免許税を計算する
  click in-chuko -> calc:登録免許税を計算する
  click in-chuko -> calc:登録免許税を計算する
  click in-chuko -> calc:登録免許税を計算する
  click in-chuko -> calc:登録免許税を計算する
  click in-chuko -> calc:登録免許税を計算する
  click in-chuko -> calc:登録免許税を計算する
  click in-chuko -> calc:登録免許税を計算する
  click null -> calc:登録免許税を計算する
toroku-menkyozei#in-chuko: 動く（in-nintei=chouki）
  click kenchikuBi -> calc:登録免許税を計算する
  click kenchikuBi -> calc:登録免許税を計算する
  click kenchikuBi -> calc:登録免許税を計算する
  click kenchikuBi -> calc:登録免許税を計算する
  click kenchikuBi -> calc:登録免許税を計算する
  click kenchikuBi -> calc:登録免許税を計算する
  click kenchikuBi -> calc:登録免許税を計算する
  click kenchikuBi -> calc:登録免許税を計算する
  click kenchikuBi -> calc:登録免許税を計算する
  click kenchikuBi -> calc:登録免許税を計算する
  click kenchikuBi -> calc:登録免許税を計算する
  click kenchikuBi -> calc:登録免許税を計算する
  click kenchikuBi -> calc:登録免許税を計算する
  click kenchikuBi -> calc:登録免許税を計算する
  click kenchikuBi -> calc:登録免許税を計算する
  click kenchikuBi -> calc:登録免許税を計算する
  click kenchikuBi -> calc:登録免許税を計算する
  click kenchikuBi -> calc:登録免許税を計算する
  click kenchikuBi -> calc:登録免許税を計算する
  click kenchikuBi -> calc:登録免許税を計算する
  click kenchikuBi -> calc:登録免許税を計算する
  click kenchikuBi -> calc:登録免許税を計算する
  click kenchikuBi -> calc:登録免許税を計算する
  click kenchikuBi -> calc:登録免許税を計算する
  click kenchikuBi -> calc:登録免許税を計算する
  click kenchikuBi -> calc:登録免許税を計算する
  click kenchikuBi -> calc:登録免許税を計算する
  click kenchikuBi -> calc:登録免許税を計算する
  click kenchikuBi -> calc:登録免許税を計算する
  click kenchikuBi -> calc:登録免許税を計算する
  click kenchikuBi -> calc:登録免許税を計算する
  click kenchikuBi -> calc:登録免許税を計算する
  click kenchikuBi -> calc:登録免許税を計算する
  click kenchikuBi -> calc:登録免許税を計算する
  click kenchikuBi -> calc:登録免許税を計算する
  click kenchikuBi -> calc:登録免許税を計算する
  click kenchikuBi -> calc:登録免許税を計算する
  click kenchikuBi -> calc:登録免許税を計算する
  click kenchikuBi -> calc:登録免許税を計算する
  click kenchikuBi -> calc:登録免許税を計算する
  click kenchikuBi -> calc:登録免許税を計算する
  click kenchikuBi -> calc:登録免許税を計算する
  click kenchikuBi -> calc:登録免許税を計算する
  click kenchikuBi -> calc:登録免許税を計算する
  click kenchikuBi -> calc:登録免許税を計算する
  click kenchikuBi -> calc:登録免許税を計算する
  click kenchikuBi -> calc:登録免許税を計算する
  click kenchikuBi -> calc:登録免許税を計算する
  click kenchikuBi -> calc:登録免許税を計算する
  click kenchikuBi -> calc:登録免許税を計算する
  click kenchikuBi -> calc:登録免許税を計算する
  click kenchikuBi -> calc:登録免許税を計算する
  click kenchikuBi -> calc:登録免許税を計算する
  click kenchikuBi -> calc:登録免許税を計算する
  click kenchikuBi -> calc:登録免許税を計算する
  click kenchikuBi -> calc:登録免許税を計算する
  click kenchikuBi -> calc:登録免許税を計算する
  click kenchikuBi -> calc:登録免許税を計算する
  click kenchikuBi -> calc:登録免許税を計算する
  click kenchikuBi -> calc:登録免許税を計算する
  click kenchikuBi -> calc:登録免許税を計算する
  click kenchikuBi -> calc:登録免許税を計算する
  click kenchikuBi -> calc:登録免許税を計算する
  click kenchikuBi -> calc:登録免許税を計算する
  click null -> calc:登録免許税を計算する
toroku-menkyozei#kenchikuBi: 動く（in-chuko=1）
  click taishinTekigo -> calc:登録免許税を計算する
  click taishinTekigo -> calc:登録免許税を計算する
toroku-menkyozei#taishinTekigo: 動く（when {"in-chuko":"1","kenchikuBi":"1975-01-01"}）
  click in-nintei -> calc:登録免許税を計算する
  click in-nintei -> calc:登録免許税を計算する
  click null -> calc:登録免許税を計算する
toroku-menkyozei#in-nintei: 動く（既定）
  click kodate -> calc:登録免許税を計算する
  click kodate -> calc:登録免許税を計算する
  click kodate -> calc:登録免許税を計算する
  click kodate -> calc:登録免許税を計算する
  click kodate -> calc:登録免許税を計算する
  click kodate -> calc:登録免許税を計算する
  click kodate -> calc:登録免許税を計算する
  click kodate -> calc:登録免許税を計算する
  click kodate -> calc:登録免許税を計算する
  click kodate -> calc:登録免許税を計算する
  click kodate -> calc:登録免許税を計算する
  click kodate -> calc:登録免許税を計算する
  click kodate -> calc:登録免許税を計算する
  click kodate -> calc:登録免許税を計算する
  click kodate -> calc:登録免許税を計算する
  click kodate -> calc:登録免許税を計算する
  click kodate -> calc:登録免許税を計算する
  click kodate -> calc:登録免許税を計算する
  click null -> calc:登録免許税を計算する
toroku-menkyozei#kodate: 動く（in-nintei=chouki）
  click kaitoriHanbai -> calc:登録免許税を計算する
  click kaitoriHanbai -> calc:登録免許税を計算する
  click kaitoriHanbai -> calc:登録免許税を計算する
  click kaitoriHanbai -> calc:登録免許税を計算する
  click kaitoriHanbai -> calc:登録免許税を計算する
  click kaitoriHanbai -> calc:登録免許税を計算する
  click kaitoriHanbai -> calc:登録免許税を計算する
  click kaitoriHanbai -> calc:登録免許税を計算する
  click kaitoriHanbai -> calc:登録免許税を計算する
  click kaitoriHanbai -> calc:登録免許税を計算する
  click kaitoriHanbai -> calc:登録免許税を計算する
  click kaitoriHanbai -> calc:登録免許税を計算する
  click kaitoriHanbai -> calc:登録免許税を計算する
  click kaitoriHanbai -> calc:登録免許税を計算する
  click null -> calc:登録免許税を計算する
toroku-menkyozei#kaitoriHanbai: 動く（in-chuko=1）
  click saikenGaku -> calc:登録免許税を計算する
  click saikenGaku -> calc:登録免許税を計算する
  click null -> calc:登録免許税を計算する
toroku-menkyozei#saikenGaku: 動く（既定）
  click null -> calc:入口と出口の両方を計算する
  click kazei -> calc:入口と出口の両方を計算する
  click kazei -> calc:入口と出口の両方を計算する
  click null -> calc:入口と出口の両方を計算する
tosan-boshi-kyosai#kazei: 動く（既定）
  click monthly -> calc:入口と出口の両方を計算する
  click monthly -> calc:入口と出口の両方を計算する
  click null -> calc:入口と出口の両方を計算する
tosan-boshi-kyosai#monthly: 動く（既定）
  click months -> calc:入口と出口の両方を計算する
  click months -> calc:入口と出口の両方を計算する
  click null -> calc:入口と出口の両方を計算する
tosan-boshi-kyosai#months: 動く（既定）
  click kaiyaku-type -> calc:入口と出口の両方を計算する
  click kaiyaku-type -> calc:入口と出口の両方を計算する
  click null -> calc:入口と出口の両方を計算する
tosan-boshi-kyosai#kaiyaku-type: 動く（既定）
  click kaiyaku-kazei -> calc:入口と出口の両方を計算する
  click kaiyaku-kazei -> calc:入口と出口の両方を計算する
  click null -> calc:入口と出口の両方を計算する
tosan-boshi-kyosai#kaiyaku-kazei: 動く（既定）
  click null -> 
  click kubun -> 
  click kubun -> 
  click null -> 
yakuin-shataku#kubun: 動く（既定）
  click tatemono -> 
  click tatemono -> 
  click null -> 
yakuin-shataku#tatemono: 動く（既定）
  click shikichi -> 
  click shikichi -> 
  click null -> 
yakuin-shataku#shikichi: 動く（既定）
  click menseki -> 
  click menseki -> 
  click null -> 
yakuin-shataku#menseki: 動く（既定）
  click nensu -> 
  click nensu -> 
  click null -> 
yakuin-shataku#nensu: 動く（既定）
  click yachin -> 
  click yachin -> 
  click yachin -> 
  click yachin -> 
  click yachin -> 
  click yachin -> 
  click yachin -> 
  click yachin -> 
  click yachin -> 
  click yachin -> 
  click yachin -> 
  click yachin -> 
  click yachin -> 
  click yachin -> 
  click yachin -> 
  click yachin -> 
  click yachin -> 
  click yachin -> 
  click yachin -> 
  click yachin -> 
  click yachin -> 
  click yachin -> 
  click null -> 
yakuin-shataku#yachin: 動く（kubun=karikage）
  click uketori -> 
  click uketori -> 
  click null -> 
yakuin-shataku#uketori: 動く（既定）
  click null -> 
  click zennen -> 
  click zennen -> 
  click null -> 
yotei-nozei#zennen: 動く（既定）
  click gensen -> 
  click gensen -> 
  click null -> 
yotei-nozei#gensen: 動く（既定）
  click mitsumori -> 
  click mitsumori -> 
  click null -> 
yotei-nozei#mitsumori: 動く（既定）
  click ki -> 
  click ki -> 
  click null -> 
yotei-nozei#ki: 動く（既定）
  click tsuchi -> 
  click tsuchi -> 
  click tsuchi -> 
  click tsuchi -> 
  click null -> 
yotei-nozei#tsuchi: 動く（既定）
  click year -> 
  click year -> 
  click null -> 
yotei-nozei#year: 動く（既定）
  click null -> calc:計算する
  click hire -> calc:計算する
  click hire -> calc:計算する
  click null -> calc:計算する
yukyu#hire: 動く（既定）
  click wdays -> calc:計算する
  click wdays -> calc:計算する
  click wdays -> calc:計算する
  click wdays -> calc:計算する
  click wdays -> calc:計算する
  click wdays -> calc:計算する
  click wdays -> calc:計算する
  click wdays -> calc:計算する
  click wdays -> calc:計算する
  click wdays -> calc:計算する
  click wdays -> calc:計算する
  click wdays -> calc:計算する
  click wdays -> calc:計算する
  click wdays -> calc:計算する
  click wdays -> calc:計算する
  click wdays -> calc:計算する
  click wdays -> calc:計算する
  click wdays -> calc:計算する
  click wdays -> calc:計算する
  click wdays -> calc:計算する
  click wdays -> calc:計算する
  click wdays -> calc:計算する
  click null -> calc:計算する
yukyu#wdays: 動く（whours=20）
  click whours -> calc:計算する
  click whours -> calc:計算する
  click whours -> calc:計算する
  click whours -> calc:計算する
  click whours -> calc:計算する
  click whours -> calc:計算する
  click whours -> calc:計算する
  click whours -> calc:計算する
  click whours -> calc:計算する
  click whours -> calc:計算する
  click whours -> calc:計算する
  click whours -> calc:計算する
  click whours -> calc:計算する
  click whours -> calc:計算する
  click whours -> calc:計算する
  click whours -> calc:計算する
  click whours -> calc:計算する
  click whours -> calc:計算する
  click whours -> calc:計算する
  click whours -> calc:計算する
  click whours -> calc:計算する
  click whours -> calc:計算する
  click whours -> calc:計算する
  click whours -> calc:計算する
  click whours -> calc:計算する
  click whours -> calc:計算する
  click whours -> calc:計算する
  click whours -> calc:計算する
  click whours -> calc:計算する
  click whours -> calc:計算する
  click whours -> calc:計算する
  click whours -> calc:計算する
  click whours -> calc:計算する
  click whours -> calc:計算する
  click whours -> calc:計算する
  click whours -> calc:計算する
  click whours -> calc:計算する
  click whours -> calc:計算する
  click whours -> calc:計算する
  click whours -> calc:計算する
  click whours -> calc:計算する
  click whours -> calc:計算する
  click whours -> calc:計算する
  click whours -> calc:計算する
  click whours -> calc:計算する
  click whours -> calc:計算する
  click null -> calc:計算する
yukyu#whours: 動く（wdays=4）
  click null -> calc:支給停止額を計算する
  click hatarakikata -> calc:支給停止額を計算する
  click hatarakikata -> calc:支給停止額を計算する
  click hatarakikata -> calc:支給停止額を計算する
  click null -> calc:支給停止額を計算する
zaishoku#hatarakikata: 動く（既定）
  click koseiNenkin -> calc:支給停止額を計算する
  click koseiNenkin -> calc:支給停止額を計算する
  click null -> calc:支給停止額を計算する
zaishoku#koseiNenkin: 動く（既定）
  click kisoNenkin -> calc:支給停止額を計算する
  click kisoNenkin -> calc:支給停止額を計算する
  click null -> calc:支給停止額を計算する
zaishoku#kisoNenkin: 動く（既定）
  click hyojunHoshu -> calc:支給停止額を計算する
  click hyojunHoshu -> calc:支給停止額を計算する
  click null -> calc:支給停止額を計算する
zaishoku#hyojunHoshu: 動く（既定）
  click shoyoTotal -> calc:支給停止額を計算する
  click shoyoTotal -> calc:支給停止額を計算する
  click null -> calc:支給停止額を計算する
zaishoku#shoyoTotal: 動く（既定）
  click kakyu -> calc:支給停止額を計算する
  click kakyu -> calc:支給停止額を計算する
  click null -> calc:支給停止額を計算する
zaishoku#kakyu: 動く（既定）
  click null -> calc:計算する
  click base -> calc:計算する
  click base -> calc:計算する
  click null -> calc:計算する
zangyodai#base: 動く（既定）
  click holidays -> calc:計算する
  click holidays -> calc:計算する
  click null -> calc:計算する
zangyodai#holidays: 動く（既定）
  click daily -> calc:計算する
  click daily -> calc:計算する
  click null -> calc:計算する
zangyodai#daily: 動く（既定）
  click overtime -> calc:計算する
  click overtime -> calc:計算する
  click null -> calc:計算する
zangyodai#overtime: 動く（既定）
  click holidayhours -> calc:計算する
  click holidayhours -> calc:計算する
  click null -> calc:計算する
zangyodai#holidayhours: 動く（既定）
  click night -> calc:計算する
  click night -> calc:計算する
  click null -> calc:計算する
zangyodai#night: 動く（既定）
  click fixed -> calc:計算する
  click fixed -> calc:計算する
  click null -> calc:計算する
zangyodai#fixed: 動く（既定）
  click null -> calc:計算する
  click tokurei -> calc:計算する
  click tokurei -> calc:計算する
  click null -> calc:計算する
zoyozei#tokurei: 動く（既定）
  click ippan -> calc:計算する
  click ippan -> calc:計算する
  click null -> calc:計算する
zoyozei#ippan: 動く（既定）
✓ check_input_wiring: 566個の入力欄が答えを動かす（うち組み合わせ指定 11件）。動かないのが正しい 2件は理由つきで除外
