äÓèÄì˙,äÓèÄâøäz,ëOì˙î‰,èÉéëéYëçäz,íºãﬂåàéZì˙,íºãﬂï™îzã‡,ï™îzã‡çƒìäéëäÓèÄâøäz
20180131,10000.00,0,500000000,00000000,0,10000
20180201,10007.00,7,500339146,00000000,0,10007
20180202,9921.00,-86,496032935,00000000,0,9921
20180205,9752.00,-169,487610075,00000000,0,9752
20180206,9263.00,-489,463174282,00000000,0,9263
20180207,9553.00,290,477650053,00000000,0,9553
20180208,9519.00,-34,475941720,00000000,0,9519
20180209,9185.00,-334,459248422,00000000,0,9185
20180213,9470.00,285,473495534,00000000,0,9470
20180214,9562.00,92,478080987,00000000,0,9562
20180215,9714.00,152,485713295,00000000,0,9714
20180216,9871.00,157,493545242,00000000,0,9871
20180219,9784.00,-87,489218438,00000000,0,9784
20180220,9830.00,46,491505861,00000000,0,9830
20180221,9942.00,112,497089937,00000000,0,9942
20180222,9969.00,27,498448576,00000000,0,9969
20180223,9915.00,-54,495790756,00000000,0,9915
20180226,10081.00,166,505519412,00000000,0,10081
20180227,10191.00,110,593554089,00000000,0,10191
20180228,10083.00,-108,616446012,00000000,0,10083
20180301,9975.00,-108,633867756,00000000,0,9975
20180302,9775.00,-200,652203817,00000000,0,9775
20180305,9824.00,49,662278617,00000000,0,9824
20180306,10064.00,240,679678278,00000000,0,10064
20180307,10107.00,43,686965579,00000000,0,10107
20180308,10223.00,116,695897036,00000000,0,10223
20180309,10234.00,11,699153081,00000000,0,10234
20180312,10464.00,230,718681196,00000000,0,10464
20180313,10474.00,10,727839406,00000000,0,10474
20180314,10322.00,-152,771125739,00000000,0,10322
20180315,10359.00,37,792831698,00000000,0,10359
20180316,10390.00,31,815704053,00000000,0,10390
20180319,10316.00,-74,815136718,00000000,0,10316
20180320,10042.00,-274,801141249,00000000,0,10042
20180322,9950.00,-92,799362019,00000000,0,9950
20180323,9554.00,-396,770421764,00000000,0,9554
20180326,9327.00,-227,742185760,00000000,0,9327
20180327,9706.00,379,712650170,00000000,0,9706
20180328,9166.00,-540,672777268,00000000,0,9166
20180329,9072.00,-94,667327739,00000000,0,9072
20180330,9241.00,169,679908700,00000000,0,9241
20180402,9246.00,5,740809789,00000000,0,9246
20180403,8903.00,-343,713376524,00000000,0,8903
20180404,9043.00,140,729526618,00000000,0,9043
20180405,9211.00,168,745753529,00000000,0,9211
20180406,9377.00,166,760801006,00000000,0,9377
20180409,9124.00,-253,741292383,00000000,0,9124
20180410,9144.00,20,745113494,00000000,0,9144
20180411,9499.00,355,777691959,00000000,0,9499
20180412,9446.00,-53,774782235,00000000,0,9446
20180413,9544.00,98,784862949,00000000,0,9544
20180416,9522.00,-22,784670255,00000000,0,9522
20180417,9485.00,-37,732981113,00000000,0,9485
20180418,9844.00,359,751489224,00000000,0,9844
20180419,9895.00,51,755882986,00000000,0,9895
20180420,9878.00,-17,754844628,00000000,0,9878
20180423,9759.00,-119,752205854,00000000,0,9759
20180424,9715.00,-44,751824742,00000000,0,9715
20180425,9505.00,-210,736122221,00000000,0,9505
20180426,9493.00,-12,732334893,00000000,0,9493
20180427,9773.00,280,753276292,00000000,0,9773
20180501,9862.00,89,759571492,00000000,0,9862
20180502,10019.00,157,772398269,00000000,0,10019
20180507,10163.00,144,784047562,00000000,0,10163
20180508,10333.00,170,807605086,00000000,0,10333
20180509,10436.00,103,818007627,00000000,0,10436
20180510,10624.00,188,840047024,00000000,0,10624
20180511,10683.00,59,851357298,00000000,0,10683
20180514,10611.00,-72,851462837,00000000,0,10611
20180515,10678.00,67,869693504,00000000,0,10678
20180516,10572.00,-106,872447979,00000000,0,10572
20180517,10656.00,84,888687029,00000000,0,10656
20180518,10661.00,5,887669525,00000000,0,10661
20180521,10501.00,-160,874241422,00000000,0,10501
20180522,10566.00,65,883130690,00000000,0,10566
20180523,10469.00,-97,874005871,00000000,0,10469
20180524,10504.00,35,876599132,00000000,0,10504
20180525,10504.00,0,874615185,00000000,0,10504
20180528,10541.00,37,877536060,00000000,0,10541
20180529,10514.00,-27,874654095,00000000,0,10514
20180530,10426.00,-88,867332975,00000000,0,10426
20180531,10543.00,117,864840869,00000000,0,10543
20180601,10591.00,48,866476453,00000000,0,10591
20180604,10922.00,331,894224966,00000000,0,10922
20180605,11149.00,227,903121034,00000000,0,11149
20180606,11210.00,61,926647886,00000000,0,11210
20180607,11354.00,144,945822498,00000000,0,11354
20180608,11215.00,-139,946333618,00000000,0,11215
20180611,11198.00,-17,957106546,00000000,0,11198
20180612,11382.00,184,974214994,00000000,0,11382
20180613,11533.00,151,989098036,00000000,0,11533
20180614,11574.00,41,1057007238,00000000,0,11574
20180615,11852.00,278,1089260707,00000000,0,11852
20180618,11776.00,-76,1101987099,00000000,0,11776
20180619,11791.00,15,1129052710,00000000,0,11791
20180620,11664.00,-127,1155924563,00000000,0,11664
20180621,11860.00,196,1137747656,00000000,0,11860
20180622,11655.00,-205,1160123106,00000000,0,11655
20180625,11539.00,-116,1192806874,00000000,0,11539
20180626,11162.00,-377,1178614406,00000000,0,11162
20180627,11326.00,164,1208013830,00000000,0,11326
20180628,11143.00,-183,1168722463,00000000,0,11143
20180629,11337.00,194,1185967647,00000000,0,11337
20180702,11278.00,-59,1173782324,00000000,0,11278
20180703,11404.00,126,1208767222,00000000,0,11404
20180704,11102.00,-302,1197740852,00000000,0,11102
20180705,11108.00,6,1196286390,00000000,0,11108
20180706,11288.00,180,1215681334,00000000,0,11288
20180709,11480.00,192,1252991468,00000000,0,11480
20180710,11651.00,171,1284089179,00000000,0,11651
20180711,11638.00,-13,1315649722,00000000,0,11638
20180712,11705.00,67,1332408369,00000000,0,11705
20180713,11963.00,258,1376398825,00000000,0,11963
20180717,11823.00,-140,1368594868,00000000,0,11823
20180718,11976.00,153,1420429718,00000000,0,11976
20180719,11870.00,-106,1439838058,00000000,0,11870
20180720,11729.00,-141,1445820446,00000000,0,11729
20180723,11517.00,-212,1449213795,00000000,0,11517
20180724,11523.00,6,1454891063,00000000,0,11523
20180725,11549.00,26,1466492911,00000000,0,11549
20180726,11759.00,210,1482395166,00000000,0,11759
20180727,11461.00,-298,1445984504,00000000,0,11461
20180730,11059.00,-402,1405364311,00000000,0,11059
20180731,10738.00,-321,1373668783,00000000,0,10738
20180801,10871.00,133,1379561486,00000000,0,10871
20180802,10870.00,-1,1372524044,00000000,0,10870
20180803,11195.00,325,1476425568,00000000,0,11195
20180806,11128.00,-67,1467303538,00000000,0,11128
20180807,11220.00,92,1483357883,00000000,0,11220
20180808,11351.00,131,1507708346,00000000,0,11351
20180809,11236.00,-115,1501641597,00000000,0,11236
20180810,11176.00,-60,1502143703,00000000,0,11176
20180813,11107.00,-69,1512111339,00000000,0,11107
20180814,11129.00,22,1515893668,00000000,0,11129
20180815,11188.00,59,1522166459,00000000,0,11188
20180816,10929.00,-259,1486342768,00000000,0,10929
20180817,10951.00,22,1473141965,00000000,0,10951
20180820,10783.00,-168,1451183638,00000000,0,10783
20180821,10776.00,-7,1453429992,00000000,0,10776
20180822,10936.00,160,1468834498,00000000,0,10936
20180823,11082.00,146,1482040789,00000000,0,11082
20180824,11102.00,20,1496018492,00000000,0,11102
20180827,11239.00,137,1517669828,00000000,0,11239
20180828,11424.00,185,1557499306,00000000,0,11424
20180829,11364.00,-60,1553037559,00000000,0,11364
20180830,11494.00,130,1571512612,00000000,0,11494
20180831,11416.00,-78,1569574251,00000000,0,11416
20180903,11394.00,-22,1557124999,00000000,0,11394
20180904,11404.00,10,1558600424,00000000,0,11404
20180905,11329.00,-75,1548365687,00000000,0,11329
20180906,10991.00,-338,1503080024,00000000,0,10991
20180907,10737.00,-254,1471080239,00000000,0,10737
20180910,10713.00,-24,1468329745,00000000,0,10713
20180911,10782.00,69,1480551581,00000000,0,10782
20180912,10908.00,126,1500990656,00000000,0,10908
20180913,10899.00,-9,1487610151,00000000,0,10899
20180914,11067.00,168,1512541620,00000000,0,11067
20180918,10777.00,-290,1475177750,00000000,0,10777
20180919,10853.00,76,1486692789,00000000,0,10853
20180920,11008.00,155,1487858773,00000000,0,11008
20180921,11102.00,94,1494795337,00000000,0,11102
20180925,11064.00,-38,1486911681,00000000,0,11064
20180926,11136.00,72,1506926100,00000000,0,11136
20180927,11200.00,64,1512209569,00000000,0,11200
20180928,11373.00,173,1542171195,00000000,0,11373
20181001,11197.00,-176,1522648937,00000000,0,11197
20181002,11397.00,200,1555714402,00000000,0,11397
20181003,11210.00,-187,1510075493,00000000,0,11210
20181004,11330.00,120,1526268140,00000000,0,11330
20181005,10974.00,-356,1482309423,00000000,0,10974
20181009,10515.00,-459,1426187888,00000000,0,10515
20181010,10589.00,74,1425398245,00000000,0,10589
20181011,9934.00,-655,1336187584,00000000,0,9934
20181012,9876.00,-58,1328656737,00000000,0,9876
20181015,10199.00,323,1380311091,00000000,0,10199
20181016,10049.00,-150,1373061310,00000000,0,10049
20181017,10460.00,411,1437846291,00000000,0,10460
20181018,10481.00,21,1443913200,00000000,0,10481
20181019,10141.00,-340,1401660191,00000000,0,10141
20181022,10054.00,-87,1389729428,00000000,0,10054
20181023,10186.00,132,1411163215,00000000,0,10186
20181024,10204.00,18,1419076033,00000000,0,10204
20181025,9616.00,-588,1333775567,00000000,0,9616
20181026,10210.00,594,1418241257,00000000,0,10210
20181029,9990.00,-220,1382397751,00000000,0,9990
20181030,9716.00,-274,1336395136,00000000,0,9716
20181031,9964.00,248,1392065716,00000000,0,9964
20181101,10278.00,314,1442519126,00000000,0,10278
20181102,10548.00,270,1482437337,00000000,0,10548
20181105,10383.00,-165,1460606924,00000000,0,10383
20181106,10244.00,-139,1413577323,00000000,0,10244
20181107,10302.00,58,1420454158,00000000,0,10302
20181108,10648.00,346,1467397603,00000000,0,10648
20181109,10505.00,-143,1448443862,00000000,0,10505
20181112,10311.00,-194,1438131436,00000000,0,10311
20181113,9865.00,-446,1377053587,00000000,0,9865
20181114,10008.00,143,1398772519,00000000,0,10008
20181115,9991.00,-17,1394785708,00000000,0,9991
20181116,10151.00,160,1410886715,00000000,0,10151
20181119,9884.00,-267,1374686674,00000000,0,9884
20181120,9457.00,-427,1315557943,00000000,0,9457
20181121,9329.00,-128,1300214674,00000000,0,9329
20181122,9392.00,63,1308216720,00000000,0,9392
20181126,9249.00,-143,1290452344,00000000,0,9249
20181127,9632.00,383,1343950476,00000000,0,9632
20181128,9636.00,4,1300955443,00000000,0,9636
20181129,9903.00,267,1338921486,00000000,0,9903
20181130,9777.00,-126,1322575200,00000000,0,9777
20181203,9935.00,158,1344199312,00000000,0,9935
20181204,10210.00,275,1380147374,00000000,0,10210
20181205,9757.00,-453,1327354235,00000000,0,9757
20181206,9762.00,5,1327679028,00000000,0,9762
20181207,9812.00,50,1334407031,00000000,0,9812
20181210,9526.00,-286,1291561707,00000000,0,9526
20181211,9694.00,168,1315633940,00000000,0,9694
20181212,9743.00,49,1317336265,00000000,0,9743
20181213,9888.00,145,1336708028,00000000,0,9888
20181214,9941.00,53,1343380763,00000000,0,9941
20181217,9727.00,-214,1313712449,00000000,0,9727
20181218,9320.00,-407,1258685309,00000000,0,9320
20181219,9341.00,21,1262553922,00000000,0,9341
20181220,9071.00,-270,1225138834,00000000,0,9071
20181221,8664.00,-407,1160050613,00000000,0,8664
20181225,8044.00,-620,1073923697,00000000,0,8044
20181226,8087.00,43,1061482537,00000000,0,8087
20181227,8694.00,607,1141138379,00000000,0,8694
20181228,8642.00,-52,1126967133,00000000,0,8642
20190104,8172.00,-470,1069212512,00000000,0,8172
20190107,8725.00,553,1144484953,00000000,0,8725
20190108,8994.00,269,1182105681,00000000,0,8994
20190109,9089.00,95,1196244631,00000000,0,9089
20190110,9155.00,66,1208598354,00000000,0,9155
20190111,9257.00,102,1228540560,00000000,0,9257
20190115,9162.00,-95,1214301273,00000000,0,9162
20190116,9414.00,252,1248021569,00000000,0,9414
20190117,9474.00,60,1257033327,00000000,0,9474
20190118,9571.00,97,1270012786,00000000,0,9571
20190121,9527.00,-44,1264698139,00000000,0,9527
20190122,9529.00,2,1265875612,00000000,0,9529
20190123,9191.00,-338,1221016057,00000000,0,9191
20190124,9127.00,-64,1213485821,00000000,0,9127
20190125,9277.00,150,1234541055,00000000,0,9277
20190128,9460.00,183,1259192392,00000000,0,9460
20190129,9250.00,-210,1231008454,00000000,0,9250
20190130,9077.00,-173,1210492527,20190130,0,9077
20190131,9408.00,331,1254593975,20190130,0,9408
20190201,9667.00,259,1289234985,20190130,0,9667
20190204,9652.00,-15,1288179495,20190130,0,9652
20190205,9865.00,213,1317600495,20190130,0,9865
20190206,9997.00,132,1336123459,20190130,0,9997
20190207,9944.00,-53,1329632889,20190130,0,9944
20190208,9635.00,-309,1289944664,20190130,0,9635
20190212,9649.00,14,1280312407,20190130,0,9649
20190213,9800.00,151,1300246830,20190130,0,9800
20190214,9849.00,49,1307288081,20190130,0,9849
20190215,9808.00,-41,1299607645,20190130,0,9808
20190218,9783.00,-25,1296046362,20190130,0,9783
20190219,9781.00,-2,1294289205,20190130,0,9781
20190220,9876.00,95,1306864094,20190130,0,9876
20190221,9857.00,-19,1294147344,20190130,0,9857
20190222,9761.00,-96,1281065256,20190130,0,9761
20190225,9888.00,127,1297210902,20190130,0,9888
20190226,9982.00,94,1309721088,20190130,0,9982
20190227,9896.00,-86,1297467365,20190130,0,9896
20190228,9933.00,37,1301779108,20190130,0,9933
20190301,9971.00,38,1307785782,20190130,0,9971
20190304,10012.00,41,1312535083,20190130,0,10012
20190305,10026.00,14,1314239331,20190130,0,10026
20190306,10071.00,45,1319744163,20190130,0,10071
20190307,10038.00,-33,1316301636,20190130,0,10038
20190308,9829.00,-209,1288724533,20190130,0,9829
20190311,9765.00,-64,1278815427,20190130,0,9765
20190312,10108.00,343,1315569320,20190130,0,10108
20190313,10110.00,2,1315716908,20190130,0,10110
20190314,10217.00,107,1330252870,20190130,0,10217
20190315,10220.00,3,1322457108,20190130,0,10220
20190318,10209.00,-11,1311127676,20190130,0,10209
20190319,10163.00,-46,1303122624,20190130,0,10163
20190320,10241.00,78,1311665765,20190130,0,10241
20190322,10467.00,226,1338771519,20190130,0,10467
20190325,10134.00,-333,1306516792,20190130,0,10134
20190326,10136.00,2,1307567532,20190130,0,10136
20190327,10202.00,66,1316863854,20190130,0,10202
20190328,10120.00,-82,1306680098,20190130,0,10120
20190329,10220.00,100,1322533438,20190130,0,10220
20190401,10306.00,86,1335129059,20190130,0,10306
20190402,10518.00,212,1362875851,20190130,0,10518
20190403,10592.00,74,1373393019,20190130,0,10592
20190404,10692.00,100,1383902669,20190130,0,10692
20190405,10692.00,0,1377449860,20190130,0,10692
20190408,10749.00,57,1376316628,20190130,0,10749
20190409,10781.00,32,1370123237,20190130,0,10781
20190410,10740.00,-41,1347186734,20190130,0,10740
20190411,10735.00,-5,1347819293,20190130,0,10735
20190412,10723.00,-12,1342112570,20190130,0,10723
20190415,10731.00,8,1341063217,20190130,0,10731
20190416,10648.00,-83,1329809618,20190130,0,10648
20190417,10765.00,117,1333389246,20190130,0,10765
20190418,10769.00,4,1331327583,20190130,0,10769
20190419,10781.00,12,1330694882,20190130,0,10781
20190422,10778.00,-3,1327489250,20190130,0,10778
20190423,10818.00,40,1332341794,20190130,0,10818
20190424,11134.00,316,1369047029,20190130,0,11134
20190425,11048.00,-86,1347514440,20190130,0,11048
20190426,10962.00,-86,1332222062,20190130,0,10962
20190507,10886.00,-76,1317526791,20190130,0,10886
20190508,10555.00,-331,1276535748,20190130,0,10555
20190509,10480.00,-75,1271989567,20190130,0,10480
20190510,10398.00,-82,1263795181,20190130,0,10398
20190513,10313.00,-85,1250155393,20190130,0,10313
20190514,9831.00,-482,1190765099,20190130,0,9831
20190515,9943.00,112,1205076451,20190130,0,9943
20190516,10093.00,150,1221879358,20190130,0,10093
20190517,10182.00,89,1235674007,20190130,0,10182
20190520,9838.00,-344,1188342049,20190130,0,9838
20190521,9573.00,-265,1156760391,20190130,0,9573
20190522,9722.00,149,1174499163,20190130,0,9722
20190523,9636.00,-86,1165621622,20190130,0,9636
20190524,9382.00,-254,1135979134,20190130,0,9382
20190527,9339.00,-43,1131029426,20190130,0,9339
20190528,9344.00,5,1135315544,20190130,0,9344
20190529,9320.00,-24,1132404798,20190130,0,9320
20190530,9242.00,-78,1125720127,20190130,0,9242
20190531,9220.00,-22,1124885562,20190130,0,9220
20190603,8948.00,-272,1092128215,20190130,0,8948
20190604,8599.00,-349,1049843279,20190130,0,8599
20190605,8952.00,353,1093464518,20190130,0,8952
20190606,8978.00,26,1100132803,20190130,0,8978
20190607,9073.00,95,1113528252,20190130,0,9073
20190610,9254.00,181,1135144291,20190130,0,9254
20190611,9374.00,120,1151316275,20190130,0,9374
20190612,9462.00,88,1166399144,20190130,0,9462
20190613,9338.00,-124,1155584106,20190130,0,9338
20190614,9357.00,19,1160668383,20190130,0,9357
20190617,9336.00,-21,1159818040,20190130,0,9336
20190618,9492.00,156,1179671249,20190130,0,9492
20190619,9640.00,148,1199011726,20190130,0,9640
20190620,9588.00,-52,1188210031,20190130,0,9588
20190621,9563.00,-25,1184024887,20190130,0,9563
20190624,9557.00,-6,1184293626,20190130,0,9557
20190625,9579.00,22,1183659427,20190130,0,9579
20190626,9392.00,-187,1160687865,20190130,0,9392
20190627,9547.00,155,1179806829,20190130,0,9547
20190628,9623.00,76,1183262582,20190130,0,9623
20190701,9681.00,58,1191917116,20190130,0,9681
20190702,9866.00,185,1215816557,20190130,0,9866
20190703,9810.00,-56,1211468570,20190130,0,9810
20190704,9898.00,88,1222841217,20190130,0,9898
20190705,9908.00,10,1222698685,20190130,0,9908
20190708,9923.00,15,1224574865,20190130,0,9923
20190709,9831.00,-92,1223590533,20190130,0,9831
20190710,9947.00,116,1235671033,20190130,0,9947
20190711,9969.00,22,1237773816,20190130,0,9969
20190712,10008.00,39,1242011544,20190130,0,10008
20190716,10125.00,117,1249956020,20190130,0,10125
20190717,10116.00,-9,1248964832,20190130,0,10116
20190718,10049.00,-67,1239877354,20190130,0,10049
20190719,9895.00,-154,1221313253,20190130,0,9895
20190722,9850.00,-45,1215810402,20190130,0,9850
20190723,9935.00,85,1226327254,20190130,0,9935
20190724,10068.00,133,1239895496,20190130,0,10068
20190725,10179.00,111,1254494958,20190130,0,10179
20190726,9975.00,-204,1228202070,20190130,0,9975
20190729,10155.00,180,1251260055,20190130,0,10155
20190730,10174.00,19,1255506572,20190130,0,10174
20190731,10112.00,-62,1248918211,20190130,0,10112
20190801,10120.00,8,1249752791,20190130,0,10120
20190802,9750.00,-370,1201554726,20190130,0,9750
20190805,9566.00,-184,1178824760,20190130,0,9566
20190806,9085.00,-481,1120992475,20190130,0,9085
20190807,9236.00,151,1131261391,20190130,0,9236
20190808,9274.00,38,1140345356,20190130,0,9274
20190809,9465.00,191,1168205625,20190130,0,9465
20190813,9137.00,-328,1132746580,20190130,0,9137
20190814,9452.00,315,1172737753,20190130,0,9452
20190815,9094.00,-358,1130315858,20190130,0,9094
20190816,9097.00,3,1128274703,20190130,0,9097
20190819,9342.00,245,1160103602,20190130,0,9342
20190820,9651.00,309,1198107592,20190130,0,9651
20190821,9589.00,-62,1189323172,20190130,0,9589
20190822,9632.00,43,1195044554,20190130,0,9632
20190823,9567.00,-65,1187028367,20190130,0,9567
20190826,9084.00,-483,1127022625,20190130,0,9084
20190827,9281.00,197,1150946820,20190130,0,9281
20190828,9246.00,-35,1148625610,20190130,0,9246
20190829,9283.00,37,1155425607,20190130,0,9283
20190830,9521.00,238,1189453742,20190130,0,9521
20190902,9509.00,-12,1187091899,20190130,0,9509
20190903,9526.00,17,1188832732,20190130,0,9526
20190904,9365.00,-161,1168832377,20190130,0,9365
20190905,9528.00,163,1189001385,20190130,0,9528
20190906,9873.00,345,1232273598,20190130,0,9873
20190909,9790.00,-83,1222164031,20190130,0,9790
20190910,9880.00,90,1233675188,20190130,0,9880
20190911,9909.00,29,1237164014,20190130,0,9909
20190912,10083.00,174,1258127380,20190130,0,10083
20190913,10118.00,35,1263244709,20190130,0,10118
20190917,10022.00,-96,1250983715,20190130,0,10022
20190918,10075.00,53,1258414726,20190130,0,10075
20190919,10075.00,0,1252097387,20190130,0,10075
20190920,10019.00,-56,1245395324,20190130,0,10019
20190924,9784.00,-235,1215914146,20190130,0,9784
20190925,9416.00,-368,1169883082,20190130,0,9416
20190926,9722.00,306,1207373240,20190130,0,9722
20190927,9751.00,29,1211349943,20190130,0,9751
20190930,9571.00,-180,1189375943,20190130,0,9571
20191001,9666.00,95,1202106033,20190130,0,9666
20191002,9583.00,-83,1191819232,20190130,0,9583
20191003,9441.00,-142,1174969137,20190130,0,9441
20191004,9517.00,76,1184935485,20190130,0,9517
20191007,9593.00,76,1194688842,20190130,0,9593
20191008,9657.00,64,1203229473,20190130,0,9657
20191009,9460.00,-197,1179763949,20190130,0,9460
20191010,9566.00,106,1193494392,20190130,0,9566
20191011,9757.00,191,1217287906,20190130,0,9757
20191015,9978.00,221,1245962822,20190130,0,9978
20191016,10178.00,200,1270348185,20190130,0,10178
20191017,10198.00,20,1274868940,20190130,0,10198
20191018,10237.00,39,1272056344,20190130,0,10237
20191021,9976.00,-261,1233735757,20190130,0,9976
20191023,9958.00,-18,1230093139,20190130,0,9958
20191024,10043.00,85,1239388632,20190130,0,10043
20191025,10084.00,41,1244171041,20190130,0,10084
20191028,10286.00,202,1268659353,20190130,0,10286
20191029,10410.00,124,1282764185,20190130,0,10410
20191030,10234.00,-176,1257590978,20190130,0,10234
20191031,10276.00,42,1254695686,20190130,0,10276
20191101,10195.00,-81,1238278216,20190130,0,10195
20191105,10540.00,345,1280028265,20190130,0,10540
20191106,10533.00,-7,1277646369,20190130,0,10533
20191107,10529.00,-4,1274731107,20190130,0,10529
20191108,10773.00,244,1295119982,20190130,0,10773
20191111,10798.00,25,1296980857,20190130,0,10798
20191112,10796.00,-2,1296085339,20190130,0,10796
20191113,10823.00,27,1296462608,20190130,0,10823
20191114,10690.00,-133,1278194145,20190130,0,10690
20191115,10714.00,24,1278473669,20190130,0,10714
20191118,10781.00,67,1284701550,20190130,0,10781
20191119,10829.00,48,1289772256,20190130,0,10829
20191120,10844.00,15,1317953830,20190130,0,10844
20191121,10756.00,-88,1258333160,20190130,0,10756
20191122,10837.00,81,1265826561,20190130,0,10837
20191125,10800.00,-37,1258779004,20190130,0,10800
20191126,11021.00,221,1284257341,20190130,0,11021
20191127,10985.00,-36,1278951446,20190130,0,10985
20191128,11130.00,145,1293842278,20190130,0,11130
20191129,11148.00,18,1292926663,20190130,0,11148
20191202,11099.00,-49,1287239537,20190130,0,11099
20191203,10917.00,-182,1266370056,20190130,0,10917
20191204,10769.00,-148,1247509466,20190130,0,10769
20191205,10805.00,36,1245381276,20190130,0,10805
20191206,10850.00,45,1242437660,20190130,0,10850
20191209,10941.00,91,1252392539,20190130,0,10941
20191210,10908.00,-33,1248941253,20190130,0,10908
20191211,10930.00,22,1252291723,20190130,0,10930
20191212,11038.00,108,1274885280,20190130,0,11038
20191213,11226.00,188,1295459965,20190130,0,11226
20191216,11200.00,-26,1288163939,20190130,0,11200
20191217,11458.00,258,1302135109,20190130,0,11458
20191218,11524.00,66,1307144140,20190130,0,11524
20191219,11700.00,176,1319534954,20190130,0,11700
20191220,11840.00,140,1288381796,20190130,0,11840
20191223,11883.00,43,1288484654,20190130,0,11883
20191224,11973.00,90,1332281703,20190130,0,11973
20191225,11960.00,-13,1331629586,20190130,0,11960
20191226,11984.00,24,1340926911,20190130,0,11984
20191227,12129.00,145,1357103682,20190130,0,12129
20191230,12065.00,-64,1364008494,20190130,0,12065
20200106,12008.00,-57,1365934443,20190130,0,12008
20200107,12212.00,204,1396056638,20190130,0,12212
20200108,12233.00,21,1376820135,20190130,0,12233
20200109,12555.00,322,1418400083,20190130,0,12555
20200110,12681.00,126,1438375185,20190130,0,12681
20200114,13038.00,357,1490966879,20190130,0,13038
20200115,12930.00,-108,1508534379,20190130,0,12930
20200116,12877.00,-53,1547156542,20190130,0,12877
20200117,12993.00,116,1599445000,20190130,0,12993
20200120,13027.00,34,1614522524,20190130,0,13027
20200121,13033.00,6,1623863767,20190130,0,13033
20200122,13040.00,7,1624687746,20190130,0,13040
20200123,13029.00,-11,1682561906,20190130,0,13029
20200124,13086.00,57,1698952304,20190130,0,13086
20200127,12861.00,-225,1682098865,20190130,0,12861
20200128,12527.00,-334,1648751078,20190130,0,12527
20200129,12777.00,250,1647113297,20190130,0,12777
20200130,12860.00,83,1644022413,20200130,0,12860
20200131,12941.00,81,1661767577,20200130,0,12941
20200203,12759.00,-182,1621621113,20200130,0,12759
20200204,13379.00,620,1704251369,20200130,0,13379
20200205,14036.00,657,1768069199,20200130,0,14036
20200206,13628.00,-408,1719728780,20200130,0,13628
20200207,13950.00,322,1848662029,20200130,0,13950
20200210,13816.00,-134,1873646517,20200130,0,13816
20200212,14046.00,230,1916820915,20200130,0,14046
20200213,14259.00,213,1962432998,20200130,0,14259
20200214,14322.00,63,1987638767,20200130,0,14322
20200217,14371.00,49,2008806009,20200130,0,14371
20200218,14379.00,8,2041328137,20200130,0,14379
20200219,14673.00,294,2083181540,20200130,0,14673
20200220,15196.00,523,2171245505,20200130,0,15196
20200221,15128.00,-68,2172425791,20200130,0,15128
20200225,13927.00,-1201,2143289602,20200130,0,13927
20200226,13505.00,-422,2170613307,20200130,0,13505
20200227,13557.00,52,2256107430,20200130,0,13557
20200228,12688.00,-869,2056493251,20200130,0,12688
20200302,12585.00,-103,1985529341,20200130,0,12585
20200303,13280.00,695,2029209375,20200130,0,13280
20200304,12836.00,-444,2041541117,20200130,0,12836
20200305,13276.00,440,2183728715,20200130,0,13276
20200306,12720.00,-556,2173312596,20200130,0,12720
20200309,11910.00,-810,2060783224,20200130,0,11910
20200310,11208.00,-702,1986037516,20200130,0,11208
20200311,12010.00,802,2073591691,20200130,0,12010
20200312,11470.00,-540,1988808713,20200130,0,11470
20200313,10378.00,-1092,1801436160,20200130,0,10378
20200316,11199.00,821,1944273210,20200130,0,11199
20200317,9723.00,-1476,1577798129,20200130,0,9723
20200318,10165.00,442,1663087782,20200130,0,10165
20200319,9791.00,-374,1606057392,20200130,0,9791
20200323,10284.00,493,1708014491,20200130,0,10284
20200324,10430.00,146,1735060411,20200130,0,10430
20200325,11280.00,850,1888839983,20200130,0,11280
20200326,11203.00,-77,1911130530,20200130,0,11203
20200327,11413.00,210,2030997964,20200130,0,11413
20200330,10922.00,-491,1944756581,20200130,0,10922
20200331,11307.00,385,2032987455,20200130,0,11307
20200401,11249.00,-58,2009677564,20200130,0,11249
20200402,10693.00,-556,1914316415,20200130,0,10693
20200403,10800.00,107,1914741753,20200130,0,10800
20200406,10776.00,-24,1937908273,20200130,0,10776
20200407,11546.00,770,2081112692,20200130,0,11546
20200408,11549.00,3,2047707883,20200130,0,11549
20200409,11768.00,219,2124648680,20200130,0,11768
20200410,11795.00,27,2141138402,20200130,0,11795
20200413,11753.00,-42,2135010541,20200130,0,11753
20200414,12129.00,376,2203362162,20200130,0,12129
20200415,12649.00,520,2322679915,20200130,0,12649
20200416,12789.00,140,2364992236,20200130,0,12789
20200417,13051.00,262,2426262046,20200130,0,13051
20200420,13007.00,-44,2445995583,20200130,0,13007
20200421,12989.00,-18,2494047888,20200130,0,12989
20200422,12491.00,-498,2460904390,20200130,0,12491
20200423,12941.00,450,2547243880,20200130,0,12941
20200424,12855.00,-86,2513454557,20200130,0,12855
20200427,13027.00,172,2561601926,20200130,0,13027
20200428,13153.00,126,2613943611,20200130,0,13153
20200430,13282.00,129,2657376972,20200130,0,13282
20200501,13334.00,52,2687580341,20200130,0,13334
20200507,13124.00,-210,2717417158,20200130,0,13124
20200508,13309.00,185,2772214001,20200130,0,13309
20200511,13646.00,337,2895316818,20200130,0,13646
20200512,13841.00,195,2280603335,20200130,0,13841
20200513,13539.00,-302,2257753576,20200130,0,13539
20200514,13335.00,-204,2244786582,20200130,0,13335
20200515,13558.00,223,2288026009,20200130,0,13558
20200518,13770.00,212,2319037235,20200130,0,13770
20200519,14125.00,355,2376604490,20200130,0,14125
20200520,14273.00,148,2419000077,20200130,0,14273
20200521,14555.00,282,2483631872,20200130,0,14555
20200522,14469.00,-86,2526697049,20200130,0,14469
20200525,14350.00,-119,2551406312,20200130,0,14350
20200526,14367.00,17,2580580391,20200130,0,14367
20200527,14348.00,-19,2577173891,20200130,0,14348
20200528,14312.00,-36,2616133715,20200130,0,14312
20200529,14073.00,-239,2569238613,20200130,0,14073
20200601,14293.00,220,2530929656,20200130,0,14293
20200602,14517.00,224,2552616459,20200130,0,14517
20200603,14738.00,221,2604273561,20200130,0,14738
20200604,14946.00,208,2641608542,20200130,0,14946
20200605,14739.00,-207,2601836818,20200130,0,14739
20200608,15120.00,381,2682793164,20200130,0,15120
20200609,15175.00,55,2684102005,20200130,0,15175
20200610,15313.00,138,2739953979,20200130,0,15313
20200611,15462.00,149,2823800044,20200130,0,15462
20200612,14707.00,-755,2704784290,20200130,0,14707
20200615,14853.00,146,2742417622,20200130,0,14853
20200616,15132.00,279,2788560602,20200130,0,15132
20200617,15382.00,250,2836754164,20200130,0,15382
20200618,15386.00,4,2928478065,20200130,0,15386
20200619,15424.00,38,2981679152,20200130,0,15424
20200622,15372.00,-52,3001758618,20200130,0,15372
20200623,15582.00,210,3125399328,20200130,0,15582
20200624,15635.00,53,3169285434,20200130,0,15635
20200625,15358.00,-277,3154285657,20200130,0,15358
20200626,15512.00,154,3279493114,20200130,0,15512
20200629,14883.00,-629,3129955742,20200130,0,14883
20200630,15154.00,271,3205351680,20200130,0,15154
20200701,15519.00,365,3167425693,20200130,0,15519
20200702,15816.00,297,3254557378,20200130,0,15816
20200703,16044.00,228,3423336519,20200130,0,16044
20200706,16060.00,16,3453594475,20200130,0,16060
20200707,16871.00,811,3627974912,20200130,0,16871
20200708,16861.00,-10,3724815842,20200130,0,16861
20200709,17264.00,403,3882401303,20200130,0,17264
20200710,17496.00,232,4064983641,20200130,0,17496
20200713,17831.00,335,4261773867,20200130,0,17831
20200714,17346.00,-485,4305198954,20200130,0,17346
20200715,17438.00,92,4616030388,20200130,0,17438
20200716,17428.00,-10,4753584194,20200130,0,17428
20200717,17294.00,-134,4868712552,20200130,0,17294
20200720,17259.00,-35,4889060598,20200130,0,17259
20200721,17893.00,634,5135575603,20200130,0,17893
20200722,17585.00,-308,5074336373,20200130,0,17585
20200727,16740.00,-845,4914522073,20200130,0,16740
20200728,16984.00,244,4988612343,20200130,0,16984
20200729,16665.00,-319,4880290199,20200130,0,16665
20200730,16907.00,242,5169558913,20200130,0,16907
20200731,16853.00,-54,5160973830,20200130,0,16853
20200803,17321.00,468,5324242834,20200130,0,17321
20200804,17563.00,242,5442792017,20200130,0,17563
20200805,17658.00,95,5576222245,20200130,0,17658
20200806,17698.00,40,5656350626,20200130,0,17698
20200807,17999.00,301,5808584131,20200130,0,17999
20200811,17651.00,-348,5752884217,20200130,0,17651
20200812,17372.00,-279,5697040153,20200130,0,17372
20200813,18033.00,661,6020756387,20200130,0,18033
20200814,18242.00,209,6142439729,20200130,0,18242
20200817,18122.00,-120,6219702620,20200130,0,18122
20200818,18541.00,419,6429968121,20200130,0,18541
20200819,18688.00,147,6589283551,20200130,0,18688
20200820,18784.00,96,6727000900,20200130,0,18784
20200821,19081.00,297,7006605225,20200130,0,19081
20200824,19381.00,300,7168545840,20200130,0,19381
20200825,19567.00,186,7453625443,20200130,0,19567
20200826,19869.00,302,8006978863,20200130,0,19869
20200827,20519.00,650,8660629388,20200130,0,20519
20200828,20472.00,-47,9000999013,20200130,0,20472
20200831,20355.00,-117,9358146250,20200130,0,20355
20200901,20935.00,580,10066931909,20200130,0,20935
20200902,21235.00,300,10545982662,20200130,0,21235
20200903,21292.00,57,10798121528,20200130,0,21292
20200904,19997.00,-1295,10564971823,20200130,0,19997
20200907,19807.00,-190,10697677925,20200130,0,19807
20200908,19798.00,-9,10551641623,20200130,0,19798
20200909,18366.00,-1432,9788503060,20200130,0,18366
20200910,19060.00,694,9928587962,20200130,0,19060
20200911,18706.00,-354,9463841212,20200130,0,18706
20200914,18665.00,-41,9557222368,20200130,0,18665
20200915,19105.00,440,9783180512,20200130,0,19105
20200916,19527.00,422,9997568348,20200130,0,19527
20200917,19149.00,-378,9919624596,20200130,0,19149
20200918,18720.00,-429,9880696622,20200130,0,18720
20200923,19167.00,447,10142225552,20200130,0,19167
20200924,18696.00,-471,9902224537,20200130,0,18696
20200925,18732.00,36,9980890555,20200130,0,18732
20200928,19122.00,390,9870868356,20200130,0,19122
20200929,19453.00,331,10096871110,20200130,0,19453
20200930,19561.00,108,10222551797,20200130,0,19561
20201001,19831.00,270,10472456342,20200130,0,19831
20201002,20236.00,405,10725754287,20200130,0,20236
20201005,19630.00,-606,10421483409,20200130,0,19630
20201006,20085.00,455,10945580375,20200130,0,20085
20201007,19737.00,-348,10845363296,20200130,0,19737
20201008,20174.00,437,11141005408,20200130,0,20174
20201009,20237.00,63,11182443632,20200130,0,20237
20201012,20350.00,113,11236137997,20200130,0,20350
20201013,20956.00,606,11575486494,20200130,0,20956
20201014,20947.00,-9,11515422428,20200130,0,20947
20201015,20850.00,-97,11502539583,20200130,0,20850
20201016,20627.00,-223,11306733740,20200130,0,20627
20201019,20513.00,-114,11162311980,20200130,0,20513
20201020,20255.00,-258,11032580655,20200130,0,20255
20201021,20359.00,104,11075251411,20200130,0,20359
20201022,20384.00,25,10969927044,20200130,0,20384
20201023,20327.00,-57,10887610890,20200130,0,20327
20201026,20487.00,160,10828980597,20200130,0,20487
20201027,20218.00,-269,10675755564,20200130,0,20218
20201028,20553.00,335,10817993197,20200130,0,20553
20201029,19684.00,-869,10370637196,20200130,0,19684
20201030,20363.00,679,10750741924,20200130,0,20363
20201102,19278.00,-1085,10155126617,20200130,0,19278
20201104,19500.00,222,10265140641,20200130,0,19500
20201105,20295.00,795,10874442403,20200130,0,20295
20201106,20612.00,317,11375560929,20200130,0,20612
20201109,20605.00,-7,11658777513,20200130,0,20605
20201110,20309.00,-296,11551283827,20200130,0,20309
20201111,19789.00,-520,11334356394,20200130,0,19789
20201112,20226.00,437,11350215992,20200130,0,20226
20201113,20017.00,-209,11086296520,20200130,0,20017
20201116,20015.00,-2,11096475574,20200130,0,20015
20201117,20017.00,2,11084606991,20200130,0,20017
20201118,19954.00,-63,11002490544,20200130,0,19954
20201119,20002.00,48,10945113755,20200130,0,20002
20201120,20074.00,72,10947105386,20200130,0,20074
20201124,20136.00,62,10894973424,20200130,0,20136
20201125,20501.00,365,11136913566,20200130,0,20501
20201126,20712.00,211,11230481905,20200130,0,20712
20201127,20674.00,-38,11151746092,20200130,0,20674
20201130,20810.00,136,11224841605,20200130,0,20810
20201201,20704.00,-106,11191250621,20200130,0,20704
20201202,21097.00,393,11452147192,20200130,0,21097
20201203,21177.00,80,11548662422,20200130,0,21177
20201204,21113.00,-64,11516784459,20200130,0,21113
20201207,21170.00,57,11546649477,20200130,0,21170
20201208,21474.00,304,11744520846,20200130,0,21474
20201209,21473.00,-1,11748183642,20200130,0,21473
20201210,21068.00,-405,11469440928,20200130,0,21068
20201211,21438.00,370,11687050925,20200130,0,21438
20201214,21415.00,-23,11661585925,20200130,0,21415
20201215,21661.00,246,11807932764,20200130,0,21661
20201216,22046.00,385,12045315797,20200130,0,22046
20201217,22158.00,112,12065348172,20200130,0,22158
20201218,22325.00,167,12179019841,20200130,0,22325
20201221,22511.00,186,12403463383,20200130,0,22511
20201222,22306.00,-205,12422480932,20200130,0,22306
20201223,22273.00,-33,12540221510,20200130,0,22273
20201224,22179.00,-94,12461160577,20200130,0,22179
20201225,21867.00,-312,12316009621,20200130,0,21867
20201228,21896.00,29,12397375542,20200130,0,21896
20201229,22288.00,392,12619427092,20200130,0,22288
20201230,22395.00,107,12659197423,20200130,0,22395
20210104,22578.00,183,12795041290,20200130,0,22578
20210105,22408.00,-170,12742329509,20200130,0,22408
20210106,22498.00,90,12847396332,20200130,0,22498
20210107,21945.00,-553,12609214098,20200130,0,21945
20210108,22689.00,744,13030406951,20200130,0,22689
20210112,22543.00,-146,12842610539,20200130,0,22543
20210113,22606.00,63,12863355485,20200130,0,22606
20210114,22893.00,287,13007795693,20200130,0,22893
20210115,22771.00,-122,12871377362,20200130,0,22771
20210118,22491.00,-280,12625330881,20200130,0,22491
20210119,22471.00,-20,12632134616,20200130,0,22471
20210120,23030.00,559,12946385266,20200130,0,23030
20210121,24055.00,1025,13454816267,20200130,0,24055
20210122,24069.00,14,13473363654,20200130,0,24069
20210125,24146.00,77,13543149288,20200130,0,24146
20210126,24336.00,190,13666700683,20200130,0,24336
20210127,24420.00,84,13873958815,20200130,0,24420
20210128,23721.00,-699,13452802290,20200130,0,23721
20210129,23894.00,173,13655863559,20200130,0,23894
20210201,23345.00,-549,13329258532,20210201,0,23345
20210202,24128.00,783,13785936675,20210201,0,24128
20210203,24543.00,415,14104432035,20210201,0,24543
20210204,24669.00,126,14276616617,20210201,0,24669
20210205,25114.00,445,14680304660,20210201,0,25114
20210208,25309.00,195,14874454145,20210201,0,25309
20210209,25464.00,155,15087254365,20210201,0,25464
20210210,25602.00,138,15373611338,20210201,0,25602
20210212,26197.00,595,15795407117,20210201,0,26197
20210215,26441.00,244,16039131129,20210201,0,26441
20210216,26534.00,93,16323839101,20210201,0,26534
20210217,26977.00,443,16596632267,20210201,0,26977
20210218,26471.00,-506,16845926881,20210201,0,26471
20210219,26182.00,-289,16783733884,20210201,0,26182
20210222,26438.00,256,17108014696,20210201,0,26438
20210224,25653.00,-785,16621242538,20210201,0,25653
20210225,25736.00,83,16755599406,20210201,0,25736
20210226,24925.00,-811,16157884504,20210201,0,24925
20210301,25009.00,84,16216896897,20210201,0,25009
20210302,25804.00,795,16482393230,20210201,0,25804
20210303,25291.00,-513,16225589942,20210201,0,25291
20210304,24392.00,-899,15710811146,20210201,0,24392
20210305,23931.00,-461,15495362356,20210201,0,23931
20210308,24231.00,300,15669338255,20210201,0,24231
20210309,23124.00,-1107,14878271390,20210201,0,23124
20210310,24566.00,1442,15845428586,20210201,0,24566
20210311,24220.00,-346,15559705017,20210201,0,24220
20210312,25188.00,968,16183003499,20210201,0,25188
20210315,24875.00,-313,16077622728,20210201,0,24875
20210316,25232.00,357,16415091387,20210201,0,25232
20210317,25201.00,-31,16508485748,20210201,0,25201
20210318,25538.00,337,16783661170,20210201,0,25538
20210319,24646.00,-892,16250156317,20210201,0,24646
20210322,24711.00,65,16333180474,20210201,0,24711
20210323,25023.00,312,16550483499,20210201,0,25023
20210324,24898.00,-125,16509737673,20210201,0,24898
20210325,24133.00,-765,16013494578,20210201,0,24133
20210326,23679.00,-454,15731960735,20210201,0,23679
20210329,23882.00,203,15881038062,20210201,0,23882
20210330,24146.00,264,16088871583,20210201,0,24146
20210331,24436.00,290,16309411612,20210201,0,24436
20210401,24872.00,436,16553701536,20210201,0,24872
20210402,25182.00,310,16771415680,20210201,0,25182
20210405,25175.00,-7,16872781679,20210201,0,25175
20210406,25610.00,435,17164509741,20210201,0,25610
20210407,25665.00,55,17332300409,20210201,0,25665
20210408,25809.00,144,17442152873,20210201,0,25809
20210409,26043.00,234,17628371653,20210201,0,26043
20210412,26152.00,109,17714795990,20210201,0,26152
20210413,26428.00,276,17973778671,20210201,0,26428
20210414,26712.00,284,18183663571,20210201,0,26712
20210415,26160.00,-552,17828302535,20210201,0,26160
20210416,26546.00,386,18173360257,20210201,0,26546
20210419,26438.00,-108,18171740677,20210201,0,26438
20210420,25975.00,-463,17939711827,20210201,0,25975
20210421,25677.00,-298,17834890071,20210201,0,25677
20210422,25743.00,66,17867872698,20210201,0,25743
20210423,25267.00,-476,17374458268,20210201,0,25267
20210426,25713.00,446,17713163834,20210201,0,25713
20210427,25915.00,202,17799778221,20210201,0,25915
20210428,25920.00,5,17839723467,20210201,0,25920
20210430,26096.00,176,17970547198,20210201,0,26096
20210506,24775.00,-1321,17079661706,20210201,0,24775
20210507,24840.00,65,17231461173,20210201,0,24840
20210510,24855.00,15,17388527497,20210201,0,24855
20210511,24007.00,-848,16826165604,20210201,0,24007
20210512,24073.00,66,16970198747,20210201,0,24073
20210513,23595.00,-478,16650091467,20210201,0,23595
20210514,23423.00,-172,16516495507,20210201,0,23423
20210517,24013.00,590,16875824651,20210201,0,24013
20210518,23974.00,-39,16854542614,20210201,0,23974
20210519,23797.00,-177,16800850644,20210201,0,23797
20210520,23831.00,34,16848922271,20210201,0,23831
20210521,24320.00,489,17223166455,20210201,0,24320
20210524,24150.00,-170,17076647357,20210201,0,24150
20210525,24666.00,516,17464639137,20210201,0,24666
20210526,24714.00,48,17518827642,20210201,0,24714
20210527,24958.00,244,17715283558,20210201,0,24958
20210528,25135.00,177,17866687784,20210201,0,25135
20210531,25166.00,31,17912047468,20210201,0,25166
20210601,25085.00,-81,17894979738,20210201,0,25085
20210602,25233.00,148,18000195108,20210201,0,25233
20210603,25216.00,-17,18105124431,20210201,0,25216
20210604,25006.00,-210,17919215954,20210201,0,25006
20210607,25367.00,361,18143347174,20210201,0,25367
20210608,25390.00,23,18152412649,20210201,0,25390
20210609,25340.00,-50,17973523040,20210201,0,25340
20210610,25309.00,-31,17880888725,20210201,0,25309
20210611,25466.00,157,17965308945,20210201,0,25466
20210614,25606.00,140,18063514619,20210201,0,25606
20210615,26019.00,413,18357130093,20210201,0,26019
20210616,25736.00,-283,18170205405,20210201,0,25736
20210617,25847.00,111,18228344076,20210201,0,25847
20210618,26205.00,358,18449761452,20210201,0,26205
20210621,26109.00,-96,18314863801,20210201,0,26109
20210622,26147.00,38,18331409784,20210201,0,26147
20210623,26642.00,495,18589012315,20210201,0,26642
20210624,27086.00,444,18909060348,20210201,0,27086
20210625,27397.00,311,19118262128,20210201,0,27397
20210628,27477.00,80,19171546917,20210201,0,27477
20210629,27900.00,423,19408330639,20210201,0,27900
20210630,27965.00,65,19562432480,20210201,0,27965
20210701,27930.00,-35,19670004238,20210201,0,27930
20210702,28061.00,131,19785746943,20210201,0,28061
20210705,28086.00,25,19899639822,20210201,0,28086
20210706,28011.00,-75,19942646124,20210201,0,28011
20210707,27897.00,-114,19861178244,20210201,0,27897
20210708,27676.00,-221,19886027725,20210201,0,27676
20210709,27104.00,-572,19485454846,20210201,0,27104
20210712,27549.00,445,19798121116,20210201,0,27549
20210713,27858.00,309,19932969231,20210201,0,27858
20210714,27923.00,65,20070591031,20210201,0,27923
20210715,27719.00,-204,19968426408,20210201,0,27719
20210716,27455.00,-264,19820268191,20210201,0,27455
20210719,26944.00,-511,19496930960,20210201,0,26944
20210720,26691.00,-253,19320799943,20210201,0,26691
20210721,27107.00,416,19564883233,20210201,0,27107
20210726,27741.00,634,20115252645,20210201,0,27741
20210727,27327.00,-414,19855187076,20210201,0,27327
20210728,26846.00,-481,19510202021,20210201,0,26846
20210729,27283.00,437,19764171459,20210201,0,27283
20210730,27250.00,-33,19706352051,20210201,0,27250
20210802,26989.00,-261,19523547548,20210201,0,26989
20210803,27060.00,71,19582001405,20210201,0,27060
20210804,26965.00,-95,19553343083,20210201,0,26965
20210805,27287.00,322,19738554456,20210201,0,27287
20210806,27558.00,271,19928900196,20210201,0,27558
20210810,27422.00,-136,19733351852,20210201,0,27422
20210811,27318.00,-104,19668528259,20210201,0,27318
20210812,27113.00,-205,19420140975,20210201,0,27113
20210813,27189.00,76,19472217891,20210201,0,27189
20210816,26870.00,-319,19187954958,20210201,0,26870
20210817,26534.00,-336,18922530157,20210201,0,26534
20210818,26097.00,-437,18530651239,20210201,0,26097
20210819,26056.00,-41,18215121077,20210201,0,26056
20210820,25959.00,-97,18118663689,20210201,0,25959
20210823,26240.00,281,18213747649,20210201,0,26240
20210824,26864.00,624,18653715990,20210201,0,26864
20210825,27240.00,376,18888326159,20210201,0,27240
20210826,27318.00,78,18924840316,20210201,0,27318
20210827,27079.00,-239,18744178769,20210201,0,27079
20210830,27296.00,217,18891826300,20210201,0,27296
20210831,27767.00,471,19214591439,20210201,0,27767
20210901,27939.00,172,19308317568,20210201,0,27939
20210902,28247.00,308,19435035485,20210201,0,28247
20210903,28070.00,-177,19299851918,20210201,0,28070
20210906,28150.00,80,19344768891,20210201,0,28150
20210907,28137.00,-13,19283893642,20210201,0,28137
20210908,28656.00,519,19639817604,20210201,0,28656
20210909,28306.00,-350,19340592264,20210201,0,28306
20210910,28056.00,-250,19052377475,20210201,0,28056
20210913,27888.00,-168,18925862176,20210201,0,27888
20210914,27730.00,-158,18833365160,20210201,0,27730
20210915,27478.00,-252,18651742405,20210201,0,27478
20210916,27621.00,143,18735808258,20210201,0,27621
20210917,27680.00,59,18801882973,20210201,0,27680
20210921,26615.00,-1065,18094004889,20210201,0,26615
20210922,26684.00,69,18205944256,20210201,0,26684
20210924,27611.00,927,18750536389,20210201,0,27611
20210927,27648.00,37,18783198869,20210201,0,27648
20210928,27679.00,31,18877542608,20210201,0,27679
20210929,27130.00,-549,18522374571,20210201,0,27130
20210930,26998.00,-132,18430597465,20210201,0,26998
20211001,26938.00,-60,18378749444,20210201,0,26938
20211004,26915.00,-23,18381023327,20210201,0,26915
20211005,26090.00,-825,17904548168,20210201,0,26090
20211006,26844.00,754,18424617470,20210201,0,26844
20211007,27008.00,164,18502898263,20210201,0,27008
20211008,27650.00,642,18924722567,20210201,0,27650
20211011,27911.00,261,19124307258,20210201,0,27911
20211012,28070.00,159,19258053747,20210201,0,28070
20211013,27924.00,-146,19162199228,20210201,0,27924
20211014,28214.00,290,19344932693,20210201,0,28214
20211015,28674.00,460,19644837283,20210201,0,28674
20211018,28956.00,282,19817718093,20210201,0,28956
20211019,29515.00,559,20188221860,20210201,0,29515
20211020,30100.00,585,20563201762,20210201,0,30100
20211021,29893.00,-207,20350442576,20210201,0,29893
20211022,30158.00,265,20510693514,20210201,0,30158
20211025,29682.00,-476,20120988753,20210201,0,29682
20211026,30177.00,495,20455086862,20210201,0,30177
20211027,30155.00,-22,20441483429,20210201,0,30155
20211028,29881.00,-274,20316867896,20210201,0,29881
20211029,30240.00,359,20591417105,20210201,0,30240
20211101,30397.00,157,20703442861,20210201,0,30397
20211102,30951.00,554,21107227121,20210201,0,30951
20211104,31109.00,158,21365096456,20210201,0,31109
20211105,31410.00,301,21621889553,20210201,0,31410
20211108,31108.00,-302,21429598981,20210201,0,31108
20211109,31057.00,-51,21464703964,20210201,0,31057
20211110,30431.00,-626,21206834589,20210201,0,30431
20211111,30442.00,11,21280964930,20210201,0,30442
20211112,30818.00,376,21564288280,20210201,0,30818
20211115,31056.00,238,21652914381,20210201,0,31056
20211116,31031.00,-25,21649920262,20210201,0,31031
20211117,31438.00,407,22015241951,20210201,0,31438
20211118,30960.00,-478,21726623282,20210201,0,30960
20211119,30987.00,27,21802193772,20210201,0,30987
20211122,31180.00,193,21992423607,20210201,0,31180
20211124,30697.00,-483,21709909480,20210201,0,30697
20211125,31031.00,334,21986850292,20210201,0,31031
20211126,30923.00,-108,21943007949,20210201,0,30923
20211129,30014.00,-909,21297901107,20210201,0,30014
20211130,30535.00,521,21690226962,20210201,0,30535
20211201,29942.00,-593,21240681471,20210201,0,29942
20211202,29061.00,-881,20689565593,20210201,0,29061
20211203,29133.00,72,20880300581,20210201,0,29133
20211206,28084.00,-1049,20160900172,20210201,0,28084
20211207,28835.00,751,20782286950,20210201,0,28835
20211208,29771.00,936,21440581589,20210201,0,29771
20211209,30023.00,252,21727869821,20210201,0,30023
20211210,29380.00,-643,21303638985,20210201,0,29380
20211213,29476.00,96,21363167464,20210201,0,29476
20211214,28717.00,-759,20813115499,20210201,0,28717
20211215,28665.00,-52,20790917719,20210201,0,28665
20211216,29313.00,648,21268376669,20210201,0,29313
20211217,28295.00,-1018,20579584614,20210201,0,28295
20211220,28152.00,-143,20541605669,20210201,0,28152
20211221,27653.00,-499,20214308670,20210201,0,27653
20211222,28701.00,1048,21033040834,20210201,0,28701
20211223,28990.00,289,21248399145,20210201,0,28990
20211224,29366.00,376,21561075071,20210201,0,29366
20211227,29344.00,-22,21547313170,20210201,0,29344
20211228,29860.00,516,21926313428,20210201,0,29860
20211229,29617.00,-243,21786739218,20210201,0,29617
20211230,29409.00,-208,21678716597,20210201,0,29409
20220104,30190.00,781,22256072368,20210201,0,30190
20220105,29880.00,-310,22033528676,20210201,0,29880
20220106,28856.00,-1024,21389797172,20210201,0,28856
20220107,29004.00,148,21487143037,20210201,0,29004
20220111,28707.00,-297,21239946837,20210201,0,28707
20220112,29145.00,438,21587812735,20210201,0,29145
20220113,29331.00,186,21718676409,20210201,0,29331
20220114,28105.00,-1226,20836629504,20210201,0,28105
20220117,28470.00,365,21128421710,20210201,0,28470
20220118,28524.00,54,21186843348,20210201,0,28524
20220119,27865.00,-659,20696894137,20210201,0,27865
20220120,27507.00,-358,20396452101,20210201,0,27507
20220121,27309.00,-198,20191765102,20210201,0,27309
20220124,25858.00,-1451,19100941320,20210201,0,25858
20220125,25655.00,-203,18881293984,20210201,0,25655
20220126,25060.00,-595,18363013043,20210201,0,25060
20220127,25171.00,111,18345008459,20210201,0,25171
20220128,24965.00,-206,18109174469,20210201,0,24965
20220131,25707.00,742,18634445881,20220131,0,25707
20220201,27140.00,1433,19643594415,20220131,0,27140
20220202,27338.00,198,19816404347,20220131,0,27338
20220203,27264.00,-74,19897113364,20220131,0,27264
20220204,25859.00,-1405,18947271199,20220131,0,25859
20220207,26474.00,615,19399698016,20220131,0,26474
20220208,25969.00,-505,19037306871,20220131,0,25969
20220209,26540.00,571,19479165757,20220131,0,26540
20220210,27198.00,658,19918228357,20220131,0,27198
20220214,25668.00,-1530,18780602658,20220131,0,25668
20220215,25811.00,143,18888789084,20220131,0,25811
20220216,26709.00,898,19472159867,20220131,0,26709
20220217,26615.00,-94,19413557511,20220131,0,26615
20220218,25667.00,-948,18743191485,20220131,0,25667
20220221,25122.00,-545,18352934810,20220131,0,25122
20220222,25062.00,-60,18311377936,20220131,0,25062
20220224,23769.00,-1293,17366034414,20220131,0,23769
20220225,24688.00,919,18004261841,20220131,0,24688
20220228,24960.00,272,18067968161,20220131,0,24960
20220301,25081.00,121,18185277183,20220131,0,25081
20220302,24932.00,-149,18148886027,20220131,0,24932
20220303,25243.00,311,18477569698,20220131,0,25243
20220304,24605.00,-638,18038145061,20220131,0,24605
20220307,24006.00,-599,17615114503,20220131,0,24006
20220308,23039.00,-967,16901319112,20220131,0,23039
20220309,23052.00,13,16879739962,20220131,0,23052
20220310,24108.00,1056,17529253786,20220131,0,24108
20220311,23668.00,-440,17200412812,20220131,0,23668
20220314,22920.00,-748,16665930226,20220131,0,22920
20220315,22151.00,-769,16099147488,20220131,0,22151
20220316,22874.00,723,16635034725,20220131,0,22874
20220317,25328.00,2454,18424543910,20220131,0,25328
20220318,25416.00,88,18554800394,20220131,0,25416
20220322,26397.00,981,19359618770,20220131,0,26397
20220323,27622.00,1225,20313605742,20220131,0,27622
20220324,27414.00,-208,20118249749,20220131,0,27414
20220325,28069.00,655,20641848719,20220131,0,28069
20220328,27966.00,-103,20555732715,20220131,0,27966
20220329,28992.00,1026,21306357127,20220131,0,28992
20220330,28995.00,3,21297553945,20220131,0,28995
20220331,28590.00,-405,20949175417,20220131,0,28590
20220401,27721.00,-869,20268129163,20220131,0,27721
20220404,27982.00,261,20408703114,20220131,0,27982
20220405,29175.00,1193,21348076252,20220131,0,29175
20220406,28525.00,-650,20826524897,20220131,0,28525
20220407,27485.00,-1040,20080379035,20220131,0,27485
20220408,27305.00,-180,19931143623,20220131,0,27305
20220411,27003.00,-302,19687363287,20220131,0,27003
20220412,26381.00,-622,19257396634,20220131,0,26381
20220413,26215.00,-166,19097836691,20220131,0,26215
20220414,26745.00,530,19466363505,20220131,0,26745
20220415,26062.00,-683,18943456363,20220131,0,26062
20220418,26125.00,63,18998004028,20220131,0,26125
20220419,26331.00,206,19148116242,20220131,0,26331
20220420,27243.00,912,19817308897,20220131,0,27243
20220421,25333.00,-1910,18409190204,20220131,0,25333
20220422,24698.00,-635,17948791326,20220131,0,24698
20220425,24234.00,-464,17572933823,20220131,0,24234
20220426,24226.00,-8,17599124785,20220131,0,24226
20220427,23026.00,-1200,16742783017,20220131,0,23026
20220428,23311.00,285,16960684362,20220131,0,23311
20220502,23921.00,610,17414455437,20220131,0,23921
20220506,23951.00,30,17469536403,20220131,0,23951
20220509,23515.00,-436,17260157587,20220131,0,23515
20220510,22085.00,-1430,16236482439,20220131,0,22085
20220511,22449.00,364,16529394187,20220131,0,22449
20220512,21421.00,-1028,15779586806,20220131,0,21421
20220513,21214.00,-207,15638569591,20220131,0,21214
20220516,22498.00,1284,16572339670,20220131,0,22498
20220517,22135.00,-363,16288928064,20220131,0,22135
20220518,22914.00,779,16870452142,20220131,0,22914
20220519,21511.00,-1403,15857663027,20220131,0,21511
20220520,21503.00,-8,15863656787,20220131,0,21503
20220523,21285.00,-218,15721163263,20220131,0,21285
20220524,21626.00,341,15995722362,20220131,0,21626
20220525,20493.00,-1133,15156376729,20220131,0,20493
20220526,20987.00,494,15522048645,20220131,0,20987
20220527,22118.00,1131,16295412986,20220131,0,22118
20220530,22811.00,693,16813077926,20220131,0,22811
20220531,23024.00,213,16998144503,20220131,0,23024
20220601,23318.00,294,17214663872,20220131,0,23318
20220602,23306.00,-12,17282378579,20220131,0,23306
20220603,24153.00,847,17990093685,20220131,0,24153
20220606,23424.00,-729,17456676414,20220131,0,23424
20220607,24072.00,648,17929142639,20220131,0,24072
20220608,24499.00,427,18233438407,20220131,0,24499
20220609,25246.00,747,18799426220,20220131,0,25246
20220610,24152.00,-1094,17926757291,20220131,0,24152
20220613,23429.00,-723,17384253360,20220131,0,23429
20220614,21766.00,-1663,16152223379,20220131,0,21766
20220615,22339.00,573,16506412485,20220131,0,22339
20220616,23036.00,697,17059511169,20220131,0,23036
20220617,21742.00,-1294,16111321956,20220131,0,21742
20220620,22392.00,650,16602704616,20220131,0,22392
20220621,22385.00,-7,16551965243,20220131,0,22385
20220622,23213.00,828,17164545240,20220131,0,23213
20220623,23127.00,-86,17043571987,20220131,0,23127
20220624,23403.00,276,17240509262,20220131,0,23403
20220627,24347.00,944,17930349289,20220131,0,24347
20220628,24375.00,28,18005907106,20220131,0,24375
20220629,23577.00,-798,17439287559,20220131,0,23577
20220630,23628.00,51,17472967534,20220131,0,23628
20220701,23048.00,-580,16984385158,20220131,0,23048
20220704,23085.00,37,17016745869,20220131,0,23085
20220705,23283.00,198,17229001083,20220131,0,23283
20220706,23904.00,621,17688101044,20220131,0,23904
20220707,23941.00,37,17705911944,20220131,0,23941
20220708,24678.00,737,18245160957,20220131,0,24678
20220711,24695.00,17,18269241644,20220131,0,24695
20220712,23710.00,-985,17546692728,20220131,0,23710
20220713,23435.00,-275,17340860172,20220131,0,23435
20220714,23666.00,231,17516968865,20220131,0,23666
20220715,23645.00,-21,17498965930,20220131,0,23645
20220719,23981.00,336,17748067516,20220131,0,23981
20220720,24777.00,796,18342542767,20220131,0,24777
20220721,25389.00,612,18795596630,20220131,0,25389
20220722,25759.00,370,19064844906,20220131,0,25759
20220725,24871.00,-888,18422876464,20220131,0,24871
20220726,24644.00,-227,18231098894,20220131,0,24644
20220727,24107.00,-537,17819508451,20220131,0,24107
20220728,25252.00,1145,18671245743,20220131,0,25252
20220729,24973.00,-279,18488302274,20220131,0,24973
20220801,24936.00,-37,18453063777,20220131,0,24936
20220802,24557.00,-379,18155865129,20220131,0,24557
20220803,25043.00,486,18576601144,20220131,0,25043
20220804,25781.00,738,19118453848,20220131,0,25781
20220805,25940.00,159,19230073346,20220131,0,25940
20220808,25854.00,-86,19154298332,20220131,0,25854
20220809,25627.00,-227,18929467764,20220131,0,25627
20220810,25419.00,-208,18738557812,20220131,0,25419
20220812,25827.00,408,19005830592,20220131,0,25827
20220815,26364.00,537,19406019110,20220131,0,26364
20220816,26554.00,190,19538137011,20220131,0,26554
20220817,26596.00,42,19564936362,20220131,0,26596
20220818,26290.00,-306,19299371021,20220131,0,26290
20220819,26612.00,322,19520769257,20220131,0,26612
20220822,26194.00,-418,19168899824,20220131,0,26194
20220823,25505.00,-689,18650204039,20220131,0,25505
20220824,25493.00,-12,18607016739,20220131,0,25493
20220825,25746.00,253,18759462150,20220131,0,25746
20220826,26492.00,746,19301068040,20220131,0,26492
20220829,25654.00,-838,18697811901,20220131,0,25654
20220830,25431.00,-223,18510284940,20220131,0,25431
20220831,24922.00,-509,18115732238,20220131,0,24922
20220901,25164.00,242,18300327553,20220131,0,25164
20220902,25262.00,98,18369613488,20220131,0,25262
20220905,24823.00,-439,18065347305,20220131,0,24823
20220906,24808.00,-15,18059714743,20220131,0,24808
20220907,24932.00,124,18149887052,20220131,0,24932
20220908,25777.00,845,18744501872,20220131,0,25777
20220909,25675.00,-102,18630435682,20220131,0,25675
20220912,26194.00,519,19018392626,20220131,0,26194
20220913,26530.00,336,19246500115,20220131,0,26530
20220914,25127.00,-1403,18194685997,20220131,0,25127
20220915,25125.00,-2,18153861230,20220131,0,25125
20220916,24949.00,-176,18014285109,20220131,0,24949
20220920,25133.00,184,18151399458,20220131,0,25133
20220921,24997.00,-136,18047066409,20220131,0,24997
20220922,24493.00,-504,17680407847,20220131,0,24493
20220926,23646.00,-847,17063998986,20220131,0,23646
20220927,23615.00,-31,17022474548,20220131,0,23615
20220928,23654.00,39,17063932391,20220131,0,23654
20220929,24315.00,661,17554229186,20220131,0,24315
20220930,23568.00,-747,17010093524,20220131,0,23568
20221003,23305.00,-263,16826647292,20220131,0,23305
20221004,23582.00,277,17028061309,20220131,0,23582
20221005,24185.00,603,17514319956,20220131,0,24185
20221006,24184.00,-1,17500095129,20220131,0,24184
20221007,24158.00,-26,17488318298,20220131,0,24158
20221011,22904.00,-1254,16578272673,20220131,0,22904
20221012,22293.00,-611,16142951806,20220131,0,22293
20221013,22450.00,157,16268028671,20220131,0,22450
20221014,22995.00,545,16689646902,20220131,0,22995
20221017,22285.00,-710,16178820171,20220131,0,22285
20221018,23406.00,1121,17003527283,20220131,0,23406
20221019,23514.00,108,17104710828,20220131,0,23514
20221020,23605.00,91,17177935271,20220131,0,23605
20221021,23500.00,-105,17113109655,20220131,0,23500
20221024,23827.00,327,17358200180,20220131,0,23827
20221025,23373.00,-454,17031288729,20220131,0,23373
20221026,23879.00,506,17396924608,20220131,0,23879
20221027,23059.00,-820,16803719072,20220131,0,23059
20221028,22204.00,-855,16184199188,20220131,0,22204
20221031,22723.00,519,16581933774,20220131,0,22723
20221101,22389.00,-334,16344022506,20220131,0,22389
20221102,22006.00,-383,16062733999,20220131,0,22006
20221104,20985.00,-1021,15365920178,20220131,0,20985
20221107,21282.00,297,15591525810,20220131,0,21282
20221108,21339.00,57,15652264680,20220131,0,21339
20221109,21264.00,-75,15625260386,20220131,0,21264
20221110,20617.00,-647,15158675486,20220131,0,20617
20221111,21852.00,1235,16043933034,20220131,0,21852
20221114,22140.00,288,16265770615,20220131,0,22140
20221115,22248.00,108,16361985925,20220131,0,22248
20221116,22857.00,609,16813593378,20220131,0,22857
20221117,22374.00,-483,16459220232,20220131,0,22374
20221118,22527.00,153,16597823602,20220131,0,22527
20221121,22190.00,-337,16359748194,20220131,0,22190
20221122,22030.00,-160,16241062805,20220131,0,22030
20221124,22327.00,297,16455405278,20220131,0,22327
20221125,22303.00,-24,16438954306,20220131,0,22303
20221128,21939.00,-364,16170381208,20220131,0,21939
20221129,21636.00,-303,15933136008,20220131,0,21636
20221130,21682.00,46,15975656282,20220131,0,21682
20221201,22974.00,1292,16920185672,20220131,0,22974
20221202,22849.00,-125,16823951376,20220131,0,22849
20221205,22904.00,55,16898277482,20220131,0,22904
20221206,22900.00,-4,16896018444,20220131,0,22900
20221207,22504.00,-396,16594233001,20220131,0,22504
20221208,22168.00,-336,16338110607,20220131,0,22168
20221209,22787.00,619,16798833141,20220131,0,22787
20221212,22718.00,-69,16710295732,20220131,0,22718
20221213,22862.00,144,16803014829,20220131,0,22862
20221214,22904.00,42,16840155605,20220131,0,22904
20221215,22722.00,-182,16703178824,20220131,0,22722
20221216,22034.00,-688,16174817525,20220131,0,22034
20221219,21616.00,-418,15883658433,20220131,0,21616
20221220,20919.00,-697,15370866884,20220131,0,20919
20221221,20435.00,-484,15012416259,20220131,0,20435
20221222,20968.00,533,15376768653,20220131,0,20968
20221223,20239.00,-729,14843127175,20220131,0,20239
20221226,20182.00,-57,14807193672,20220131,0,20182
20221227,20320.00,138,14894171404,20220131,0,20320
20221228,19798.00,-522,14511645324,20220131,0,19798
20221229,19638.00,-160,14406382106,20220131,0,19638
20221230,20164.00,526,14792729128,20220131,0,20164
20230104,19632.00,-532,14406304539,20220131,0,19632
20230105,19920.00,288,14620096901,20220131,0,19920
20230106,19661.00,-259,14461712268,20220131,0,19661
20230110,20378.00,717,14997070426,20220131,0,20378
20230111,20807.00,429,15314184980,20220131,0,20807
20230112,21169.00,362,15590648888,20220131,0,21169
20230113,20994.00,-175,15519361825,20220131,0,20994
20230116,20930.00,-64,15470493847,20220131,0,20930
20230117,21018.00,88,15535660560,20220131,0,21018
20230118,21639.00,621,15995230509,20220131,0,21639
20230119,20920.00,-719,15456251270,20220131,0,20920
20230120,20655.00,-265,15256965133,20220131,0,20655
20230123,21723.00,1068,16047642162,20220131,0,21723
20230124,22793.00,1070,16842342930,20220131,0,22793
20230125,22659.00,-134,16740774951,20220131,0,22659
20230126,22404.00,-255,16547843430,20220131,0,22404
20230127,23137.00,733,17098079732,20220131,0,23137
20230130,23846.00,709,17619522317,20230130,0,23846
20230131,23098.00,-748,17074812208,20230130,0,23098
20230201,23475.00,377,17346760807,20230130,0,23475
20230202,24195.00,720,17870255539,20230130,0,24195
20230203,25918.00,1723,19192490768,20230130,0,25918
20230206,25968.00,50,19221780708,20230130,0,25968
20230207,25745.00,-223,19023994828,20230130,0,25745
20230208,26050.00,305,19130616461,20230130,0,26050
20230209,25783.00,-267,18848642880,20230130,0,25783
20230210,25586.00,-197,18701316134,20230130,0,25586
20230213,24987.00,-599,18263847593,20230130,0,24987
20230214,25579.00,592,18674021898,20230130,0,25579
20230215,26262.00,683,19149806061,20230130,0,26262
20230216,26685.00,423,19446087339,20230130,0,26685
20230217,25776.00,-909,18760065871,20230130,0,25776
20230220,25473.00,-303,18534074033,20230130,0,25473
20230221,25448.00,-25,18471591627,20230130,0,25448
20230222,24882.00,-566,18060428721,20230130,0,24882
20230224,25267.00,385,18263637780,20230130,0,25267
20230227,25137.00,-130,18157969474,20230130,0,25137
20230228,25527.00,390,18439371188,20230130,0,25527
20230301,25565.00,38,18466331369,20230130,0,25565
20230302,25201.00,-364,18195690483,20230130,0,25201
20230303,25086.00,-115,18149074868,20230130,0,25086
20230306,25706.00,620,18586409078,20230130,0,25706
20230307,25667.00,-39,18566390906,20230130,0,25667
20230308,25682.00,15,18572059015,20230130,0,25682
20230309,25846.00,164,18674736090,20230130,0,25846
20230310,24975.00,-871,18038218040,20230130,0,24975
20230313,24280.00,-695,17486044221,20230130,0,24280
20230314,24323.00,43,17513533311,20230130,0,24323
20230315,25527.00,1204,18360938163,20230130,0,25527
20230316,25584.00,57,18393872337,20230130,0,25584
20230317,26565.00,981,19112993142,20230130,0,26565
20230320,26152.00,-413,18798893838,20230130,0,26152
20230322,26723.00,571,19200607278,20230130,0,26723
20230323,26020.00,-703,18628614508,20230130,0,26020
20230324,26622.00,602,19024503217,20230130,0,26622
20230327,26532.00,-90,18957471960,20230130,0,26532
20230328,26263.00,-269,18764140658,20230130,0,26263
20230329,26136.00,-127,18665332956,20230130,0,26136
20230330,26930.00,794,19229379835,20230130,0,26930
20230331,27507.00,577,19640536867,20230130,0,27507
20230403,28174.00,667,20111794136,20230130,0,28174
20230404,27824.00,-350,19837645143,20230130,0,27824
20230405,27648.00,-176,19674332604,20230130,0,27648
20230406,26940.00,-708,19080315521,20230130,0,26940
20230407,27300.00,360,19303549629,20230130,0,27300
20230410,27472.00,172,19391579923,20230130,0,27472
20230411,27688.00,216,19543619812,20230130,0,27688
20230412,27348.00,-340,19330047159,20230130,0,27348
20230413,26915.00,-433,19001914165,20230130,0,26915
20230414,27421.00,506,19329534949,20230130,0,27421
20230417,27659.00,238,19464089746,20230130,0,27659
20230418,27707.00,48,19490350407,20230130,0,27707
20230419,27639.00,-68,19435083743,20230130,0,27639
20230420,27701.00,62,19462630756,20230130,0,27701
20230421,27170.00,-531,19054989460,20230130,0,27170
20230424,27233.00,63,19097410781,20230130,0,27233
20230425,27128.00,-105,19015160451,20230130,0,27128
20230426,26305.00,-823,18423135842,20230130,0,26305
20230427,26807.00,502,18759782154,20230130,0,26807
20230428,27905.00,1098,19510796542,20230130,0,27905
20230501,28606.00,701,20009399980,20230130,0,28606
20230502,28729.00,123,20096693826,20230130,0,28729
20230508,28453.00,-276,19900076859,20230130,0,28453
20230509,28957.00,504,20194382297,20230130,0,28957
20230510,28855.00,-102,20130196784,20230130,0,28855
20230511,29198.00,343,20368485458,20230130,0,29198
20230512,29558.00,360,20641845922,20230130,0,29558
20230515,29557.00,-1,20632149170,20230130,0,29557
20230516,29775.00,218,20830633284,20230130,0,29775
20230517,30159.00,384,21117353173,20230130,0,30159
20230518,30967.00,808,21666443020,20230130,0,30967
20230519,32220.00,1253,22541163368,20230130,0,32220
20230522,31734.00,-486,22212303365,20230130,0,31734
20230523,32179.00,445,22506446401,20230130,0,32179
20230524,31796.00,-383,22223186975,20230130,0,31796
20230525,32093.00,297,22432768375,20230130,0,32093
20230526,32979.00,886,22975036422,20230130,0,32979
20230529,34257.00,1278,23878677745,20230130,0,34257
20230530,34135.00,-122,23861978944,20230130,0,34135
20230531,34537.00,402,24143616501,20230130,0,34537
20230601,34070.00,-467,24085672179,20230130,0,34070
20230602,34710.00,640,24537475878,20230130,0,34710
20230605,35245.00,535,25009471705,20230130,0,35245
20230606,35324.00,79,25161997674,20230130,0,35324
20230607,35496.00,172,25422204610,20230130,0,35496
20230608,34584.00,-912,24827742414,20230130,0,34584
20230609,35073.00,489,25254656797,20230130,0,35073
20230612,35457.00,384,25516359576,20230130,0,35457
20230613,36180.00,723,26146239529,20230130,0,36180
20230614,36599.00,419,26689669591,20230130,0,36599
20230615,37207.00,608,27271620510,20230130,0,37207
20230616,37593.00,386,27684566346,20230130,0,37593
20230619,37548.00,-45,27875067940,20230130,0,37548
20230620,37617.00,69,28112325507,20230130,0,37617
20230621,37643.00,26,28131772107,20230130,0,37643
20230622,36818.00,-825,27837651736,20230130,0,36818
20230623,37668.00,850,28829087339,20230130,0,37668
20230626,37489.00,-179,28761574157,20230130,0,37489
20230627,36407.00,-1082,27870879861,20230130,0,36407
20230628,37260.00,853,28498605844,20230130,0,37260
20230629,37721.00,461,28710876875,20230130,0,37721
20230630,37604.00,-117,28673525372,20230130,0,37604
20230703,38186.00,582,29306854238,20230130,0,38186
20230704,38492.00,306,29645488801,20230130,0,38492
20230705,38492.00,0,29920313286,20230130,0,38492
20230706,38538.00,46,29956151604,20230130,0,38538
20230707,38171.00,-367,30013217121,20230130,0,38171
20230710,37633.00,-538,29706132030,20230130,0,37633
20230711,37047.00,-586,29302040522,20230130,0,37047
20230712,36750.00,-297,29149965028,20230130,0,36750
20230713,37060.00,310,29412847931,20230130,0,37060
20230714,37883.00,823,30078354807,20230130,0,37883
20230718,38443.00,560,30674187421,20230130,0,38443
20230719,39009.00,566,31265365361,20230130,0,39009
20230720,39106.00,97,31627092785,20230130,0,39106
20230721,37412.00,-1694,30418224950,20230130,0,37412
20230724,37507.00,95,30570453165,20230130,0,37507
20230725,37577.00,70,30684214311,20230130,0,37577
20230726,37799.00,222,31034577690,20230130,0,37799
20230727,37353.00,-446,30717950849,20230130,0,37353
20230728,37046.00,-307,30593649094,20230130,0,37046
20230731,38489.00,1443,31900806454,20230130,0,38489
20230801,39058.00,569,32464253376,20230130,0,39058
20230802,39175.00,117,32645893260,20230130,0,39175
20230803,37887.00,-1288,31697153541,20230130,0,37887
20230804,37850.00,-37,31456670528,20230130,0,37850
20230807,37766.00,-84,31444765892,20230130,0,37766
20230808,38491.00,725,32152957741,20230130,0,38491
20230809,38008.00,-483,31833324581,20230130,0,38008
20230810,37334.00,-674,31288463071,20230130,0,37334
20230814,37263.00,-71,31216275930,20230130,0,37263
20230815,38035.00,772,31882350155,20230130,0,38035
20230816,37626.00,-409,31470949782,20230130,0,37626
20230817,37191.00,-435,31075859085,20230130,0,37191
20230818,36415.00,-776,30439752019,20230130,0,36415
20230821,36195.00,-220,30295721636,20230130,0,36195
20230822,37462.00,1267,31231443851,20230130,0,37462
20230823,37226.00,-236,31108801562,20230130,0,37226
20230824,37858.00,632,31682650574,20230130,0,37858
20230825,37051.00,-807,31043832595,20230130,0,37051
20230828,37466.00,415,31568424744,20230130,0,37466
20230829,37625.00,159,31764797170,20230130,0,37625
20230830,38665.00,1040,32718360927,20230130,0,38665
20230831,38932.00,267,32940103849,20230130,0,38932
20230901,38932.00,0,33082962919,20230130,0,38932
20230904,39010.00,78,33194749688,20230130,0,39010
20230905,39086.00,76,33395315892,20230130,0,39086
20230906,39874.00,788,34068105768,20230130,0,39874
20230907,39311.00,-563,33627504240,20230130,0,39311
20230908,38875.00,-436,33296603192,20230130,0,38875
20230911,38968.00,93,33366731823,20230130,0,38968
20230912,39704.00,736,34050567391,20230130,0,39704
20230913,39256.00,-448,33761249609,20230130,0,39256
20230914,39364.00,108,33927523842,20230130,0,39364
20230915,39578.00,214,34184574548,20230130,0,39578
20230919,38705.00,-873,33521005850,20230130,0,38705
20230920,38668.00,-37,33540983269,20230130,0,38668
20230921,38034.00,-634,33090797977,20230130,0,38034
20230922,36924.00,-1110,32206870429,20230130,0,36924
20230925,37116.00,192,32408341847,20230130,0,37116
20230926,37525.00,409,32723765488,20230130,0,37525
20230927,36886.00,-639,32208335480,20230130,0,36886
20230928,37034.00,148,32408279818,20230130,0,37034
20230929,37452.00,418,32852779885,20230130,0,37452
20231002,37616.00,164,33054774569,20230130,0,37616
20231003,38166.00,550,33631339639,20230130,0,38166
20231004,37250.00,-916,33069526997,20230130,0,37250
20231005,37822.00,572,33639372607,20230130,0,37822
20231006,37737.00,-85,33582397170,20230130,0,37737
20231010,38845.00,1108,34647466038,20230130,0,38845
20231011,38924.00,79,34737406965,20230130,0,38924
20231012,39467.00,543,35378409685,20230130,0,39467
20231013,39535.00,68,35502894351,20230130,0,39535
20231016,38650.00,-885,34811982548,20230130,0,38650
20231017,39270.00,620,35410551693,20230130,0,39270
20231018,38943.00,-327,35117742576,20230130,0,38943
20231019,38101.00,-842,34416038228,20230130,0,38101
20231020,38186.00,85,34590968945,20230130,0,38186
20231023,37451.00,-735,33985558309,20230130,0,37451
20231024,37845.00,394,34407896482,20230130,0,37845
20231025,38372.00,527,34935197150,20230130,0,38372
20231026,37149.00,-1223,33918202530,20230130,0,37149
20231027,36184.00,-965,33137751963,20230130,0,36184
20231030,36539.00,355,33521544345,20230130,0,36539
20231031,36931.00,392,33999973318,20230130,0,36931
20231101,37474.00,543,34638758125,20230130,0,37474
20231102,38071.00,597,35291723351,20230130,0,38071
20231106,38966.00,895,36298397051,20230130,0,38966
20231107,39191.00,225,36713030769,20230130,0,39191
20231108,40101.00,910,37848188972,20230130,0,40101
20231109,40398.00,297,38109712748,20230130,0,40398
20231110,40156.00,-242,37925224683,20230130,0,40156
20231113,41321.00,1165,38988998745,20230130,0,41321
20231114,41270.00,-51,38943285366,20230130,0,41270
20231115,41927.00,657,39654586715,20230130,0,41927
20231116,42124.00,197,39972255877,20230130,0,42124
20231117,41995.00,-129,40298439119,20230130,0,41995
20231120,41810.00,-185,40304909015,20230130,0,41810
20231121,41958.00,148,40790713410,20230130,0,41958
20231122,41834.00,-124,40953875692,20230130,0,41834
20231124,42275.00,441,41536224828,20230130,0,42275
20231127,42147.00,-128,41579702886,20230130,0,42147
20231128,41637.00,-510,41288049323,20230130,0,41637
20231129,41543.00,-94,41612961003,20230130,0,41543
20231130,41379.00,-164,41527948181,20230130,0,41379
20231201,41493.00,114,41767099543,20230130,0,41493
20231204,40912.00,-581,41323664326,20230130,0,40912
20231205,40583.00,-329,41287857986,20230130,0,40583
20231206,40871.00,288,41650518275,20230130,0,40871
20231207,40432.00,-439,41206803376,20230130,0,40432
20231208,40125.00,-307,40952823611,20230130,0,40125
20231211,41121.00,996,42008527590,20230130,0,41121
20231212,41345.00,224,42335746877,20230130,0,41345
20231213,41760.00,415,43060103105,20230130,0,41760
20231214,41344.00,-416,42764320621,20230130,0,41344
20231215,41445.00,101,43011715672,20230130,0,41445
20231218,41664.00,219,43403901575,20230130,0,41664
20231219,42390.00,726,44280506391,20230130,0,42390
20231220,43023.00,633,45049227471,20230130,0,43023
20231221,42212.00,-811,44212578373,20230130,0,42212
20231222,42415.00,203,45226595667,20230130,0,42415
20231225,42246.00,-169,45168599847,20230130,0,42246
20231226,42259.00,13,45437316808,20230130,0,42259
20231227,42667.00,408,45875511121,20230130,0,42667
20231228,42457.00,-210,46646239456,20230130,0,42457
20231229,42372.00,-85,46912502548,20230130,0,42372
20240104,41046.00,-1326,45844530845,20230130,0,41046
20240105,41284.00,238,46598829284,20230130,0,41284
20240109,42345.00,1061,52296649246,20230130,0,42345
20240110,42669.00,324,53763741829,20230130,0,42669
20240111,43381.00,712,56609747811,20230130,0,43381
20240112,43398.00,17,57805626475,20230130,0,43398
20240115,43243.00,-155,58783902698,20230130,0,43243
20240116,43458.00,215,60017859935,20230130,0,43458
20240117,43779.00,321,60460609550,20230130,0,43779
20240118,43769.00,-10,62900639183,20230130,0,43769
20240119,44335.00,566,64469956520,20230130,0,44335
20240122,45301.00,966,66666546077,20230130,0,45301
20240123,45407.00,106,67605496452,20230130,0,45407
20240124,45829.00,422,70790083204,20230130,0,45829
20240125,46551.00,722,73418717556,20230130,0,46551
20240126,46359.00,-192,74692543633,20230130,0,46359
20240129,46400.00,41,76289289922,20230130,0,46400
20240130,46887.00,487,78565798204,20240130,0,46887
20240131,46520.00,-367,80109430874,20240130,0,46520
20240201,44978.00,-1542,78639408341,20240130,0,44978
20240202,45561.00,583,80893675100,20240130,0,45561
20240205,48507.00,2946,88924155152,20240130,0,48507
20240206,48400.00,-107,90289468816,20240130,0,48400
20240207,47889.00,-511,91433537791,20240130,0,47889
20240208,48829.00,940,94420413456,20240130,0,48829
20240209,49418.00,589,96954763213,20240130,0,49418
20240213,49836.00,418,99899654209,20240130,0,49836
20240214,49544.00,-292,100797902732,20240130,0,49544
20240215,50473.00,929,107573553825,20240130,0,50473
20240216,50506.00,33,109504823355,20240130,0,50506
20240219,49922.00,-584,110450528943,20240130,0,49922
20240220,50039.00,117,112778308896,20240130,0,50039
20240221,49079.00,-960,110614344611,20240130,0,49079
20240222,49007.00,-72,115011867954,20240130,0,49007
20240226,51116.00,2109,121365054017,20240130,0,51116
20240227,51185.00,69,123781359273,20240130,0,51185
20240228,51356.00,171,127401848051,20240130,0,51356
20240229,51039.00,-317,127840967082,20240130,0,51039
20240301,50531.00,-508,127886262232,20240130,0,50531
20240304,51413.00,882,131994192323,20240130,0,51413
20240305,51014.00,-399,134274391049,20240130,0,51014
20240306,49724.00,-1290,134183106768,20240130,0,49724
20240307,49546.00,-178,135216626277,20240130,0,49546
20240308,50375.00,829,138353285618,20240130,0,50375
20240311,48877.00,-1498,135004615103,20240130,0,48877
20240312,48391.00,-486,134654577937,20240130,0,48391
20240313,49674.00,1283,138982649691,20240130,0,49674
20240314,49341.00,-333,138557807356,20240130,0,49341
20240315,49513.00,172,139502905751,20240130,0,49513
20240318,49137.00,-376,138678440882,20240130,0,49137
20240319,49955.00,818,141305060154,20240130,0,49955
20240321,51549.00,1594,146264949729,20240130,0,51549
20240322,51716.00,167,147073319054,20240130,0,51716
20240325,52015.00,299,148612218734,20240130,0,52015
20240326,51851.00,-164,148385256991,20240130,0,51851
20240327,51738.00,-113,149230182875,20240130,0,51738
20240328,51668.00,-70,149736006435,20240130,0,51668
20240329,51414.00,-254,149784485712,20240130,0,51414
20240401,51418.00,4,150368129198,20240130,0,51418
20240402,51879.00,461,151715935760,20240130,0,51879
20240403,51276.00,-603,152373175575,20240130,0,51276
20240404,51654.00,378,154389412087,20240130,0,51654
20240405,50727.00,-927,151988630973,20240130,0,50727
20240408,51753.00,1026,155467767258,20240130,0,51753
20240409,51920.00,167,156463472934,20240130,0,51920
20240410,51918.00,-2,157532379549,20240130,0,51918
20240411,52069.00,151,158363826523,20240130,0,52069
20240412,53428.00,1359,162944095483,20240130,0,53428
20240415,52785.00,-643,161359259314,20240130,0,52785
20240416,51706.00,-1079,158343859795,20240130,0,51706
20240417,51765.00,59,159445510513,20240130,0,51765
20240418,50990.00,-775,157697316942,20240130,0,50990
20240419,50735.00,-255,157387318086,20240130,0,50735
20240422,48842.00,-1893,151896199039,20240130,0,48842
20240423,49237.00,395,153000658875,20240130,0,49237
20240424,50313.00,1076,156204226954,20240130,0,50313
20240425,50870.00,557,158645302632,20240130,0,50870
20240426,50669.00,-201,159111117678,20240130,0,50669
20240430,53018.00,2349,167086892475,20240130,0,53018
20240501,52068.00,-950,164376478874,20240130,0,52068
20240502,51262.00,-806,162713456387,20240130,0,51262
20240507,53457.00,2195,172245338640,20240130,0,53457
20240508,53461.00,4,172997320215,20240130,0,53461
20240509,53652.00,191,175124435846,20240130,0,53652
20240510,53543.00,-109,175722937008,20240130,0,53543
20240513,53629.00,86,176432948990,20240130,0,53629
20240514,54036.00,407,178186824165,20240130,0,54036
20240515,54684.00,648,181090065460,20240130,0,54684
20240516,54496.00,-188,180813390683,20240130,0,54496
20240517,54865.00,369,182852349594,20240130,0,54865
20240520,54948.00,83,184146197166,20240130,0,54948
20240521,55611.00,663,187088289244,20240130,0,55611
20240522,55969.00,358,189918933625,20240130,0,55969
20240523,55800.00,-169,190197909578,20240130,0,55800
20240524,55524.00,-276,190338352936,20240130,0,55524
20240527,56258.00,734,193835868621,20240130,0,56258
20240528,56281.00,23,194810439222,20240130,0,56281
20240529,56775.00,494,196518597239,20240130,0,56775
20240530,56677.00,-98,198173722184,20240130,0,56677
20240531,55340.00,-1337,194300263452,20240130,0,55340
20240603,55024.00,-316,194034583964,20240130,0,55024
20240604,55187.00,163,195601803890,20240130,0,55187
20240605,54913.00,-274,198664561775,20240130,0,54913
20240606,56299.00,1386,204500499073,20240130,0,56299
20240607,56289.00,-10,205292840880,20240130,0,56289
20240610,56584.00,295,206685562316,20240130,0,56584
20240611,56806.00,222,207776831297,20240130,0,56806
20240612,57396.00,590,211583983942,20240130,0,57396
20240613,58282.00,886,215330221166,20240130,0,58282
20240614,59304.00,1022,219748642337,20240130,0,59304
20240617,59807.00,503,222344605775,20240130,0,59807
20240618,60944.00,1137,227607185784,20240130,0,60944
20240619,60796.00,-148,227831630902,20240130,0,60796
20240620,60872.00,76,229457658513,20240130,0,60872
20240621,60487.00,-385,228004745213,20240130,0,60487
20240624,60473.00,-14,230558432574,20240130,0,60473
20240625,59363.00,-1110,227271635586,20240130,0,59363
20240626,60331.00,968,231899076876,20240130,0,60331
20240627,61752.00,1421,238047531203,20240130,0,61752
20240628,62366.00,614,241479881848,20240130,0,62366
20240701,61815.00,-551,240182152096,20240130,0,61815
20240702,63401.00,1586,247709603097,20240130,0,63401
20240703,64431.00,1030,256877730251,20240130,0,64431
20240704,65462.00,1031,262875997407,20240130,0,65462
20240705,65339.00,-123,264752375534,20240130,0,65339
20240708,66061.00,722,267681832761,20240130,0,66061
20240709,66147.00,86,272998146181,20240130,0,66147
20240710,66543.00,396,279140196190,20240130,0,66543
20240711,67148.00,605,284649270632,20240130,0,67148
20240712,63739.00,-3409,272663300760,20240130,0,63739
20240716,63677.00,-62,274770853145,20240130,0,63677
20240717,63594.00,-83,276684439414,20240130,0,63594
20240718,60472.00,-3122,266480749903,20240130,0,60472
20240719,60868.00,396,268820455603,20240130,0,60868
20240722,60173.00,-695,264886772720,20240130,0,60173
20240723,61137.00,964,269375763334,20240130,0,61137
20240724,60903.00,-234,269050318037,20240130,0,60903
20240725,56620.00,-4283,250841458441,20240130,0,56620
20240726,56578.00,-42,250985422746,20240130,0,56578
20240729,56807.00,229,250493032725,20240130,0,56807
20240730,57330.00,523,252888747466,20240130,0,57330
20240731,55710.00,-1620,246498292222,20240130,0,55710
20240801,56561.00,851,250757597806,20240130,0,56561
20240802,55005.00,-1556,244111018488,20240130,0,55005
20240805,51975.00,-3030,233231104844,20240130,0,51975
20240806,49755.00,-2220,222373670594,20240130,0,49755
20240807,51123.00,1368,222564672694,20240130,0,51123
20240808,50171.00,-952,217744718518,20240130,0,50171
20240809,52456.00,2285,228459018445,20240130,0,52456
20240813,52918.00,462,232003837172,20240130,0,52918
20240814,54484.00,1566,239822916275,20240130,0,54484
20240815,54537.00,53,241909110401,20240130,0,54537
20240816,56571.00,2034,252381108681,20240130,0,56571
20240819,56293.00,-278,252922853498,20240130,0,56293
20240820,56691.00,398,256076289327,20240130,0,56691
20240821,56313.00,-378,255917345750,20240130,0,56313
20240822,56548.00,235,257489266483,20240130,0,56548
20240823,54878.00,-1670,250119490144,20240130,0,54878
20240826,54624.00,-254,249012601332,20240130,0,54624
20240827,54546.00,-78,248832257049,20240130,0,54546
20240828,54169.00,-377,247463853755,20240130,0,54169
20240829,53453.00,-716,244352045780,20240130,0,53453
20240830,53522.00,69,244709238128,20240130,0,53522
20240902,54929.00,1407,251090998278,20240130,0,54929
20240903,55274.00,345,252658175301,20240130,0,55274
20240904,52728.00,-2546,241021133581,20240130,0,52728
20240905,52268.00,-460,242076637891,20240130,0,52268
20240906,52696.00,428,243846771278,20240130,0,52696
20240909,50321.00,-2375,233079337993,20240130,0,50321
20240910,51307.00,986,237720388936,20240130,0,51307
20240911,51587.00,280,240205371533,20240130,0,51587
20240912,53183.00,1596,247944904697,20240130,0,53183
20240913,53486.00,303,249548236284,20240130,0,53486
20240917,53082.00,-404,247930716409,20240130,0,53082
20240918,53558.00,476,250362157970,20240130,0,53558
20240919,54082.00,524,253338001577,20240130,0,54082
20240920,55511.00,1429,260226909421,20240130,0,55511
20240924,55978.00,467,262552900366,20240130,0,55978
20240925,56100.00,122,263763501283,20240130,0,56100
20240926,56489.00,389,266052771972,20240130,0,56489
20240927,56765.00,276,267702325797,20240130,0,56765
20240930,55306.00,-1459,261032646036,20240130,0,55306
20241001,56040.00,734,264964254165,20240130,0,56040
20241002,55056.00,-984,260551112560,20240130,0,55056
20241003,56580.00,1524,270220129588,20240130,0,56580
20241004,56749.00,169,271419235917,20240130,0,56749
20241007,58472.00,1723,280286896780,20240130,0,58472
20241008,57365.00,-1107,275105120455,20240130,0,57365
20241009,58694.00,1329,281682500295,20240130,0,58694
20241010,59674.00,980,287548554251,20240130,0,59674
20241011,59810.00,136,288558918534,20240130,0,59810
20241015,60338.00,528,291368722193,20240130,0,60338
20241016,59349.00,-989,286858618846,20240130,0,59349
20241017,59491.00,142,288538734267,20240130,0,59491
20241018,59826.00,335,290508496851,20240130,0,59826
20241021,60329.00,503,293296541384,20240130,0,60329
20241022,61233.00,904,298041218390,20240130,0,61233
20241023,61600.00,367,300379538957,20240130,0,61600
20241024,60774.00,-826,296490955218,20240130,0,60774
20241025,61039.00,265,297946087033,20240130,0,61039
20241028,61814.00,775,301471479652,20240130,0,61814
20241029,61603.00,-211,300859814798,20240130,0,61603
20241030,62813.00,1210,307610910127,20240130,0,62813
20241031,62744.00,-69,308029875482,20240130,0,62744
20241101,60182.00,-2562,296133161696,20240130,0,60182
20241105,60701.00,519,299214438601,20240130,0,60701
20241106,61952.00,1251,308514492306,20240130,0,61952
20241107,64296.00,2344,322798061428,20240130,0,64296
20241108,65135.00,839,327701613819,20240130,0,65135
20241111,64773.00,-362,326918839217,20240130,0,64773
20241112,65126.00,353,330404760787,20240130,0,65126
20241113,66093.00,967,336597800386,20240130,0,66093
20241114,66472.00,379,339119202045,20240130,0,66472
20241115,66649.00,177,340445462990,20240130,0,66649
20241118,63807.00,-2842,326555054251,20240130,0,63807
20241119,64249.00,442,330195540128,20240130,0,64249
20241120,65602.00,1353,338463704880,20240130,0,65602
20241121,65505.00,-97,339158189208,20240130,0,65505
20241122,65238.00,-267,338812202045,20240130,0,65238
20241125,65202.00,-36,339170669188,20240130,0,65202
20241126,64816.00,-386,337527356991,20240130,0,64816
20241127,64986.00,170,339337656275,20240130,0,64986
20241128,63566.00,-1420,332325505619,20240130,0,63566
20241129,63134.00,-432,330330320844,20240130,0,63134
20241202,63416.00,282,331806757620,20240130,0,63416
20241203,64103.00,687,336657312965,20240130,0,64103
20241204,64710.00,607,342930507308,20240130,0,64710
20241205,66405.00,1695,353489382314,20240130,0,66405
20241206,66358.00,-47,353537147575,20240130,0,66358
20241209,67032.00,674,358029409872,20240130,0,67032
20241210,67159.00,127,359297860855,20240130,0,67159
20241211,67127.00,-32,361667516962,20240130,0,67127
20241212,69348.00,2221,374430530485,20240130,0,69348
20241213,69278.00,-70,375020694910,20240130,0,69278
20241216,70651.00,1373,383448245949,20240130,0,70651
20241217,72697.00,2046,395324860553,20240130,0,72697
20241218,71601.00,-1096,391475060058,20240130,0,71601
20241219,69104.00,-2497,379290500607,20240130,0,69104
20241220,70695.00,1591,389709455738,20240130,0,70695
20241223,71006.00,311,393327176353,20240130,0,71006
20241224,72267.00,1261,402424068455,20240130,0,72267
20241225,73277.00,1010,410685807457,20240130,0,73277
20241226,73298.00,21,412263915412,20240130,0,73298
20241227,73566.00,268,413767959836,20240130,0,73566
20241230,72352.00,-1214,422033380450,20240130,0,72352
20250106,71642.00,-710,423369421315,20240130,0,71642
20250107,73167.00,1525,443868795546,20240130,0,73167
20250108,71501.00,-1666,464761962110,20240130,0,71501
20250109,71498.00,-3,472697020498,20240130,0,71498
20250110,71385.00,-113,479671756264,20240130,0,71385
20250114,69117.00,-2268,464431182935,20240130,0,69117
20250115,69088.00,-29,472924649224,20240130,0,69088
20250116,70274.00,1186,485833091115,20240130,0,70274
20250117,69087.00,-1187,480939649432,20240130,0,69087
20250120,70431.00,1344,493553014058,20240130,0,70431
20250121,70438.00,7,496095719036,20240130,0,70438
20250122,70939.00,501,499625372327,20240130,0,70939
20250123,73353.00,2414,521819309439,20240130,0,73353
20250124,73703.00,350,526409895526,20240130,0,73703
20250127,73203.00,-500,525300580780,20240130,0,73203
20250128,70297.00,-2906,507003556196,20240130,0,70297
20250129,72982.00,2685,531251135314,20240130,0,72982
20250130,71821.00,-1161,526145163499,20250130,0,71821
20250131,70885.00,-936,522234671318,20250130,0,70885
20250203,71679.00,794,530257588771,20250130,0,71679
20250204,70935.00,-744,526641619946,20250130,0,70935
20250205,71415.00,480,537886851045,20250130,0,71415
20250206,71060.00,-355,537029634266,20250130,0,71060
20250207,70937.00,-123,538027710825,20250130,0,70937
20250210,70279.00,-658,534182650025,20250130,0,70279
20250212,71843.00,1564,547322130076,20250130,0,71843
20250213,72373.00,530,555187002617,20250130,0,72373
20250214,72644.00,271,559137322435,20250130,0,72644
20250217,72430.00,-214,558376940361,20250130,0,72430
20250218,72314.00,-116,558423990482,20250130,0,72314
20250219,72065.00,-249,556498082793,20250130,0,72065
20250220,71475.00,-590,554536967776,20250130,0,71475
20250221,70149.00,-1326,544999907188,20250130,0,70149
20250225,66917.00,-3232,520681466670,20250130,0,66917
20250226,65298.00,-1619,508749159610,20250130,0,65298
20250227,66463.00,1165,519440591912,20250130,0,66463
20250228,64338.00,-2125,504172654673,20250130,0,64338
20250303,65858.00,1520,518154327338,20250130,0,65858
20250304,63337.00,-2521,499491963421,20250130,0,63337
20250305,63687.00,350,509127931713,20250130,0,63687
20250306,63923.00,236,511739832697,20250130,0,63923
20250307,60803.00,-3120,487405314931,20250130,0,60803
20250310,60630.00,-173,487021614691,20250130,0,60630
20250311,57478.00,-3152,462059036162,20250130,0,57478
20250312,58951.00,1473,477309158783,20250130,0,58951
20250313,60512.00,1561,489359969999,20250130,0,60512
20250314,58865.00,-1647,476806129464,20250130,0,58865
20250317,60969.00,2104,495016421681,20250130,0,60969
20250318,61426.00,457,499528196676,20250130,0,61426
20250319,60260.00,-1166,492016545039,20250130,0,60260
20250321,60735.00,475,497247270657,20250130,0,60735
20250324,61360.00,625,503305983162,20250130,0,61360
20250325,63122.00,1762,518981845249,20250130,0,63122
20250326,63508.00,386,523286330129,20250130,0,63508
20250327,61796.00,-1712,510659423586,20250130,0,61796
20250328,61426.00,-370,508977913837,20250130,0,61426
20250331,58747.00,-2679,487355132074,20250130,0,58747
20250401,58647.00,-100,487237356050,20250130,0,58647
20250402,59416.00,769,493296170626,20250130,0,59416
20250403,59142.00,-274,494128538641,20250130,0,59142
20250404,54549.00,-4593,456877797425,20250130,0,54549
20250407,51365.00,-3184,431789750858,20250130,0,51365
20250408,52768.00,1403,443361005564,20250130,0,52768
20250409,51302.00,-1466,430562479574,20250130,0,51302
20250410,58906.00,7604,498565016280,20250130,0,58906
20250411,54956.00,-3950,466050928242,20250130,0,54956
20250414,55990.00,1034,476900106753,20250130,0,55990
20250415,56197.00,207,479247185389,20250130,0,56197
20250416,56300.00,103,481571400878,20250130,0,56300
20250417,54320.00,-1980,465482553094,20250130,0,54320
20250418,53748.00,-572,461132531739,20250130,0,53748
20250421,53284.00,-464,457713995549,20250130,0,53284
20250422,51912.00,-1372,445927459615,20250130,0,51912
20250423,53772.00,1860,462605622801,20250130,0,53772
20250424,55961.00,2189,481466144776,20250130,0,55961
20250425,58894.00,2933,507149694596,20250130,0,58894
20250428,60124.00,1230,518528596201,20250130,0,60124
20250430,59804.00,-320,516907013190,20250130,0,59804
20250501,59991.00,187,520057193069,20250130,0,59991
20250502,62576.00,2585,543120938250,20250130,0,62576
20250507,61520.00,-1056,536760210651,20250130,0,61520
20250508,61730.00,210,539782370722,20250130,0,61730
20250509,63067.00,1337,554500902305,20250130,0,63067
20250512,62778.00,-289,554205699544,20250130,0,62778
20250513,66419.00,3641,587258494002,20250130,0,66419
20250514,67711.00,1292,600353250301,20250130,0,67711
20250515,67687.00,-24,600665384603,20250130,0,67687
20250516,66909.00,-778,593908759642,20250130,0,66909
20250519,67054.00,145,595794538519,20250130,0,67054
20250520,67310.00,256,598361226554,20250130,0,67310
20250521,66487.00,-823,591123839545,20250130,0,66487
20250522,65570.00,-917,583288312271,20250130,0,65570
20250523,66174.00,604,588771016114,20250130,0,66174
20250526,65106.00,-1068,579113366934,20250130,0,65106
20250527,64935.00,-171,577684837507,20250130,0,64935
20250528,67470.00,2535,600232520596,20250130,0,67470
20250529,68274.00,804,608372495707,20250130,0,68274
20250530,67238.00,-1036,599424593690,20250130,0,67238
20250602,67275.00,37,599522448968,20250130,0,67275
20250603,67642.00,367,602750217038,20250130,0,67642
20250604,68658.00,1016,615025179208,20250130,0,68658
20250605,68247.00,-411,613370643841,20250130,0,68247
20250606,68732.00,485,618157328143,20250130,0,68732
20250609,69720.00,988,627690509538,20250130,0,69720
20250610,69529.00,-191,626421720291,20250130,0,69529
20250611,69718.00,189,630927640915,20250130,0,69718
20250612,69380.00,-338,628324642348,20250130,0,69380
20250613,69190.00,-190,626981037450,20250130,0,69190
20250616,68973.00,-217,626056870312,20250130,0,68973
20250617,70224.00,1251,637518190391,20250130,0,70224
20250618,70204.00,-20,637418660543,20250130,0,70204
20250619,69734.00,-470,633529493588,20250130,0,69734
20250620,69940.00,206,635128383723,20250130,0,69940
20250623,69831.00,-109,634145396565,20250130,0,69831
20250624,70204.00,373,637272443893,20250130,0,70204
20250625,70869.00,665,642481229643,20250130,0,70869
20250626,71411.00,542,647194292246,20250130,0,71411
20250627,72380.00,969,656259241592,20250130,0,72380
20250630,73145.00,765,663169968898,20250130,0,73145
20250701,73028.00,-117,662689483916,20250130,0,73028
20250702,71736.00,-1292,651727368199,20250130,0,71736
20250703,72215.00,479,658435958407,20250130,0,72215
20250704,73888.00,1673,674235651688,20250130,0,73888
20250707,73772.00,-116,674981609392,20250130,0,73772
20250708,74049.00,277,677513328149,20250130,0,74049
20250709,74112.00,63,678523883732,20250130,0,74112
20250710,74469.00,357,683676082282,20250130,0,74469
20250711,73920.00,-549,678999979247,20250130,0,73920
20250714,73822.00,-98,678883360511,20250130,0,73822
20250715,74396.00,574,684381187020,20250130,0,74396
20250716,75468.00,1072,694672893006,20250130,0,75468
20250717,75085.00,-383,691599902983,20250130,0,75085
20250718,75613.00,528,696674898074,20250130,0,75613
20250722,75518.00,-95,696398992197,20250130,0,75518
20250723,74050.00,-1468,683492931010,20250130,0,74050
20250724,74198.00,148,686093011155,20250130,0,74198
20250725,75543.00,1345,699114492462,20250130,0,75543
20250728,75676.00,133,701172763695,20250130,0,75676
20250729,76551.00,875,710008540321,20250130,0,76551
20250730,76138.00,-413,707497049687,20250130,0,76138
20250731,76889.00,751,714845254685,20250130,0,76889
20250801,77766.00,877,723644229174,20250130,0,77766
20250804,74140.00,-3626,690718904393,20250130,0,74140
20250805,75234.00,1094,704168488427,20250130,0,75234
20250806,74684.00,-550,701571927089,20250130,0,74684
20250807,76145.00,1461,717425698737,20250130,0,76145
20250808,75540.00,-605,712528830160,20250130,0,75540
20250812,76780.00,1240,726286558612,20250130,0,76780
20250813,77473.00,693,735676572460,20250130,0,77473
20250814,76526.00,-947,729522446811,20250130,0,76526
20250815,77355.00,829,738184574857,20250130,0,77355
20250818,77251.00,-104,737951775644,20250130,0,77251
20250819,77455.00,204,741650321307,20250130,0,77455
20250820,75932.00,-1523,728409784736,20250130,0,75932
20250821,75230.00,-702,722245034146,20250130,0,75230
20250822,75288.00,58,723800858511,20250130,0,75288
20250825,75956.00,668,731231395711,20250130,0,75956
20250826,75895.00,-61,731444402571,20250130,0,75895
20250827,76243.00,348,737178939678,20250130,0,76243
20250828,76524.00,281,740663749585,20250130,0,76524
20250829,77446.00,922,750460228049,20250130,0,77446
20250901,76312.00,-1134,740484212798,20250130,0,76312
20250902,76341.00,29,741638013793,20250130,0,76341
20250903,76452.00,111,742711429354,20250130,0,76452
20250904,77439.00,987,758326043621,20250130,0,77439
20250905,78336.00,897,769152135070,20250130,0,78336
20250908,78982.00,646,776310457163,20250130,0,78982
20250909,79171.00,189,779661680718,20250130,0,79171
20250910,79434.00,263,787323407035,20250130,0,79434
20250911,79908.00,474,793209001394,20250130,0,79908
20250912,79597.00,-311,791805438602,20250130,0,79597
20250916,81193.00,1596,809478739319,20250130,0,81193
20250917,80450.00,-743,804551294050,20250130,0,80450
20250918,80228.00,-222,805716725355,20250130,0,80228
20250919,81845.00,1617,823605579660,20250130,0,81845
20250922,82694.00,849,834636200296,20250130,0,82694
20250924,81186.00,-1508,821326807572,20250130,0,81186
20250925,81275.00,89,825556114054,20250130,0,81275
20250926,81498.00,223,831778849017,20250130,0,81498
20250929,81530.00,32,834774557772,20250130,0,81530
20250930,81522.00,-8,836633603180,20250130,0,81522
20251001,81059.00,-463,834718307325,20250130,0,81059
20251002,80524.00,-535,830789543217,20250130,0,80524
20251003,80877.00,353,839388445691,20250130,0,80877
20251006,81725.00,848,850882545675,20250130,0,81725
20251007,82521.00,796,862245880732,20250130,0,82521
20251008,83191.00,670,872856049365,20250130,0,83191
20251009,84765.00,1574,892611370172,20250130,0,84765
20251010,85212.00,447,901549961796,20250130,0,85212
20251014,84171.00,-1041,892870370785,20250130,0,84171
20251015,82355.00,-1816,875866435613,20250130,0,82355
20251016,82153.00,-202,878168088160,20250130,0,82153
20251017,81508.00,-645,873918166146,20250130,0,81508
20251020,82391.00,883,885520321215,20250130,0,82391
20251021,83632.00,1241,900309859658,20250130,0,83632
20251022,84314.00,682,909818525578,20250130,0,84314
20251023,83342.00,-972,900755754524,20250130,0,83342
20251024,84390.00,1048,913394749709,20250130,0,84390
20251027,85430.00,1040,925899563752,20250130,0,85430
20251028,86702.00,1272,941257955433,20250130,0,86702
20251029,87377.00,675,952029390581,20250130,0,87377
20251030,88694.00,1317,968252468614,20250130,0,88694
20251031,87849.00,-845,961494687954,20250130,0,87849
20251104,88668.00,819,972665693259,20250130,0,88668
20251105,86378.00,-2290,949795988042,20250130,0,86378
20251106,86901.00,523,965582464439,20250130,0,86901
20251107,85191.00,-1710,948048184505,20250130,0,85191
20251110,85465.00,274,953399644499,20250130,0,85465
20251111,87770.00,2305,982628850049,20250130,0,87770
20251112,87581.00,-189,986587502257,20250130,0,87581
20251113,87528.00,-53,987655122137,20250130,0,87528
20251114,85545.00,-1983,967312419408,20250130,0,85545
20251117,85518.00,-27,967565651770,20250130,0,85518
20251118,85282.00,-236,965390163066,20250130,0,85282
20251119,84197.00,-1085,955219865043,20250130,0,84197
20251120,85722.00,1525,972406558986,20250130,0,85722
20251121,83981.00,-1741,952714338274,20250130,0,83981
20251125,86710.00,2729,985983458557,20250130,0,86710
20251126,87017.00,307,989919624414,20250130,0,87017
20251127,86891.00,-126,990387048020,20250130,0,86891
20251128,87290.00,399,995835714725,20250130,0,87290
20251201,87626.00,336,999666703841,20250130,0,87626
20251202,87186.00,-440,996357576283,20250130,0,87186
20251203,87786.00,600,1008321601217,20250130,0,87786
20251204,86915.00,-871,999700905829,20250130,0,86915
20251205,86783.00,-132,1000042780155,20250130,0,86783
20251208,87173.00,390,1005368497390,20250130,0,87173
20251209,87531.00,358,1011063089177,20250130,0,87531
20251210,88204.00,673,1025632778014,20250130,0,88204
20251211,87483.00,-721,1018558138886,20250130,0,87483
20251212,87031.00,-452,1014804287299,20250130,0,87031
20251215,85153.00,-1878,993631841447,20250130,0,85153
20251216,82588.00,-2565,965990703516,20250130,0,82588
20251217,82771.00,183,969618675880,20250130,0,82771
20251218,81658.00,-1113,956585944754,20250130,0,81658
20251219,82684.00,1026,970518258652,20250130,0,82684
20251222,84617.00,1933,998266326345,20250130,0,84617
20251223,84266.00,-351,995598542180,20250130,0,84266
20251224,84772.00,506,1003986369161,20250130,0,84772
20251225,84683.00,-89,1003374135890,20250130,0,84683
20251226,85002.00,319,1006887614749,20250130,0,85002
20251229,84925.00,-77,1005977796257,20250130,0,84925
20251230,84389.00,-536,1004709192219,20250130,0,84389
20260105,82752.00,-1637,987749940089,20250130,0,82752
20260106,82953.00,201,991483231399,20250130,0,82953
20260107,83320.00,367,1014803507241,20250130,0,83320
20260108,84064.00,744,1027363355768,20250130,0,84064
20260109,83353.00,-711,1023004339556,20250130,0,83353
20260113,84666.00,1313,1044517744319,20250130,0,84666
20260114,85099.00,433,1052040801218,20250130,0,85099
20260115,83273.00,-1826,1032774261797,20250130,0,83273
20260116,83376.00,103,1033392371420,20250130,0,83376
20260119,82531.00,-845,1023814478928,20250130,0,82531
20260120,82864.00,333,1028831737591,20250130,0,82864
20260121,80557.00,-2307,1000189841608,20250130,0,80557
20260122,80613.00,56,1001767232137,20250130,0,80613
20260123,81540.00,927,1013217292209,20250130,0,81540
20260126,80446.00,-1094,999594092261,20250130,0,80446
20260127,80948.00,502,1006106486173,20250130,0,80948
20260128,80832.00,-116,1004851660174,20250130,0,80832
20260129,80653.00,-179,1003308647152,20250130,0,80653
20260130,80230.00,-423,998409818595,20260130,0,80230
20260202,80371.00,141,999438349857,20260130,0,80371
20260203,80572.00,201,1000615043249,20260130,0,80572
20260204,79547.00,-1025,991298822033,20260130,0,79547
20260205,77995.00,-1552,973251122960,20260130,0,77995
20260206,76106.00,-1889,949578392333,20260130,0,76106
20260209,77479.00,1373,966030696102,20260130,0,77479
20260210,78351.00,872,975410548741,20260130,0,78351
20260212,75787.00,-2564,950564854556,20260130,0,75787
20260213,73603.00,-2184,924454431418,20260130,0,73603
20260216,73396.00,-207,923354806099,20260130,0,73396
20260217,73515.00,119,924787348298,20260130,0,73515
20260218,73710.00,195,927247799374,20260130,0,73710
20260219,75113.00,1403,946058634194,20260130,0,75113
20260220,75188.00,75,947667163240,20260130,0,75188
20260224,73697.00,-1491,929577074590,20260130,0,73697
20260225,74576.00,879,941641375906,20260130,0,74576
20260226,76467.00,1891,966474926750,20260130,0,76467
20260227,75844.00,-623,959090605313,20260130,0,75844
20260302,76344.00,500,966298181757,20260130,0,76344
20260303,77692.00,1348,984048599336,20260130,0,77692
20260304,77817.00,125,989951927303,20260130,0,77817
20260305,78578.00,761,1000734131733,20260130,0,78578
20260306,79694.00,1116,1014638431275,20260130,0,79694
20260309,79654.00,-40,1015283722752,20260130,0,79654
20260310,80116.00,462,1021879794830,20260130,0,80116
20260311,80162.00,46,1028502818770,20260130,0,80162
20260312,80553.00,391,1034245873750,20260130,0,80553
20260313,79710.00,-843,1023844263326,20260130,0,79710
20260316,78574.00,-1136,1010913240246,20260130,0,78574
20260317,79097.00,523,1017776595402,20260130,0,79097
20260318,79302.00,205,1020853797007,20260130,0,79302
20260319,78757.00,-545,1014176070547,20260130,0,78757
20260323,76365.00,-2392,983636378324,20260130,0,76365
20260324,77110.00,745,993409646178,20260130,0,77110
20260325,75664.00,-1446,975255528943,20260130,0,75664
20260326,76335.00,671,984374958267,20260130,0,76335
20260327,73949.00,-2386,954662525030,20260130,0,73949
20260330,72481.00,-1468,936345658147,20260130,0,72481
20260331,71364.00,-1117,922524408188,20260130,0,71364
20260401,74233.00,2869,960230726363,20260130,0,74233
20260402,75257.00,1024,973944282004,20260130,0,75257
20260403,76109.00,852,989551195093,20260130,0,76109
20260406,76140.00,31,991773717666,20260130,0,76140
20260407,76661.00,521,998556937985,20260130,0,76661
20260408,76707.00,46,1002368963418,20260130,0,76707
20260409,78755.00,2048,1032764576684,20260130,0,78755
20260410,79796.00,1041,1050435718308,20260130,0,79796
20260413,80760.00,964,1064832074609,20260130,0,80760
20260414,81455.00,695,1075044612163,20260130,0,81455
20260415,83874.00,2419,1109377046112,20260130,0,83874
20260416,85413.00,1539,1130096386606,20260130,0,85413
20260417,85982.00,569,1138854395150,20260130,0,85982
20260420,85971.00,-11,1139423480939,20260130,0,85971
20260421,85046.00,-925,1127396802472,20260130,0,85046
20260422,84762.00,-284,1124471780944,20260130,0,84762
20260423,87369.00,2607,1159035982167,20260130,0,87369
20260424,86171.00,-1198,1143290136422,20260130,0,86171
20260427,87543.00,1372,1161745848891,20260130,0,87543
20260428,88151.00,608,1170054215212,20260130,0,88151
20260430,87680.00,-471,1164409108003,20260130,0,87680
20260501,85882.00,-1798,1140908787886,20260130,0,85882
20260507,89123.00,3241,1184353839875,20260130,0,89123
20260508,89214.00,91,1189807293845,20260130,0,89214
20260511,91530.00,2316,1225642845537,20260130,0,91530
20260512,91867.00,337,1233182690500,20260130,0,91867
20260513,91444.00,-423,1227961306006,20260130,0,91444
20260514,92759.00,1315,1246984626933,20260130,0,92759
20260515,93756.00,997,1260453969542,20260130,0,93756
20260518,92374.00,-1382,1241908483224,20260130,0,92374
20260519,91657.00,-717,1233338275882,20260130,0,91657
20260520,90974.00,-683,1224562190554,20260130,0,90974
20260521,92225.00,1251,1241796748907,20260130,0,92225
20260522,92919.00,694,1251863277348,20260130,0,92919
20260525,92232.00,-687,1243187826209,20260130,0,92232
20260526,92294.00,62,1244343652882,20260130,0,92294
20260527,95092.00,2798,1282070053384,20260130,0,95092
20260528,96049.00,957,1294791287108,20260130,0,96049
20260529,96920.00,871,1306409195184,20260130,0,96920
20260601,98824.00,1904,1332371370842,20260130,0,98824
20260602,100373.00,1549,1354119293476,20260130,0,100373
20260603,100136.00,-237,1355386740895,20260130,0,100136
20260604,98895.00,-1241,1339998075044,20260130,0,98895
20260605,96733.00,-2162,1312064035054,20260130,0,96733
20260608,91803.00,-4930,1245442451860,20260130,0,91803
20260609,93193.00,1390,1265235586602,20260130,0,93193
20260610,92032.00,-1161,1255234496324,20260130,0,92032
20260611,89787.00,-2245,1226421333318,20260130,0,89787
20260612,91955.00,2168,1257375201724,20260130,0,91955
20260615,91178.00,-777,1247253276604,20260130,0,91178
20260616,95344.00,4166,1307381954971,20260130,0,95344
20260617,93486.00,-1858,1283340077971,20260130,0,93486
20260618,92681.00,-805,1272537141568,20260130,0,92681
20260619,95656.00,2975,1314134604135,20260130,0,95656
20260622,95905.00,249,1317580483613,20260130,0,95905
20260623,93405.00,-2500,1283232095773,20260130,0,93405
20260624,91111.00,-2294,1250590962362,20260130,0,91111
20260625,90475.00,-636,1240729847256,20260130,0,90475
20260626,89761.00,-714,1230908956622,20260130,0,89761
20260629,90186.00,425,1237533058979,20260130,0,90186
20260630,91888.00,1702,1260308907163,20260130,0,91888
20260701,92691.00,803,1271646625919,20260130,0,92691
20260702,93722.00,1031,1285888250964,20260130,0,93722
20260703,92864.00,-858,1277132409692,20260130,0,92864
20260706,93039.00,175,1280292047432,20260130,0,93039
20260707,94387.00,1348,1298838028644,20260130,0,94387
20260708,94568.00,181,1302660942094,20260130,0,94568
20260709,94813.00,245,1308729336356,20260130,0,94813
20260710,95596.00,783,1322297279604,20260130,0,95596
20260713,95905.00,309,1327259375222,20260130,0,95905
20260714,95179.00,-726,1317771781921,20260130,0,95179
20260715,96252.00,1073,1334618160874,20260130,0,96252
20260716,97340.00,1088,1349741313168,20260130,0,97340
20260717,95884.00,-1456,1330343558736,20260130,0,95884
20260721,94556.00,-1328,1312094255291,20260130,0,94556
20260722,95920.00,1364,1330902045860,20260130,0,95920
20260723,94864.00,-1056,1316788235100,20260130,0,94864
20260724,93562.00,-1302,1298915960613,20260130,0,93562
20260727,92689.00,-873,1286933877854,20260130,0,92689
20260728,93227.00,538,1294741232744,20260130,0,93227
20260729,92422.00,-805,1284469254734,20260130,0,92422
20260730,90759.00,-1663,1261527984511,20260130,0,90759
20260731,91805.00,1046,1275756728597,20260130,0,91805
20260803,90492.00,-1313,1257261185764,20260130,0,90492
20260804,94037.00,3545,1307163165200,20260130,0,94037
20260805,98254.00,4217,1371164759939,20260130,0,98254
20260806,97877.00,-377,1366990835575,20260130,0,97877
20260807,98332.00,455,1373973857198,20260130,0,98332
20260810,99524.00,1192,1390350985572,20260130,0,99524
20260812,99640.00,116,1394801178762,20260130,0,99640
20260813,99084.00,-556,1391245774523,20260130,0,99084
20260814,101036.00,1952,1420676343591,20260130,0,101036
20260817,99867.00,-1169,1404279356813,20260130,0,99867
20260818,99265.00,-602,1396086376767,20260130,0,99265
20260819,97888.00,-1377,1377940012623,20260130,0,97888
20260820,97884.00,-4,1377859380245,20260130,0,97884
20260821,97970.00,86,1379267691194,20260130,0,97970
20260824,98161.00,191,1382807919939,20260130,0,98161
20260825,97668.00,-493,1376194851423,20260130,0,97668
20260826,98212.00,544,1384308024726,20260130,0,98212
20260827,98519.00,307,1389297102196,20260130,0,98519
20260828,100206.00,1687,1413613641709,20260130,0,100206
20260831,101309.00,1103,1429567080733,20260130,0,101309
20260901,100727.00,-582,1421977244427,20260130,0,100727
20260902,100057.00,-670,1412615162616,20260130,0,100057
20260903,99198.00,-859,1403786881921,20260130,0,99198
20260904,99147.00,-51,1404005288153,20260130,0,99147
20260907,98318.00,-829,1393011737981,20260130,0,98318
20260908,96924.00,-1394,1373856734881,20260130,0,96924
20260909,96011.00,-913,1360922533705,20260130,0,96011
20260910,96107.00,96,1369125627189,20260130,0,96107
20260911,95930.00,-177,1367668984758,20260130,0,95930
